Workbook

Sheet Unfiltered Data
A1: Verse Ref | B1: Phys Loc 1 | C1: Phys Loc 2 | D1: Autograph | E1: Apograph | F1: Exclusion Grounds | G1: Corrector Followed | H1: Apograph Corrected | I1: Detail | J1: Basic Type | K1: Phrase Length | L1: Words Length | M1: Letters Length | N1: Speech Part Add/Omitted | O1: Visual Cues | P1: Cue Regions | Q1: Cue Length | R1: Duplicate Material | S1: AO Word Frequency | T1: SUB Frequency Difference | U1: SUB_Aut_Freq | V1: SUB_Apog_Freq | W1: Harmonization - Context | X1: Parallel Present | Y1: Harmonization - Parallel | Z1: Singularity | AA1: Secondary | AB1: Minutiae | AC1: Orthographic - General | AD1: Mere Minutiae | AE1: Nonsense | AF1: Review | AG1: TR_Reading
A2: Matt.1.1 | D2: [lac] | E2: βιβλος | F2: Other | I2: Matt 1:1 - 1:19 are entirely missing in Bezae today | U2: =IF(ISNUMBER(T2),VALUE(MID(_xlfn.FORMULATEXT(T2),SEARCH("-",_xlfn.FORMULATEXT(T2))+1,LEN(_xlfn.FORMULATEXT(T2))-SEARCH("-",_xlfn.FORMULATEXT(T2)))), "") | V2: =IF(ISNUMBER(T2), VALUE(MID(_xlfn.FORMULATEXT(T2), 2, SEARCH("-", _xlfn.FORMULATEXT(T2)) - 2)), "") | AF2: Yes
A3: Matt.1.2 | D3: [lac] | E3: αβρααμ | F3: Other | U3: =IF(ISNUMBER(T3),VALUE(MID(_xlfn.FORMULATEXT(T3),SEARCH("-",_xlfn.FORMULATEXT(T3))+1,LEN(_xlfn.FORMULATEXT(T3))-SEARCH("-",_xlfn.FORMULATEXT(T3)))), "") | V3: =IF(ISNUMBER(T3), VALUE(MID(_xlfn.FORMULATEXT(T3), 2, SEARCH("-", _xlfn.FORMULATEXT(T3)) - 2)), "")
A4: Matt.1.3 | D4: [lac] | E4: ιουδας | F4: Other | U4: =IF(ISNUMBER(T4),VALUE(MID(_xlfn.FORMULATEXT(T4),SEARCH("-",_xlfn.FORMULATEXT(T4))+1,LEN(_xlfn.FORMULATEXT(T4))-SEARCH("-",_xlfn.FORMULATEXT(T4)))), "") | V4: =IF(ISNUMBER(T4), VALUE(MID(_xlfn.FORMULATEXT(T4), 2, SEARCH("-", _xlfn.FORMULATEXT(T4)) - 2)), "")
A5: Matt.1.4 | D5: [lac] | E5: αραμ | F5: Other | U5: =IF(ISNUMBER(T5),VALUE(MID(_xlfn.FORMULATEXT(T5),SEARCH("-",_xlfn.FORMULATEXT(T5))+1,LEN(_xlfn.FORMULATEXT(T5))-SEARCH("-",_xlfn.FORMULATEXT(T5)))), "") | V5: =IF(ISNUMBER(T5), VALUE(MID(_xlfn.FORMULATEXT(T5), 2, SEARCH("-", _xlfn.FORMULATEXT(T5)) - 2)), "")
A6: Matt.1.5 | D6: [lac] | E6: σαλμων | F6: Other | U6: =IF(ISNUMBER(T6),VALUE(MID(_xlfn.FORMULATEXT(T6),SEARCH("-",_xlfn.FORMULATEXT(T6))+1,LEN(_xlfn.FORMULATEXT(T6))-SEARCH("-",_xlfn.FORMULATEXT(T6)))), "") | V6: =IF(ISNUMBER(T6), VALUE(MID(_xlfn.FORMULATEXT(T6), 2, SEARCH("-", _xlfn.FORMULATEXT(T6)) - 2)), "")
A7: Matt.1.6 | D7: [lac] | E7: ιεσσαι | F7: Other | U7: =IF(ISNUMBER(T7),VALUE(MID(_xlfn.FORMULATEXT(T7),SEARCH("-",_xlfn.FORMULATEXT(T7))+1,LEN(_xlfn.FORMULATEXT(T7))-SEARCH("-",_xlfn.FORMULATEXT(T7)))), "") | V7: =IF(ISNUMBER(T7), VALUE(MID(_xlfn.FORMULATEXT(T7), 2, SEARCH("-", _xlfn.FORMULATEXT(T7)) - 2)), "")
A8: Matt.1.7 | D8: [lac] | E8: σολομων | F8: Other | U8: =IF(ISNUMBER(T8),VALUE(MID(_xlfn.FORMULATEXT(T8),SEARCH("-",_xlfn.FORMULATEXT(T8))+1,LEN(_xlfn.FORMULATEXT(T8))-SEARCH("-",_xlfn.FORMULATEXT(T8)))), "") | V8: =IF(ISNUMBER(T8), VALUE(MID(_xlfn.FORMULATEXT(T8), 2, SEARCH("-", _xlfn.FORMULATEXT(T8)) - 2)), "")
A9: Matt.1.8 | D9: [lac] | E9: ασα | F9: Other | U9: =IF(ISNUMBER(T9),VALUE(MID(_xlfn.FORMULATEXT(T9),SEARCH("-",_xlfn.FORMULATEXT(T9))+1,LEN(_xlfn.FORMULATEXT(T9))-SEARCH("-",_xlfn.FORMULATEXT(T9)))), "") | V9: =IF(ISNUMBER(T9), VALUE(MID(_xlfn.FORMULATEXT(T9), 2, SEARCH("-", _xlfn.FORMULATEXT(T9)) - 2)), "")
A10: Matt.1.9 | D10: [lac] | E10: οζιας | F10: Other | U10: =IF(ISNUMBER(T10),VALUE(MID(_xlfn.FORMULATEXT(T10),SEARCH("-",_xlfn.FORMULATEXT(T10))+1,LEN(_xlfn.FORMULATEXT(T10))-SEARCH("-",_xlfn.FORMULATEXT(T10)))), "") | V10: =IF(ISNUMBER(T10), VALUE(MID(_xlfn.FORMULATEXT(T10), 2, SEARCH("-", _xlfn.FORMULATEXT(T10)) - 2)), "")
A11: Matt.1.10 | D11: [lac] | E11: εζεκιας | F11: Other | U11: =IF(ISNUMBER(T11),VALUE(MID(_xlfn.FORMULATEXT(T11),SEARCH("-",_xlfn.FORMULATEXT(T11))+1,LEN(_xlfn.FORMULATEXT(T11))-SEARCH("-",_xlfn.FORMULATEXT(T11)))), "") | V11: =IF(ISNUMBER(T11), VALUE(MID(_xlfn.FORMULATEXT(T11), 2, SEARCH("-", _xlfn.FORMULATEXT(T11)) - 2)), "")
A12: Matt.1.11 | D12: [lac] | E12: ιωσιας | F12: Other | U12: =IF(ISNUMBER(T12),VALUE(MID(_xlfn.FORMULATEXT(T12),SEARCH("-",_xlfn.FORMULATEXT(T12))+1,LEN(_xlfn.FORMULATEXT(T12))-SEARCH("-",_xlfn.FORMULATEXT(T12)))), "") | V12: =IF(ISNUMBER(T12), VALUE(MID(_xlfn.FORMULATEXT(T12), 2, SEARCH("-", _xlfn.FORMULATEXT(T12)) - 2)), "")
A13: Matt.1.12 | D13: [lac] | E13: μετα | F13: Other | U13: =IF(ISNUMBER(T13),VALUE(MID(_xlfn.FORMULATEXT(T13),SEARCH("-",_xlfn.FORMULATEXT(T13))+1,LEN(_xlfn.FORMULATEXT(T13))-SEARCH("-",_xlfn.FORMULATEXT(T13)))), "") | V13: =IF(ISNUMBER(T13), VALUE(MID(_xlfn.FORMULATEXT(T13), 2, SEARCH("-", _xlfn.FORMULATEXT(T13)) - 2)), "")
A14: Matt.1.13 | D14: [lac] | E14: ζοροβαβελ | F14: Other | U14: =IF(ISNUMBER(T14),VALUE(MID(_xlfn.FORMULATEXT(T14),SEARCH("-",_xlfn.FORMULATEXT(T14))+1,LEN(_xlfn.FORMULATEXT(T14))-SEARCH("-",_xlfn.FORMULATEXT(T14)))), "") | V14: =IF(ISNUMBER(T14), VALUE(MID(_xlfn.FORMULATEXT(T14), 2, SEARCH("-", _xlfn.FORMULATEXT(T14)) - 2)), "")
... A20: Matt.1.19 | D20: [lac] | E20: ιωσηφ | F20: Other | U20: =IF(ISNUMBER(T20),VALUE(MID(_xlfn.FORMULATEXT(T20),SEARCH("-",_xlfn.FORMULATEXT(T20))+1,LEN(_xlfn.FORMULATEXT(T20))-SEARCH("-",_xlfn.FORMULATEXT(T20)))), "") | V20: =IF(ISNUMBER(T20), VALUE(MID(_xlfn.FORMULATEXT(T20), 2, SEARCH("-", _xlfn.FORMULATEXT(T20)) - 2)), "")
A21: Matt.1.23 | D21: τεξετε υιον | E21: τεξεται υιον | J21: Substitution - Form | U21: =IF(ISNUMBER(T21),VALUE(MID(_xlfn.FORMULATEXT(T21),SEARCH("-",_xlfn.FORMULATEXT(T21))+1,LEN(_xlfn.FORMULATEXT(T21))-SEARCH("-",_xlfn.FORMULATEXT(T21)))), "") | V21: =IF(ISNUMBER(T21), VALUE(MID(_xlfn.FORMULATEXT(T21), 2, SEARCH("-", _xlfn.FORMULATEXT(T21)) - 2)), "") | AC21: ε-αι | AD21: Yes
A22: Matt.1.23 | D22: ενμανουηλ | E22: ενμαννουηλ | J22: Substitution - Word | T22: NA | U22: =IF(ISNUMBER(T22),VALUE(MID(_xlfn.FORMULATEXT(T22),SEARCH("-",_xlfn.FORMULATEXT(T22))+1,LEN(_xlfn.FORMULATEXT(T22))-SEARCH("-",_xlfn.FORMULATEXT(T22)))), "") | V22: =IF(ISNUMBER(T22), VALUE(MID(_xlfn.FORMULATEXT(T22), 2, SEARCH("-", _xlfn.FORMULATEXT(T22)) - 2)), "") | AB22: Name Spelling | AC22: SimGem | AD22: Yes
A23: Matt.1.25 | D23: υιον αυτης τον πρωτοτοκον | E23: υιον αυτης τον πρωτοτοκον | G23: No | U23: =IF(ISNUMBER(T23),VALUE(MID(_xlfn.FORMULATEXT(T23),SEARCH("-",_xlfn.FORMULATEXT(T23))+1,LEN(_xlfn.FORMULATEXT(T23))-SEARCH("-",_xlfn.FORMULATEXT(T23)))), "") | V23: =IF(ISNUMBER(T23), VALUE(MID(_xlfn.FORMULATEXT(T23), 2, SEARCH("-", _xlfn.FORMULATEXT(T23)) - 2)), "")
A24: Matt.1.25 | D24: εκαλεσεν το ονομα | E24: ελαλησεν το ονομα | I24: autograph matches pattern in 1:21,23 (και καλεσεις το ονομα αυτου); apograph disharmonizes | J24: Substitution - Word | T24: =196-93 -> 103 | U24: =IF(ISNUMBER(T24),VALUE(MID(_xlfn.FORMULATEXT(T24),SEARCH("-",_xlfn.FORMULATEXT(T24))+1,LEN(_xlfn.FORMULATEXT(T24))-SEARCH("-",_xlfn.FORMULATEXT(T24)))), "") -> 93 | V24: =IF(ISNUMBER(T24), VALUE(MID(_xlfn.FORMULATEXT(T24), 2, SEARCH("-", _xlfn.FORMULATEXT(T24)) - 2)), "") -> 196 | W24: Disharmonizing | AG24: No
A25: Matt.2.3 | D25: εταραχθη κα ιεροσολυμα | E25: εταραχθη και ιεροσολυμα | G25: Yes | I25: freq = και - αν (he came) | J25: Substitution - Both | T25: =5676-0 -> 5676 | U25: =IF(ISNUMBER(T25),VALUE(MID(_xlfn.FORMULATEXT(T25),SEARCH("-",_xlfn.FORMULATEXT(T25))+1,LEN(_xlfn.FORMULATEXT(T25))-SEARCH("-",_xlfn.FORMULATEXT(T25)))), "") -> 0 | V25: =IF(ISNUMBER(T25), VALUE(MID(_xlfn.FORMULATEXT(T25), 2, SEARCH("-", _xlfn.FORMULATEXT(T25)) - 2)), "") -> 5676 | AE25: Removed - contextual
A26: Matt.2.6 | D26: ιουδα εξ ου γαρ | E26: ιουδα εκ ου γαρ | F26: Autograph unclear | G26: Yes | J26: Substitution - Form | U26: =IF(ISNUMBER(T26),VALUE(MID(_xlfn.FORMULATEXT(T26),SEARCH("-",_xlfn.FORMULATEXT(T26))+1,LEN(_xlfn.FORMULATEXT(T26))-SEARCH("-",_xlfn.FORMULATEXT(T26)))), "") | V26: =IF(ISNUMBER(T26), VALUE(MID(_xlfn.FORMULATEXT(T26), 2, SEARCH("-", _xlfn.FORMULATEXT(T26)) - 2)), "") | AB26: AltForm | AD26: Yes
A27: Matt.2.8 | D27: πορευθεντες εξετασαται ακρειβως περι | E27: πορευθεντες ακριβως εξετασαται περι | I27: 1.0.1 transposition | J27: Transposition | U27: =IF(ISNUMBER(T27),VALUE(MID(_xlfn.FORMULATEXT(T27),SEARCH("-",_xlfn.FORMULATEXT(T27))+1,LEN(_xlfn.FORMULATEXT(T27))-SEARCH("-",_xlfn.FORMULATEXT(T27)))), "") | V27: =IF(ISNUMBER(T27), VALUE(MID(_xlfn.FORMULATEXT(T27), 2, SEARCH("-", _xlfn.FORMULATEXT(T27)) - 2)), "") | AG27: Yes
A28: Matt.2.8 | D28: πορευθεντες εξετασαται ακρειβως περι | E28: πορευθεντες ακριβως εξετασαται περι | J28: Substitution - Word | T28: NA | U28: =IF(ISNUMBER(T28),VALUE(MID(_xlfn.FORMULATEXT(T28),SEARCH("-",_xlfn.FORMULATEXT(T28))+1,LEN(_xlfn.FORMULATEXT(T28))-SEARCH("-",_xlfn.FORMULATEXT(T28)))), "") | V28: =IF(ISNUMBER(T28), VALUE(MID(_xlfn.FORMULATEXT(T28), 2, SEARCH("-", _xlfn.FORMULATEXT(T28)) - 2)), "") | AC28: ει-ι | AD28: Yes | AE28: Removed - strict
A29: Matt.2.8 | D29: ευρητε επαγγειλαται | E29: ευρητε απαγγειλαται | G29: Yes | J29: Substitution - Word | T29: =40-2 -> 38 | U29: =IF(ISNUMBER(T29),VALUE(MID(_xlfn.FORMULATEXT(T29),SEARCH("-",_xlfn.FORMULATEXT(T29))+1,LEN(_xlfn.FORMULATEXT(T29))-SEARCH("-",_xlfn.FORMULATEXT(T29)))), "") -> 2 | V29: =IF(ISNUMBER(T29), VALUE(MID(_xlfn.FORMULATEXT(T29), 2, SEARCH("-", _xlfn.FORMULATEXT(T29)) - 2)), "") -> 40
A30: Matt.2.9 | D30: οι δε ακουσαν του βασιλεως | E30: οι δε ακουσαντες του βασιλεως | G30: Yes | J30: Substitution - Form | U30: =IF(ISNUMBER(T30),VALUE(MID(_xlfn.FORMULATEXT(T30),SEARCH("-",_xlfn.FORMULATEXT(T30))+1,LEN(_xlfn.FORMULATEXT(T30))-SEARCH("-",_xlfn.FORMULATEXT(T30)))), "") | V30: =IF(ISNUMBER(T30), VALUE(MID(_xlfn.FORMULATEXT(T30), 2, SEARCH("-", _xlfn.FORMULATEXT(T30)) - 2)), "")
A31: Matt.2.11 | D31: οικειαν | E31: οικιαν | J31: Substitution - Word | T31: =84-0 -> 84 | U31: =IF(ISNUMBER(T31),VALUE(MID(_xlfn.FORMULATEXT(T31),SEARCH("-",_xlfn.FORMULATEXT(T31))+1,LEN(_xlfn.FORMULATEXT(T31))-SEARCH("-",_xlfn.FORMULATEXT(T31)))), "") -> 0 | V31: =IF(ISNUMBER(T31), VALUE(MID(_xlfn.FORMULATEXT(T31), 2, SEARCH("-", _xlfn.FORMULATEXT(T31)) - 2)), "") -> 84 | AC31: ει-ι | AD31: Yes
A32: Matt.2.11 | D32: ζμυρναν | E32: σμυρναν | J32: Substitution - Form | U32: =IF(ISNUMBER(T32),VALUE(MID(_xlfn.FORMULATEXT(T32),SEARCH("-",_xlfn.FORMULATEXT(T32))+1,LEN(_xlfn.FORMULATEXT(T32))-SEARCH("-",_xlfn.FORMULATEXT(T32)))), "") | V32: =IF(ISNUMBER(T32), VALUE(MID(_xlfn.FORMULATEXT(T32), 2, SEARCH("-", _xlfn.FORMULATEXT(T32)) - 2)), "") | AG32: Yes
A33: Matt.2.13 | D33: ειδου | E33: ιδου | J33: Substitution - Form | U33: =IF(ISNUMBER(T33),VALUE(MID(_xlfn.FORMULATEXT(T33),SEARCH("-",_xlfn.FORMULATEXT(T33))+1,LEN(_xlfn.FORMULATEXT(T33))-SEARCH("-",_xlfn.FORMULATEXT(T33)))), "") | V33: =IF(ISNUMBER(T33), VALUE(MID(_xlfn.FORMULATEXT(T33), 2, SEARCH("-", _xlfn.FORMULATEXT(T33)) - 2)), "") | AC33: ει-ι | AD33: Yes
A34: Matt.2.13 | D34: παραλαβε τον παιδα | E34: παρελαβε τον παιδα | J34: Substitution - Form | U34: =IF(ISNUMBER(T34),VALUE(MID(_xlfn.FORMULATEXT(T34),SEARCH("-",_xlfn.FORMULATEXT(T34))+1,LEN(_xlfn.FORMULATEXT(T34))-SEARCH("-",_xlfn.FORMULATEXT(T34)))), "") | V34: =IF(ISNUMBER(T34), VALUE(MID(_xlfn.FORMULATEXT(T34), 2, SEARCH("-", _xlfn.FORMULATEXT(T34)) - 2)), "") | AG34: No
A35: Matt.2.14 | D35: ο δε διεγερθεις | E35: ο δε εγερθεις | I35: apograph matches verb in 2:13,20 (εγερθεις παραλαβε τον παιδα); apograph harmonizes | J35: Substitution - Word | T35: =99-4 -> 95 | U35: =IF(ISNUMBER(T35),VALUE(MID(_xlfn.FORMULATEXT(T35),SEARCH("-",_xlfn.FORMULATEXT(T35))+1,LEN(_xlfn.FORMULATEXT(T35))-SEARCH("-",_xlfn.FORMULATEXT(T35)))), "") -> 4 | V35: =IF(ISNUMBER(T35), VALUE(MID(_xlfn.FORMULATEXT(T35), 2, SEARCH("-", _xlfn.FORMULATEXT(T35)) - 2)), "") -> 99 | W35: Harmonizing | AG35: Yes
A36: Matt.2.16 | D36: βεθλεαιμ | E36: βηθλεεμ | G36: Yes | J36: Substitution - Word | T36: ΝΑ | U36: =IF(ISNUMBER(T36),VALUE(MID(_xlfn.FORMULATEXT(T36),SEARCH("-",_xlfn.FORMULATEXT(T36))+1,LEN(_xlfn.FORMULATEXT(T36))-SEARCH("-",_xlfn.FORMULATEXT(T36)))), "") | V36: =IF(ISNUMBER(T36), VALUE(MID(_xlfn.FORMULATEXT(T36), 2, SEARCH("-", _xlfn.FORMULATEXT(T36)) - 2)), "") | AB36: Name Spelling | AC36: ε-η; αι-ε | AD36: Yes
A37: Matt.2.16 | D37: απο διετειας και κατω | E37: απο διετους και κατω | G37: Yes | J37: Substitution - Word | T37: =1-2 -> -1 | U37: =IF(ISNUMBER(T37),VALUE(MID(_xlfn.FORMULATEXT(T37),SEARCH("-",_xlfn.FORMULATEXT(T37))+1,LEN(_xlfn.FORMULATEXT(T37))-SEARCH("-",_xlfn.FORMULATEXT(T37)))), "") -> 2 | V37: =IF(ISNUMBER(T37), VALUE(MID(_xlfn.FORMULATEXT(T37), 2, SEARCH("-", _xlfn.FORMULATEXT(T37)) - 2)), "") -> 1
A38: Matt.2.17 | D38: δια ηρεμιου | E38: δια ιερεμιου | G38: Yes, but still an error | I38: Corrected Bezae = δια ιηρεμιου | J38: Substitution - Word | T38: ΝΑ | U38: =IF(ISNUMBER(T38),VALUE(MID(_xlfn.FORMULATEXT(T38),SEARCH("-",_xlfn.FORMULATEXT(T38))+1,LEN(_xlfn.FORMULATEXT(T38))-SEARCH("-",_xlfn.FORMULATEXT(T38)))), "") | V38: =IF(ISNUMBER(T38), VALUE(MID(_xlfn.FORMULATEXT(T38), 2, SEARCH("-", _xlfn.FORMULATEXT(T38)) - 2)), "") | AB38: Name Spelling | AD38: Yes
A39: Matt.2.18 | D39: ουκ εισιν (19) τελευτησαντος | E39: ουκ εισι (19) τελευτησαντος | J39: Substitution - Form | U39: =IF(ISNUMBER(T39),VALUE(MID(_xlfn.FORMULATEXT(T39),SEARCH("-",_xlfn.FORMULATEXT(T39))+1,LEN(_xlfn.FORMULATEXT(T39))-SEARCH("-",_xlfn.FORMULATEXT(T39)))), "") | V39: =IF(ISNUMBER(T39), VALUE(MID(_xlfn.FORMULATEXT(T39), 2, SEARCH("-", _xlfn.FORMULATEXT(T39)) - 2)), "") | AB39: Movable ν | AD39: Yes
A40: Matt.2.20 | D40: γαρ οι ζητουντες | E40: γαρ ζητουντες | H40: Yes | J40: Omission | L40: 1 | M40: 2 | N40: Article | O40: NA | S40: 11843 | U40: =IF(ISNUMBER(T40),VALUE(MID(_xlfn.FORMULATEXT(T40),SEARCH("-",_xlfn.FORMULATEXT(T40))+1,LEN(_xlfn.FORMULATEXT(T40))-SEARCH("-",_xlfn.FORMULATEXT(T40)))), "") | V40: =IF(ISNUMBER(T40), VALUE(MID(_xlfn.FORMULATEXT(T40), 2, SEARCH("-", _xlfn.FORMULATEXT(T40)) - 2)), "") | AG40: No
A41: Matt.2.21 | D41: εις την ισραηλ | E41: εις γην ισραηλ | G41: Yes | I41: apograph matches pattern from 2:20 (πορευου εις γην ισραηλ); apograph harmonizes | J41: Substitution - Word | T41: =133-11843 -> -11710 | U41: =IF(ISNUMBER(T41),VALUE(MID(_xlfn.FORMULATEXT(T41),SEARCH("-",_xlfn.FORMULATEXT(T41))+1,LEN(_xlfn.FORMULATEXT(T41))-SEARCH("-",_xlfn.FORMULATEXT(T41)))), "") -> 11843 | V41: =IF(ISNUMBER(T41), VALUE(MID(_xlfn.FORMULATEXT(T41), 2, SEARCH("-", _xlfn.FORMULATEXT(T41)) - 2)), "") -> 133 | W41: Harmonizing
A42: Matt.2.22 | D42: αρχιλαος | E42: αρχελαος | J42: Substitution - Word | T42: ΝΑ | U42: =IF(ISNUMBER(T42),VALUE(MID(_xlfn.FORMULATEXT(T42),SEARCH("-",_xlfn.FORMULATEXT(T42))+1,LEN(_xlfn.FORMULATEXT(T42))-SEARCH("-",_xlfn.FORMULATEXT(T42)))), "") | V42: =IF(ISNUMBER(T42), VALUE(MID(_xlfn.FORMULATEXT(T42), 2, SEARCH("-", _xlfn.FORMULATEXT(T42)) - 2)), "") | AB42: Name Spelling | AD42: Yes
A43: Matt.2.22 | D43: ηρωδου του πατρος αυτου εφηθη εκει | E43: ηρωδους του πατρος αυτου εφοβηθη εκει | J43: Substitution - Form | U43: =IF(ISNUMBER(T43),VALUE(MID(_xlfn.FORMULATEXT(T43),SEARCH("-",_xlfn.FORMULATEXT(T43))+1,LEN(_xlfn.FORMULATEXT(T43))-SEARCH("-",_xlfn.FORMULATEXT(T43)))), "") | V43: =IF(ISNUMBER(T43), VALUE(MID(_xlfn.FORMULATEXT(T43), 2, SEARCH("-", _xlfn.FORMULATEXT(T43)) - 2)), "") | AB43: Name Spelling | AD43: Yes
A44: Matt.2.22 | D44: ηρωδου του πατρος αυτου εφηθη εκει | E44: ηρωδους του πατρος αυτου εφοβηθη εκει | G44: Yes | J44: Substitution - Word | T44: ΝΑ | U44: =IF(ISNUMBER(T44),VALUE(MID(_xlfn.FORMULATEXT(T44),SEARCH("-",_xlfn.FORMULATEXT(T44))+1,LEN(_xlfn.FORMULATEXT(T44))-SEARCH("-",_xlfn.FORMULATEXT(T44)))), "") | V44: =IF(ISNUMBER(T44), VALUE(MID(_xlfn.FORMULATEXT(T44), 2, SEARCH("-", _xlfn.FORMULATEXT(T44)) - 2)), "") | AE44: Removed - strict
A45: Matt.3.1 | D45: εν ταις ημεραις | E45: εν δε ταις ημεραις | J45: Addition | L45: 1 | M45: 2 | N45: Conjunction | O45: NA | S45: 1966 | U45: =IF(ISNUMBER(T45),VALUE(MID(_xlfn.FORMULATEXT(T45),SEARCH("-",_xlfn.FORMULATEXT(T45))+1,LEN(_xlfn.FORMULATEXT(T45))-SEARCH("-",_xlfn.FORMULATEXT(T45)))), "") | V45: =IF(ISNUMBER(T45), VALUE(MID(_xlfn.FORMULATEXT(T45), 2, SEARCH("-", _xlfn.FORMULATEXT(T45)) - 2)), "") | AG45: Yes
A46: Matt.3.1 | D46: παραγεινεται | E46: παραγινεται | J46: Substitution - Form | U46: =IF(ISNUMBER(T46),VALUE(MID(_xlfn.FORMULATEXT(T46),SEARCH("-",_xlfn.FORMULATEXT(T46))+1,LEN(_xlfn.FORMULATEXT(T46))-SEARCH("-",_xlfn.FORMULATEXT(T46)))), "") | V46: =IF(ISNUMBER(T46), VALUE(MID(_xlfn.FORMULATEXT(T46), 2, SEARCH("-", _xlfn.FORMULATEXT(T46)) - 2)), "") | AC46: ει-ι | AD46: Yes | AE46: Removed - strict
A47: Matt.3.1 | D47: ιωανης | E47: ιωαννης | J47: Substitution - Word | T47: ΝΑ | U47: =IF(ISNUMBER(T47),VALUE(MID(_xlfn.FORMULATEXT(T47),SEARCH("-",_xlfn.FORMULATEXT(T47))+1,LEN(_xlfn.FORMULATEXT(T47))-SEARCH("-",_xlfn.FORMULATEXT(T47)))), "") | V47: =IF(ISNUMBER(T47), VALUE(MID(_xlfn.FORMULATEXT(T47), 2, SEARCH("-", _xlfn.FORMULATEXT(T47)) - 2)), "") | AB47: Name Spelling | AC47: SimGem | AD47: Yes
A48: Matt.3.2 | D48: ηνγικεν | E48: ηγγικεν | J48: Substitution - Form | U48: =IF(ISNUMBER(T48),VALUE(MID(_xlfn.FORMULATEXT(T48),SEARCH("-",_xlfn.FORMULATEXT(T48))+1,LEN(_xlfn.FORMULATEXT(T48))-SEARCH("-",_xlfn.FORMULATEXT(T48)))), "") | V48: =IF(ISNUMBER(T48), VALUE(MID(_xlfn.FORMULATEXT(T48), 2, SEARCH("-", _xlfn.FORMULATEXT(T48)) - 2)), "") | AC48: NasAssim | AD48: Yes | AE48: Removed - strict
A49: Matt.3.3 | D49: τρειβους | E49: τριβους | J49: Substitution - Word | T49: ΝΑ | U49: =IF(ISNUMBER(T49),VALUE(MID(_xlfn.FORMULATEXT(T49),SEARCH("-",_xlfn.FORMULATEXT(T49))+1,LEN(_xlfn.FORMULATEXT(T49))-SEARCH("-",_xlfn.FORMULATEXT(T49)))), "") | V49: =IF(ISNUMBER(T49), VALUE(MID(_xlfn.FORMULATEXT(T49), 2, SEARCH("-", _xlfn.FORMULATEXT(T49)) - 2)), "") | AC49: ει-ι | AD49: Yes | AE49: Removed - strict
A50: Matt.3.4 | D50: δερματεινην | E50: δερματινην | J50: Substitution - Word | T50: ΝΑ | U50: =IF(ISNUMBER(T50),VALUE(MID(_xlfn.FORMULATEXT(T50),SEARCH("-",_xlfn.FORMULATEXT(T50))+1,LEN(_xlfn.FORMULATEXT(T50))-SEARCH("-",_xlfn.FORMULATEXT(T50)))), "") | V50: =IF(ISNUMBER(T50), VALUE(MID(_xlfn.FORMULATEXT(T50), 2, SEARCH("-", _xlfn.FORMULATEXT(T50)) - 2)), "") | AC50: ει-ι | AD50: Yes | AE50: Removed - strict
A51: Matt.3.7 | D51: υμειν | E51: υμιν | J51: Substitution - Form | U51: =IF(ISNUMBER(T51),VALUE(MID(_xlfn.FORMULATEXT(T51),SEARCH("-",_xlfn.FORMULATEXT(T51))+1,LEN(_xlfn.FORMULATEXT(T51))-SEARCH("-",_xlfn.FORMULATEXT(T51)))), "") | V51: =IF(ISNUMBER(T51), VALUE(MID(_xlfn.FORMULATEXT(T51), 2, SEARCH("-", _xlfn.FORMULATEXT(T51)) - 2)), "") | AC51: ει-ι | AD51: Yes
A52: Matt.3.10 | D52: ηδη δε η αξινη | E52: η δε η αξινη | H52: Yes | J52: Substitution - Word | T52: =11843-44 -> 11799 | U52: =IF(ISNUMBER(T52),VALUE(MID(_xlfn.FORMULATEXT(T52),SEARCH("-",_xlfn.FORMULATEXT(T52))+1,LEN(_xlfn.FORMULATEXT(T52))-SEARCH("-",_xlfn.FORMULATEXT(T52)))), "") -> 44 | V52: =IF(ISNUMBER(T52), VALUE(MID(_xlfn.FORMULATEXT(T52), 2, SEARCH("-", _xlfn.FORMULATEXT(T52)) - 2)), "") -> 11843 | AE52: Generated - contextual
A53: Matt.3.10 | D53: μη ποιυυν καρπον | E53: μη ποιουν καρπον | G53: Yes | J53: Substitution - Form | U53: =IF(ISNUMBER(T53),VALUE(MID(_xlfn.FORMULATEXT(T53),SEARCH("-",_xlfn.FORMULATEXT(T53))+1,LEN(_xlfn.FORMULATEXT(T53))-SEARCH("-",_xlfn.FORMULATEXT(T53)))), "") | V53: =IF(ISNUMBER(T53), VALUE(MID(_xlfn.FORMULATEXT(T53), 2, SEARCH("-", _xlfn.FORMULATEXT(T53)) - 2)), "") | AE53: Removed - strict
A54: Matt.3.12 | D54: κατακαυσι | E54: κατακαυσει | H54: Yes | J54: Substitution - Both | T54: =5-0 -> 5 | U54: =IF(ISNUMBER(T54),VALUE(MID(_xlfn.FORMULATEXT(T54),SEARCH("-",_xlfn.FORMULATEXT(T54))+1,LEN(_xlfn.FORMULATEXT(T54))-SEARCH("-",_xlfn.FORMULATEXT(T54)))), "") -> 0 | V54: =IF(ISNUMBER(T54), VALUE(MID(_xlfn.FORMULATEXT(T54), 2, SEARCH("-", _xlfn.FORMULATEXT(T54)) - 2)), "") -> 5 | AC54: ι-ει | AD54: Yes
A55: Matt.3.13 | D55: τοτε | E55: τοοτε | J55: Substitution - Word | R55: Dittography | T55: ΝΑ | U55: =IF(ISNUMBER(T55),VALUE(MID(_xlfn.FORMULATEXT(T55),SEARCH("-",_xlfn.FORMULATEXT(T55))+1,LEN(_xlfn.FORMULATEXT(T55))-SEARCH("-",_xlfn.FORMULATEXT(T55)))), "") | V55: =IF(ISNUMBER(T55), VALUE(MID(_xlfn.FORMULATEXT(T55), 2, SEARCH("-", _xlfn.FORMULATEXT(T55)) - 2)), "") | AE55: Generated - strict
A56: Matt.3.14 | D56: υπο συ βαπτισθηναι | E56: υπο σου βαπτισθηναι | G56: Yes | J56: Substitution - Form | U56: =IF(ISNUMBER(T56),VALUE(MID(_xlfn.FORMULATEXT(T56),SEARCH("-",_xlfn.FORMULATEXT(T56))+1,LEN(_xlfn.FORMULATEXT(T56))-SEARCH("-",_xlfn.FORMULATEXT(T56)))), "") | V56: =IF(ISNUMBER(T56), VALUE(MID(_xlfn.FORMULATEXT(T56), 2, SEARCH("-", _xlfn.FORMULATEXT(T56)) - 2)), "") | AE56: Removed - contextual
A57: Matt.3.15 | D57: εστιν ημιν πληρωσαι | E57: εστιν ημας πληρωσαι | H57: Yes | J57: Substitution - Form | U57: =IF(ISNUMBER(T57),VALUE(MID(_xlfn.FORMULATEXT(T57),SEARCH("-",_xlfn.FORMULATEXT(T57))+1,LEN(_xlfn.FORMULATEXT(T57))-SEARCH("-",_xlfn.FORMULATEXT(T57)))), "") | V57: =IF(ISNUMBER(T57), VALUE(MID(_xlfn.FORMULATEXT(T57), 2, SEARCH("-", _xlfn.FORMULATEXT(T57)) - 2)), "") | AG57: No
A58: Matt.3.16 | D58: ευθυς | E58: ευθεους | F58: Not a variant: apograph transcript error | U58: =IF(ISNUMBER(T58),VALUE(MID(_xlfn.FORMULATEXT(T58),SEARCH("-",_xlfn.FORMULATEXT(T58))+1,LEN(_xlfn.FORMULATEXT(T58))-SEARCH("-",_xlfn.FORMULATEXT(T58)))), "") | V58: =IF(ISNUMBER(T58), VALUE(MID(_xlfn.FORMULATEXT(T58), 2, SEARCH("-", _xlfn.FORMULATEXT(T58)) - 2)), "")
A59: Matt.3.16 | D59: και ιδεν | E59: και ειδεν | J59: Substitution - Form | U59: =IF(ISNUMBER(T59),VALUE(MID(_xlfn.FORMULATEXT(T59),SEARCH("-",_xlfn.FORMULATEXT(T59))+1,LEN(_xlfn.FORMULATEXT(T59))-SEARCH("-",_xlfn.FORMULATEXT(T59)))), "") | V59: =IF(ISNUMBER(T59), VALUE(MID(_xlfn.FORMULATEXT(T59), 2, SEARCH("-", _xlfn.FORMULATEXT(T59)) - 2)), "") | AC59: ι-ει | AD59: Yes
A60: Matt.3.16 | D60: ως περιστεραν και ερχομενον εις αυτον (17) και ιδου | E60: ωσπερ ιστεραν (17) και ιδου | I60: freq = ερχομαι | J60: Omission | L60: 4 | M60: 20 | O60: Present | P60: BD | Q60: 3 | S60: 507 | U60: =IF(ISNUMBER(T60),VALUE(MID(_xlfn.FORMULATEXT(T60),SEARCH("-",_xlfn.FORMULATEXT(T60))+1,LEN(_xlfn.FORMULATEXT(T60))-SEARCH("-",_xlfn.FORMULATEXT(T60)))), "") | V60: =IF(ISNUMBER(T60), VALUE(MID(_xlfn.FORMULATEXT(T60), 2, SEARCH("-", _xlfn.FORMULATEXT(T60)) - 2)), "") | AG60: No
A61: Matt.3.17 | D61: ει ο υιος μου | E61: ει υιος μου | J61: Omission | L61: 1 | M61: 1 | N61: Article | O61: NA | S61: 11843 | U61: =IF(ISNUMBER(T61),VALUE(MID(_xlfn.FORMULATEXT(T61),SEARCH("-",_xlfn.FORMULATEXT(T61))+1,LEN(_xlfn.FORMULATEXT(T61))-SEARCH("-",_xlfn.FORMULATEXT(T61)))), "") | V61: =IF(ISNUMBER(T61), VALUE(MID(_xlfn.FORMULATEXT(T61), 2, SEARCH("-", _xlfn.FORMULATEXT(T61)) - 2)), "") | AG61: Yes
A62: Matt.4.1 | D62: υπο του διαβολου | E62: υπο διαβολου | J62: Omission | L62: 1 | M62: 3 | N62: Article | O62: Absent | S62: 11843 | U62: =IF(ISNUMBER(T62),VALUE(MID(_xlfn.FORMULATEXT(T62),SEARCH("-",_xlfn.FORMULATEXT(T62))+1,LEN(_xlfn.FORMULATEXT(T62))-SEARCH("-",_xlfn.FORMULATEXT(T62)))), "") | V62: =IF(ISNUMBER(T62), VALUE(MID(_xlfn.FORMULATEXT(T62), 2, SEARCH("-", _xlfn.FORMULATEXT(T62)) - 2)), "") | AG62: No
A63: Matt.4.2 | D63: τεσσερακοντα | E63: τεσσαρακοντα | F63: Not a variant: autograph transcript error | U63: =IF(ISNUMBER(T63),VALUE(MID(_xlfn.FORMULATEXT(T63),SEARCH("-",_xlfn.FORMULATEXT(T63))+1,LEN(_xlfn.FORMULATEXT(T63))-SEARCH("-",_xlfn.FORMULATEXT(T63)))), "") | V63: =IF(ISNUMBER(T63), VALUE(MID(_xlfn.FORMULATEXT(T63), 2, SEARCH("-", _xlfn.FORMULATEXT(T63)) - 2)), "")
A64: Matt.4.3 | D64: πιραζων | E64: πειραζων | J64: Substitution - Word | T64: ΝΑ | U64: =IF(ISNUMBER(T64),VALUE(MID(_xlfn.FORMULATEXT(T64),SEARCH("-",_xlfn.FORMULATEXT(T64))+1,LEN(_xlfn.FORMULATEXT(T64))-SEARCH("-",_xlfn.FORMULATEXT(T64)))), "") | V64: =IF(ISNUMBER(T64), VALUE(MID(_xlfn.FORMULATEXT(T64), 2, SEARCH("-", _xlfn.FORMULATEXT(T64)) - 2)), "") | AC64: ι-ει | AD64: Yes | AE64: Removed - strict
A65: Matt.4.3 | D65: ειπεν αυτω ει υιος | E65: ειπεν ει υιος | I65: autograph matches pattern in 4:6 (λεγει αυτω ει υιος ει θεου); apograph disharmonizes | J65: Omission | L65: 1 | M65: 4 | N65: Pronoun | O65: Absent | S65: 4240 | U65: =IF(ISNUMBER(T65),VALUE(MID(_xlfn.FORMULATEXT(T65),SEARCH("-",_xlfn.FORMULATEXT(T65))+1,LEN(_xlfn.FORMULATEXT(T65))-SEARCH("-",_xlfn.FORMULATEXT(T65)))), "") | V65: =IF(ISNUMBER(T65), VALUE(MID(_xlfn.FORMULATEXT(T65), 2, SEARCH("-", _xlfn.FORMULATEXT(T65)) - 2)), "") | W65: Harmonizing | AG65: Yes
A66: Matt.4.4 | D66: ειπεν γεγραπται | E66: ειπε γεγραπται | J66: Substitution - Form | U66: =IF(ISNUMBER(T66),VALUE(MID(_xlfn.FORMULATEXT(T66),SEARCH("-",_xlfn.FORMULATEXT(T66))+1,LEN(_xlfn.FORMULATEXT(T66))-SEARCH("-",_xlfn.FORMULATEXT(T66)))), "") | V66: =IF(ISNUMBER(T66), VALUE(MID(_xlfn.FORMULATEXT(T66), 2, SEARCH("-", _xlfn.FORMULATEXT(T66)) - 2)), "") | AB66: Movable ν | AD66: Yes
A67: Matt.4.6 | D67: υιος ει θεου βαλε | E67: υιος ει του θεου βαλε | G67: Yes | J67: Addition | L67: 1 | M67: 3 | N67: Article | O67: Absent | S67: 11843 | U67: =IF(ISNUMBER(T67),VALUE(MID(_xlfn.FORMULATEXT(T67),SEARCH("-",_xlfn.FORMULATEXT(T67))+1,LEN(_xlfn.FORMULATEXT(T67))-SEARCH("-",_xlfn.FORMULATEXT(T67)))), "") | V67: =IF(ISNUMBER(T67), VALUE(MID(_xlfn.FORMULATEXT(T67), 2, SEARCH("-", _xlfn.FORMULATEXT(T67)) - 2)), "")
A68: Matt.4.6 | D68: αγγελοις | E68: αγιελοις | J68: Substitution - Word | T68: ΝΑ | U68: =IF(ISNUMBER(T68),VALUE(MID(_xlfn.FORMULATEXT(T68),SEARCH("-",_xlfn.FORMULATEXT(T68))+1,LEN(_xlfn.FORMULATEXT(T68))-SEARCH("-",_xlfn.FORMULATEXT(T68)))), "") | V68: =IF(ISNUMBER(T68), VALUE(MID(_xlfn.FORMULATEXT(T68), 2, SEARCH("-", _xlfn.FORMULATEXT(T68)) - 2)), "") | AE68: Generated - strict
A69: Matt.4.6 | D69: επει χειρων | E69: επι χειρων | J69: Substitution - Word | T69: =560-7 -> 553 | U69: =IF(ISNUMBER(T69),VALUE(MID(_xlfn.FORMULATEXT(T69),SEARCH("-",_xlfn.FORMULATEXT(T69))+1,LEN(_xlfn.FORMULATEXT(T69))-SEARCH("-",_xlfn.FORMULATEXT(T69)))), "") -> 7 | V69: =IF(ISNUMBER(T69), VALUE(MID(_xlfn.FORMULATEXT(T69), 2, SEARCH("-", _xlfn.FORMULATEXT(T69)) - 2)), "") -> 560 | AC69: ει-ι | AD69: Yes | AE69: Removed - contextual
A70: Matt.4.13 | D70: ναζαρεθ | E70: ναζαρετ | J70: Substitution - Word | T70: ΝΑ | U70: =IF(ISNUMBER(T70),VALUE(MID(_xlfn.FORMULATEXT(T70),SEARCH("-",_xlfn.FORMULATEXT(T70))+1,LEN(_xlfn.FORMULATEXT(T70))-SEARCH("-",_xlfn.FORMULATEXT(T70)))), "") | V70: =IF(ISNUMBER(T70), VALUE(MID(_xlfn.FORMULATEXT(T70), 2, SEARCH("-", _xlfn.FORMULATEXT(T70)) - 2)), "") | AB70: Name Spelling | AC70: AspChan | AD70: Yes
A71: Matt.4.13 | D71: καφαρναουμ | E71: καπερναουμ | J71: Substitution - Word | T71: ΝΑ | U71: =IF(ISNUMBER(T71),VALUE(MID(_xlfn.FORMULATEXT(T71),SEARCH("-",_xlfn.FORMULATEXT(T71))+1,LEN(_xlfn.FORMULATEXT(T71))-SEARCH("-",_xlfn.FORMULATEXT(T71)))), "") | V71: =IF(ISNUMBER(T71), VALUE(MID(_xlfn.FORMULATEXT(T71), 2, SEARCH("-", _xlfn.FORMULATEXT(T71)) - 2)), "") | AB71: Name Spelling | AC71: AspChan | AD71: Yes
A72: Matt.4.15 | D72: γαλιλαιας των εθνων | E72: γαλιλαιας των εθνων | G72: No | I72: Bezae corrects γαλιλαιας -> γαλιλαια | U72: =IF(ISNUMBER(T72),VALUE(MID(_xlfn.FORMULATEXT(T72),SEARCH("-",_xlfn.FORMULATEXT(T72))+1,LEN(_xlfn.FORMULATEXT(T72))-SEARCH("-",_xlfn.FORMULATEXT(T72)))), "") | V72: =IF(ISNUMBER(T72), VALUE(MID(_xlfn.FORMULATEXT(T72), 2, SEARCH("-", _xlfn.FORMULATEXT(T72)) - 2)), "")
A73: Matt.4.16 | D73: φως μεγαν οι | E73: φως μεγαν οι | G73: No | I73: Bezae corrects μεγαν -> μεγα | U73: =IF(ISNUMBER(T73),VALUE(MID(_xlfn.FORMULATEXT(T73),SEARCH("-",_xlfn.FORMULATEXT(T73))+1,LEN(_xlfn.FORMULATEXT(T73))-SEARCH("-",_xlfn.FORMULATEXT(T73)))), "") | V73: =IF(ISNUMBER(T73), VALUE(MID(_xlfn.FORMULATEXT(T73), 2, SEARCH("-", _xlfn.FORMULATEXT(T73)) - 2)), "")
A74: Matt.4.16 | D74: εν χωρα σκεια | E74: εν χωρα σκεια | G74: No | I74: Bezae corrected to εν χωρα και σκεια | U74: =IF(ISNUMBER(T74),VALUE(MID(_xlfn.FORMULATEXT(T74),SEARCH("-",_xlfn.FORMULATEXT(T74))+1,LEN(_xlfn.FORMULATEXT(T74))-SEARCH("-",_xlfn.FORMULATEXT(T74)))), "") | V74: =IF(ISNUMBER(T74), VALUE(MID(_xlfn.FORMULATEXT(T74), 2, SEARCH("-", _xlfn.FORMULATEXT(T74)) - 2)), "")
A75: Matt.4.17 | D75: ηνγικεν | E75: ηγγικεν | J75: Substitution - Form | U75: =IF(ISNUMBER(T75),VALUE(MID(_xlfn.FORMULATEXT(T75),SEARCH("-",_xlfn.FORMULATEXT(T75))+1,LEN(_xlfn.FORMULATEXT(T75))-SEARCH("-",_xlfn.FORMULATEXT(T75)))), "") | V75: =IF(ISNUMBER(T75), VALUE(MID(_xlfn.FORMULATEXT(T75), 2, SEARCH("-", _xlfn.FORMULATEXT(T75)) - 2)), "") | AC75: NasAssim | AD75: Yes | AE75: Removed - strict
A76: Matt.4.18 | D76: βαλλοντος αμφιβληστρος εις | E76: βαλλοντος αμφιβληστρον εις | G76: Yes | J76: Substitution - Form | U76: =IF(ISNUMBER(T76),VALUE(MID(_xlfn.FORMULATEXT(T76),SEARCH("-",_xlfn.FORMULATEXT(T76))+1,LEN(_xlfn.FORMULATEXT(T76))-SEARCH("-",_xlfn.FORMULATEXT(T76)))), "") | V76: =IF(ISNUMBER(T76), VALUE(MID(_xlfn.FORMULATEXT(T76), 2, SEARCH("-", _xlfn.FORMULATEXT(T76)) - 2)), "") | AE76: Removed - strict
A77: Matt.4.19 | D77: οπεισω | E77: οπισω | J77: Substitution - Word | T77: ΝΑ | U77: =IF(ISNUMBER(T77),VALUE(MID(_xlfn.FORMULATEXT(T77),SEARCH("-",_xlfn.FORMULATEXT(T77))+1,LEN(_xlfn.FORMULATEXT(T77))-SEARCH("-",_xlfn.FORMULATEXT(T77)))), "") | V77: =IF(ISNUMBER(T77), VALUE(MID(_xlfn.FORMULATEXT(T77), 2, SEARCH("-", _xlfn.FORMULATEXT(T77)) - 2)), "") | AC77: ει-ι | AD77: Yes | AE77: Removed - strict
A78: Matt.4.22 | D78: πατερα αυτων ηκολουθησαν αυτω (23) και περιηγεν | E78: πατερα αυτων (23) και περιηγεν | J78: Omission | L78: 2 | M78: 15 | O78: Present | P78: AC | Q78: 4 | S78: 83 | U78: =IF(ISNUMBER(T78),VALUE(MID(_xlfn.FORMULATEXT(T78),SEARCH("-",_xlfn.FORMULATEXT(T78))+1,LEN(_xlfn.FORMULATEXT(T78))-SEARCH("-",_xlfn.FORMULATEXT(T78)))), "") | V78: =IF(ISNUMBER(T78), VALUE(MID(_xlfn.FORMULATEXT(T78), 2, SEARCH("-", _xlfn.FORMULATEXT(T78)) - 2)), "") | AG78: No
A79: Matt.4.23 | D79: βασιλιας | E79: βασιλειας | J79: Substitution - Word | T79: ΝΑ | U79: =IF(ISNUMBER(T79),VALUE(MID(_xlfn.FORMULATEXT(T79),SEARCH("-",_xlfn.FORMULATEXT(T79))+1,LEN(_xlfn.FORMULATEXT(T79))-SEARCH("-",_xlfn.FORMULATEXT(T79)))), "") | V79: =IF(ISNUMBER(T79), VALUE(MID(_xlfn.FORMULATEXT(T79), 2, SEARCH("-", _xlfn.FORMULATEXT(T79)) - 2)), "") | AC79: ι-ει | AD79: Yes | AE79: Removed - strict
A80: Matt.4.24 | D80: ποικειλαις | E80: ποικιλαις | J80: Substitution - Word | T80: ΝΑ | U80: =IF(ISNUMBER(T80),VALUE(MID(_xlfn.FORMULATEXT(T80),SEARCH("-",_xlfn.FORMULATEXT(T80))+1,LEN(_xlfn.FORMULATEXT(T80))-SEARCH("-",_xlfn.FORMULATEXT(T80)))), "") | V80: =IF(ISNUMBER(T80), VALUE(MID(_xlfn.FORMULATEXT(T80), 2, SEARCH("-", _xlfn.FORMULATEXT(T80)) - 2)), "") | AC80: ι-ει | AD80: Yes | AE80: Removed - strict
A81: Matt.4.24 | D81: δαιμονιζομενους και σεληνιαζομενους και παραλυτικους και παντας | E81: δαιμονιζομενους και παραλυτικους και σεληνιαζομενους και παντας | I81: 1.1.1 transposition | J81: Transposition | U81: =IF(ISNUMBER(T81),VALUE(MID(_xlfn.FORMULATEXT(T81),SEARCH("-",_xlfn.FORMULATEXT(T81))+1,LEN(_xlfn.FORMULATEXT(T81))-SEARCH("-",_xlfn.FORMULATEXT(T81)))), "") | V81: =IF(ISNUMBER(T81), VALUE(MID(_xlfn.FORMULATEXT(T81), 2, SEARCH("-", _xlfn.FORMULATEXT(T81)) - 2)), "") | AG81: No
A82: Matt.4.24 | D82: εθεραπευσεν (25) και ηκολουθησαν | E82: εθεραπευσε (25) και ηκολουθησαν | J82: Substitution - Form | U82: =IF(ISNUMBER(T82),VALUE(MID(_xlfn.FORMULATEXT(T82),SEARCH("-",_xlfn.FORMULATEXT(T82))+1,LEN(_xlfn.FORMULATEXT(T82))-SEARCH("-",_xlfn.FORMULATEXT(T82)))), "") | V82: =IF(ISNUMBER(T82), VALUE(MID(_xlfn.FORMULATEXT(T82), 2, SEARCH("-", _xlfn.FORMULATEXT(T82)) - 2)), "") | AB82: Movable ν | AD82: Yes
A83: Matt.4.25 | D83: γαλειλαιας | E83: γαλιλαιας | J83: Substitution - Word | T83: NA | U83: =IF(ISNUMBER(T83),VALUE(MID(_xlfn.FORMULATEXT(T83),SEARCH("-",_xlfn.FORMULATEXT(T83))+1,LEN(_xlfn.FORMULATEXT(T83))-SEARCH("-",_xlfn.FORMULATEXT(T83)))), "") | V83: =IF(ISNUMBER(T83), VALUE(MID(_xlfn.FORMULATEXT(T83), 2, SEARCH("-", _xlfn.FORMULATEXT(T83)) - 2)), "") | AB83: Name Spelling | AC83: ει-ι | AD83: Yes
A84: Matt.5.3 | D84: πτωχοι πνι | E84: πτωχοι τω πνευματι | G84: Yes | J84: Addition | L84: 1 | M84: 2 | N84: Article | O84: NA | S84: 11843 | U84: =IF(ISNUMBER(T84),VALUE(MID(_xlfn.FORMULATEXT(T84),SEARCH("-",_xlfn.FORMULATEXT(T84))+1,LEN(_xlfn.FORMULATEXT(T84))-SEARCH("-",_xlfn.FORMULATEXT(T84)))), "") | V84: =IF(ISNUMBER(T84), VALUE(MID(_xlfn.FORMULATEXT(T84), 2, SEARCH("-", _xlfn.FORMULATEXT(T84)) - 2)), "")
A85: Matt.5.6 | D85: διψωντες | E85: δειψωντες | J85: Substitution - Word | T85: ΝΑ | U85: =IF(ISNUMBER(T85),VALUE(MID(_xlfn.FORMULATEXT(T85),SEARCH("-",_xlfn.FORMULATEXT(T85))+1,LEN(_xlfn.FORMULATEXT(T85))-SEARCH("-",_xlfn.FORMULATEXT(T85)))), "") | V85: =IF(ISNUMBER(T85), VALUE(MID(_xlfn.FORMULATEXT(T85), 2, SEARCH("-", _xlfn.FORMULATEXT(T85)) - 2)), "") | AC85: ι-ει | AD85: Yes | AE85: Generated - strict
A86: Matt.5.11 | D86: ονιδισουσιν | E86: ονειδισουσιν | J86: Substitution - Word | T86: ΝΑ | U86: =IF(ISNUMBER(T86),VALUE(MID(_xlfn.FORMULATEXT(T86),SEARCH("-",_xlfn.FORMULATEXT(T86))+1,LEN(_xlfn.FORMULATEXT(T86))-SEARCH("-",_xlfn.FORMULATEXT(T86)))), "") | V86: =IF(ISNUMBER(T86), VALUE(MID(_xlfn.FORMULATEXT(T86), 2, SEARCH("-", _xlfn.FORMULATEXT(T86)) - 2)), "") | AC86: ι-ει | AD86: Yes | AE86: Removed - strict
A87: Matt.5.12 | D87: ουτως γαρ | E87: ουτω γαρ | J87: Substitution - Form | U87: =IF(ISNUMBER(T87),VALUE(MID(_xlfn.FORMULATEXT(T87),SEARCH("-",_xlfn.FORMULATEXT(T87))+1,LEN(_xlfn.FORMULATEXT(T87))-SEARCH("-",_xlfn.FORMULATEXT(T87)))), "") | V87: =IF(ISNUMBER(T87), VALUE(MID(_xlfn.FORMULATEXT(T87), 2, SEARCH("-", _xlfn.FORMULATEXT(T87)) - 2)), "") | AB87: AltForm | AD87: Yes
A88: Matt.5.12 | D88: εδιωξαν τους προφητας | E88: εδιωξαν προφητας | H88: Yes | J88: Omission | L88: 1 | M88: 4 | N88: Article | O88: Absent | S88: 11843 | U88: =IF(ISNUMBER(T88),VALUE(MID(_xlfn.FORMULATEXT(T88),SEARCH("-",_xlfn.FORMULATEXT(T88))+1,LEN(_xlfn.FORMULATEXT(T88))-SEARCH("-",_xlfn.FORMULATEXT(T88)))), "") | V88: =IF(ISNUMBER(T88), VALUE(MID(_xlfn.FORMULATEXT(T88), 2, SEARCH("-", _xlfn.FORMULATEXT(T88)) - 2)), "") | AG88: No
A89: Matt.5.12 | D89: υμων υπαρχοντων (13) υμεις | E89: υμων υπαρχοντας (13) υμεις | G89: Yes | J89: Substitution - Form | U89: =IF(ISNUMBER(T89),VALUE(MID(_xlfn.FORMULATEXT(T89),SEARCH("-",_xlfn.FORMULATEXT(T89))+1,LEN(_xlfn.FORMULATEXT(T89))-SEARCH("-",_xlfn.FORMULATEXT(T89)))), "") | V89: =IF(ISNUMBER(T89), VALUE(MID(_xlfn.FORMULATEXT(T89), 2, SEARCH("-", _xlfn.FORMULATEXT(T89)) - 2)), "")
A90: Matt.5.13 | D90: το αλα της γης | E90: το αλας της γης | G90: Yes | J90: Substitution - Word | T90: =7-0 -> 7 | U90: =IF(ISNUMBER(T90),VALUE(MID(_xlfn.FORMULATEXT(T90),SEARCH("-",_xlfn.FORMULATEXT(T90))+1,LEN(_xlfn.FORMULATEXT(T90))-SEARCH("-",_xlfn.FORMULATEXT(T90)))), "") -> 0 | V90: =IF(ISNUMBER(T90), VALUE(MID(_xlfn.FORMULATEXT(T90), 2, SEARCH("-", _xlfn.FORMULATEXT(T90)) - 2)), "") -> 7 | AE90: Removed - contextual
A91: Matt.5.15 | D91: καιουσιν λυχνον | E91: καιουσι λυχνον | J91: Substitution - Form | U91: =IF(ISNUMBER(T91),VALUE(MID(_xlfn.FORMULATEXT(T91),SEARCH("-",_xlfn.FORMULATEXT(T91))+1,LEN(_xlfn.FORMULATEXT(T91))-SEARCH("-",_xlfn.FORMULATEXT(T91)))), "") | V91: =IF(ISNUMBER(T91), VALUE(MID(_xlfn.FORMULATEXT(T91), 2, SEARCH("-", _xlfn.FORMULATEXT(T91)) - 2)), "") | AB91: Movable ν | AD91: Yes
A92: Matt.5.15 | D92: αλλα επι | E92: αλλ επι | J92: Substitution - Form | U92: =IF(ISNUMBER(T92),VALUE(MID(_xlfn.FORMULATEXT(T92),SEARCH("-",_xlfn.FORMULATEXT(T92))+1,LEN(_xlfn.FORMULATEXT(T92))-SEARCH("-",_xlfn.FORMULATEXT(T92)))), "") | V92: =IF(ISNUMBER(T92), VALUE(MID(_xlfn.FORMULATEXT(T92), 2, SEARCH("-", _xlfn.FORMULATEXT(T92)) - 2)), "") | AB92: Contraction | AD92: Yes
A93: Matt.5.16 | D93: ενπροσθεν | E93: εμπροσθεν | J93: Substitution - Form | U93: =IF(ISNUMBER(T93),VALUE(MID(_xlfn.FORMULATEXT(T93),SEARCH("-",_xlfn.FORMULATEXT(T93))+1,LEN(_xlfn.FORMULATEXT(T93))-SEARCH("-",_xlfn.FORMULATEXT(T93)))), "") | V93: =IF(ISNUMBER(T93), VALUE(MID(_xlfn.FORMULATEXT(T93), 2, SEARCH("-", _xlfn.FORMULATEXT(T93)) - 2)), "") | AB93: AltForm | AD93: Yes
A94: Matt.5.16 | D94: οπως ειδωσιν | E94: οπως ιδωσιν | J94: Substitution - Form | U94: =IF(ISNUMBER(T94),VALUE(MID(_xlfn.FORMULATEXT(T94),SEARCH("-",_xlfn.FORMULATEXT(T94))+1,LEN(_xlfn.FORMULATEXT(T94))-SEARCH("-",_xlfn.FORMULATEXT(T94)))), "") | V94: =IF(ISNUMBER(T94), VALUE(MID(_xlfn.FORMULATEXT(T94), 2, SEARCH("-", _xlfn.FORMULATEXT(T94)) - 2)), "") | AC94: ει-ι | AD94: Yes
A95: Matt.5.17 | D95: νομεισητε | E95: νομισητε | J95: Substitution - Word | T95: ΝΑ | U95: =IF(ISNUMBER(T95),VALUE(MID(_xlfn.FORMULATEXT(T95),SEARCH("-",_xlfn.FORMULATEXT(T95))+1,LEN(_xlfn.FORMULATEXT(T95))-SEARCH("-",_xlfn.FORMULATEXT(T95)))), "") | V95: =IF(ISNUMBER(T95), VALUE(MID(_xlfn.FORMULATEXT(T95), 2, SEARCH("-", _xlfn.FORMULATEXT(T95)) - 2)), "") | AC95: ει-ι | AD95: Yes | AE95: Removed - strict
A96: Matt.5.18 | D96: εως αν γενηται παντα | E96: εως γενηται αν παντα | J96: Transposition | L96: 1 | M96: 2 | N96: Particle | O96: NA | S96: 134 | U96: =IF(ISNUMBER(T96),VALUE(MID(_xlfn.FORMULATEXT(T96),SEARCH("-",_xlfn.FORMULATEXT(T96))+1,LEN(_xlfn.FORMULATEXT(T96))-SEARCH("-",_xlfn.FORMULATEXT(T96)))), "") | V96: =IF(ISNUMBER(T96), VALUE(MID(_xlfn.FORMULATEXT(T96), 2, SEARCH("-", _xlfn.FORMULATEXT(T96)) - 2)), "") | AG96: No
A97: Matt.5.19 | D97: ος ουν λυσει | E97: ος δε ουν λυσει | G97: No | I97: Bezae corrects to ος αν ουν λυσει | J97: Addition | L97: 1 | M97: 2 | N97: Conjunction | O97: NA | S97: 1966 | U97: =IF(ISNUMBER(T97),VALUE(MID(_xlfn.FORMULATEXT(T97),SEARCH("-",_xlfn.FORMULATEXT(T97))+1,LEN(_xlfn.FORMULATEXT(T97))-SEARCH("-",_xlfn.FORMULATEXT(T97)))), "") | V97: =IF(ISNUMBER(T97), VALUE(MID(_xlfn.FORMULATEXT(T97), 2, SEARCH("-", _xlfn.FORMULATEXT(T97)) - 2)), "") | AG97: No
A98: Matt.5.19 | D98: τουτων ελαχιστων | E98: τουτων των ελαχιστων | G98: Yes | J98: Addition | L98: 1 | M98: 3 | N98: Article | O98: Present | P98: AB:AC | Q98: 3:3 | S98: 11843 | U98: =IF(ISNUMBER(T98),VALUE(MID(_xlfn.FORMULATEXT(T98),SEARCH("-",_xlfn.FORMULATEXT(T98))+1,LEN(_xlfn.FORMULATEXT(T98))-SEARCH("-",_xlfn.FORMULATEXT(T98)))), "") | V98: =IF(ISNUMBER(T98), VALUE(MID(_xlfn.FORMULATEXT(T98), 2, SEARCH("-", _xlfn.FORMULATEXT(T98)) - 2)), "")
A99: Matt.5.21 | D99: ερρηθη | E99: ερρεθη | J99: Substitution - Form | U99: =IF(ISNUMBER(T99),VALUE(MID(_xlfn.FORMULATEXT(T99),SEARCH("-",_xlfn.FORMULATEXT(T99))+1,LEN(_xlfn.FORMULATEXT(T99))-SEARCH("-",_xlfn.FORMULATEXT(T99)))), "") | V99: =IF(ISNUMBER(T99), VALUE(MID(_xlfn.FORMULATEXT(T99), 2, SEARCH("-", _xlfn.FORMULATEXT(T99)) - 2)), "") | AC99: η-ε | AD99: Yes
A100: Matt.5.21 | D100: ος δ αν φονευση | E100: οι δ αν φονευση | J100: Substitution - Form | U100: =IF(ISNUMBER(T100),VALUE(MID(_xlfn.FORMULATEXT(T100),SEARCH("-",_xlfn.FORMULATEXT(T100))+1,LEN(_xlfn.FORMULATEXT(T100))-SEARCH("-",_xlfn.FORMULATEXT(T100)))), "") | V100: =IF(ISNUMBER(T100), VALUE(MID(_xlfn.FORMULATEXT(T100), 2, SEARCH("-", _xlfn.FORMULATEXT(T100)) - 2)), "") | AE100: Removed - contextual
A101: Matt.5.22 | D101: λεγω υμειν | E101: λεγω υμιν | J101: Substitution - Form | U101: =IF(ISNUMBER(T101),VALUE(MID(_xlfn.FORMULATEXT(T101),SEARCH("-",_xlfn.FORMULATEXT(T101))+1,LEN(_xlfn.FORMULATEXT(T101))-SEARCH("-",_xlfn.FORMULATEXT(T101)))), "") | V101: =IF(ISNUMBER(T101), VALUE(MID(_xlfn.FORMULATEXT(T101), 2, SEARCH("-", _xlfn.FORMULATEXT(T101)) - 2)), "") | AC101: ει-ι | AD101: Yes
A102: Matt.5.22 | D102: οργαζομενος | E102: οργιζομενος | G102: Yes | J102: Substitution - Word | T102: =5-0 -> 5 | U102: =IF(ISNUMBER(T102),VALUE(MID(_xlfn.FORMULATEXT(T102),SEARCH("-",_xlfn.FORMULATEXT(T102))+1,LEN(_xlfn.FORMULATEXT(T102))-SEARCH("-",_xlfn.FORMULATEXT(T102)))), "") -> 0 | V102: =IF(ISNUMBER(T102), VALUE(MID(_xlfn.FORMULATEXT(T102), 2, SEARCH("-", _xlfn.FORMULATEXT(T102)) - 2)), "") -> 5
A103: Matt.5.22 | D103: ραχα | E103: ρακα | J103: Substitution - Form | U103: =IF(ISNUMBER(T103),VALUE(MID(_xlfn.FORMULATEXT(T103),SEARCH("-",_xlfn.FORMULATEXT(T103))+1,LEN(_xlfn.FORMULATEXT(T103))-SEARCH("-",_xlfn.FORMULATEXT(T103)))), "") | V103: =IF(ISNUMBER(T103), VALUE(MID(_xlfn.FORMULATEXT(T103), 2, SEARCH("-", _xlfn.FORMULATEXT(T103)) - 2)), "") | AC103: AspChan | AD103: Yes
A104: Matt.5.23 | D104: (22) πυρος (23) εαν ουν | E104: (22) πυρος (23) επει ουν | J104: Substitution - Word | T104: =7-148 -> -141 | U104: =IF(ISNUMBER(T104),VALUE(MID(_xlfn.FORMULATEXT(T104),SEARCH("-",_xlfn.FORMULATEXT(T104))+1,LEN(_xlfn.FORMULATEXT(T104))-SEARCH("-",_xlfn.FORMULATEXT(T104)))), "") -> 148 | V104: =IF(ISNUMBER(T104), VALUE(MID(_xlfn.FORMULATEXT(T104), 2, SEARCH("-", _xlfn.FORMULATEXT(T104)) - 2)), "") -> 7 | AG104: No
A105: Matt.5.24 | D105: ενπροσθεν | E105: εμπροσθεν | J105: Substitution - Form | U105: =IF(ISNUMBER(T105),VALUE(MID(_xlfn.FORMULATEXT(T105),SEARCH("-",_xlfn.FORMULATEXT(T105))+1,LEN(_xlfn.FORMULATEXT(T105))-SEARCH("-",_xlfn.FORMULATEXT(T105)))), "") | V105: =IF(ISNUMBER(T105), VALUE(MID(_xlfn.FORMULATEXT(T105), 2, SEARCH("-", _xlfn.FORMULATEXT(T105)) - 2)), "") | AB105: AltForm | AD105: Yes
...

Sheet Gen-filters
A1: Verse Ref | B1: Autograph | C1: Apograph | D1: Exclusion Grounds | E1: Corrector Followed | F1: Apograph Corrected | G1: Basic Type | H1: Phrase Length | I1: Words Length | J1: Letters Length | K1: Speech Part Add/Omitted | L1: Visual Cues | M1: Cue Regions | N1: Cue Length | O1: Duplicate Material | P1: AO Word Frequency | Q1: SUB Frequency Difference | R1: SUB_Aut_Freq | S1: SUB_Apog_Freq | T1: Harmonization - Context | U1: Parallel Present | V1: Harmonization - Parallel | W1: Singularity | X1: Secondary | Y1: Minutiae | Z1: Orthographic - General | AA1: Mere Minutiae | AB1: Nonsense | AC1: Review | AD1: TR_Reading
A2: Matt.1.25 | B2: εκαλεσεν το ονομα | C2: ελαλησεν το ονομα | G2: Substitution - Word | Q2: 103 | R2: 93 | S2: 196 | T2: Disharmonizing | AD2: No
A3: Matt.2.8 | B3: πορευθεντες εξετασαται ακρειβως περι | C3: πορευθεντες ακριβως εξετασαται περι | G3: Transposition | AD3: Yes
A4: Matt.2.11 | B4: ζμυρναν | C4: σμυρναν | G4: Substitution - Form | AD4: Yes
A5: Matt.2.13 | B5: παραλαβε τον παιδα | C5: παρελαβε τον παιδα | G5: Substitution - Form | AD5: No
A6: Matt.2.14 | B6: ο δε διεγερθεις | C6: ο δε εγερθεις | G6: Substitution - Word | Q6: 95 | R6: 4 | S6: 99 | T6: Harmonizing | AD6: Yes
A7: Matt.2.20 | B7: γαρ οι ζητουντες | C7: γαρ ζητουντες | F7: Yes | G7: Omission | I7: 1 | J7: 2 | K7: Article | L7: NA | P7: 11843 | AD7: No
A8: Matt.3.1 | B8: εν ταις ημεραις | C8: εν δε ταις ημεραις | G8: Addition | I8: 1 | J8: 2 | K8: Conjunction | L8: NA | P8: 1966 | AD8: Yes
A9: Matt.3.15 | B9: εστιν ημιν πληρωσαι | C9: εστιν ημας πληρωσαι | F9: Yes | G9: Substitution - Form | AD9: No
A10: Matt.3.16 | B10: ως περιστεραν και ερχομενον εις αυτον (17) και ιδου | C10: ωσπερ ιστεραν (17) και ιδου | G10: Omission | I10: 4 | J10: 20 | L10: Present | M10: BD | N10: 3 | P10: 507 | AD10: No
A11: Matt.3.17 | B11: ει ο υιος μου | C11: ει υιος μου | G11: Omission | I11: 1 | J11: 1 | K11: Article | L11: NA | P11: 11843 | AD11: Yes
A12: Matt.4.1 | B12: υπο του διαβολου | C12: υπο διαβολου | G12: Omission | I12: 1 | J12: 3 | K12: Article | L12: Absent | P12: 11843 | AD12: No
A13: Matt.4.3 | B13: ειπεν αυτω ει υιος | C13: ειπεν ει υιος | G13: Omission | I13: 1 | J13: 4 | K13: Pronoun | L13: Absent | P13: 4240 | T13: Harmonizing | AD13: Yes
A14: Matt.4.22 | B14: πατερα αυτων ηκολουθησαν αυτω (23) και περιηγεν | C14: πατερα αυτων (23) και περιηγεν | G14: Omission | I14: 2 | J14: 15 | L14: Present | M14: AC | N14: 4 | P14: 83 | AD14: No
A15: Matt.4.24 | B15: δαιμονιζομενους και σεληνιαζομενους και παραλυτικους και παντας | C15: δαιμονιζομενους και παραλυτικους και σεληνιαζομενους και παντας | G15: Transposition | AD15: No
A16: Matt.5.12 | B16: εδιωξαν τους προφητας | C16: εδιωξαν προφητας | F16: Yes | G16: Omission | I16: 1 | J16: 4 | K16: Article | L16: Absent | P16: 11843 | AD16: No
A17: Matt.5.18 | B17: εως αν γενηται παντα | C17: εως γενηται αν παντα | G17: Transposition | I17: 1 | J17: 2 | K17: Particle | L17: NA | P17: 134 | AD17: No
A18: Matt.5.19 | B18: ος ουν λυσει | C18: ος δε ουν λυσει | E18: No | G18: Addition | I18: 1 | J18: 2 | K18: Conjunction | L18: NA | P18: 1966 | AD18: No
A19: Matt.5.23 | B19: (22) πυρος (23) εαν ουν | C19: (22) πυρος (23) επει ουν | G19: Substitution - Word | Q19: -141 | R19: 148 | S19: 7 | AD19: No
A20: Matt.5.42 | B20: σε δος και | C20: σε διδου και | G20: Substitution - Form | AD20: Yes
A21: Matt.6.4 | B21: οπως η ελεημοσυνη | C21: οπως ελεημοσυνη | G21: Omission | I21: 1 | J21: 1 | K21: Article | L21: NA | P21: 11843 | AD21: No
A22: Matt.6.5 | B22: ως οι υποκριται | C22: ως υποκριται | G22: Omission | I22: 1 | J22: 2 | K22: Article | L22: NA | P22: 11843 | T22: Disharmonizing | AD22: No
A23: Matt.6.6 | B23: πατρι σου εν τω | C23: πατρι τω εν τω | G23: Substitution - Word | Q23: 10102 | R23: 1741 | S23: 11843 | T23: Disharmonizing | AD23: No
A24: Matt.6.16 | B24: ως οι υποκρειται | C24: ωσπερ οι υποκριται | G24: Substitution - Word | Q24: -190 | R24: 207 | S24: 17 | AD24: Yes
A25: Matt.6.17 | B25: και το προσωπον | C25: και προσωπον | G25: Omission | I25: 1 | J25: 2 | K25: Article | L25: NA | P25: 11843 | AD25: No
A26: Matt.6.19 | B26: θησαυρισεται | C26: θησαυριζεται | G26: Substitution - Form | AD26: Partial
A27: Matt.9.17 | B27: παλαιους ει δε μη γε ρησσει ο οινος | C27: παλαιους ρησει ο οινος | G27: Omission | I27: 4 | J27: 8 | L27: Absent | P27: 16 | AD27: No
A28: Matt.9.30 | B28: αυτοις ιης | C28: αυτοις ο ις | G28: Addition | I28: 1 | J28: 1 | K28: Article | L28: NA | P28: 11843 | AD28: Yes
A29: Matt.9.36 | B29: ιδων δε τους οχλους | C29: ιδων δε οχλους | F29: Yes | G29: Omission | I29: 1 | J29: 4 | K29: Article | L29: Present | M29: BD:CD | N29: 3:3 | P29: 11843 | AD29: No
A30: Matt.9.37 | B30: οι δε εργαται | C30: οι εργαται | G30: Omission | I30: 1 | J30: 2 | K30: Conjunction | L30: NA | P30: 1966 | AD30: No
A31: Matt.10.2 | B31: των ιβ | C31: των δε ιβ | G31: Addition | I31: 1 | J31: 2 | K31: Conjunction | L31: NA | P31: 1966 | AD31: Yes
A32: Matt.10.8 | B32: εγειρατε | C32: εγειρετε | G32: Substitution - Form | AD32: Yes
A33: Matt.10.8 | B33: καθαρεισατε και δαιμονια εκβαλετε | C33: καθαριζετε δαιμονια εκβαλετε | G33: Substitution - Form | AD33: Yes
A34: Matt.10.8 | B34: καθαρεισατε και δαιμονια εκβαλετε | C34: καθαριζετε δαιμονια εκβαλετε | G34: Omission | I34: 1 | J34: 3 | K34: Conjunction | L34: Present | M34: AB:AC | N34: 3:3 | P34: 5676 | AD34: No
A35: Matt.10.9 | B35: χρυσον μητε αργυρον μητε χαλκον | C35: χρυσον μηδε αργυρον μηδε χαλκον | G35: Substitution - Word | Q35: 8 | R35: 20 | S35: 28 | AD35: Yes
A36: Matt.10.9 | B36: χρυσον μητε αργυρον μητε χαλκον | C36: χρυσον μηδε αργυρον μηδε χαλκον | G36: Substitution - Word | Q36: 8 | R36: 20 | S36: 28 | AD36: Yes
A37: Matt.10.16 | B37: ως αι περιστεραι | C37: ως περιστεραι | G37: Omission | I37: 1 | J37: 2 | K37: Article | L37: NA | P37: 11843 | AD37: No
A38: Matt.10.17 | B38: προσεχετε απο | C38: προσεχετε δε απο | G38: Addition | I38: 1 | J38: 2 | K38: Conjunction | L38: NA | P38: 1966 | AD38: Yes
A39: Matt.10.27 | B39: ο λεγω υμειν | C39: ο δε λεγω υμειν | G39: Addition | I39: 1 | J39: 2 | K39: Conjunction | L39: NA | P39: 1966 | AD39: No
A40: Matt.10.29 | B40: στρουθια του ασσαριου | C40: στρουθια ασσαριου | G40: Omission | I40: 1 | J40: 3 | K40: Article | L40: Present | M40: AB:AC | N40: 3:3 | P40: 11843 | AD40: Yes
A41: Matt.10.33 | B41: οστις δ αν αρνησητε | C41: οστις δ αρνησητε | F41: Yes | G41: Omission | I41: 1 | J41: 2 | K41: Particle | L41: NA | P41: 134 | AD41: Yes
A42: Matt.10.35 | B42: κατα πατρος | C42: κατα του πατρος | G42: Addition | I42: 1 | J42: 3 | K42: Article | L42: Absent | P42: 11843 | T42: Harmonizing | AD42: Yes
A43: Matt.10.35 | B43: μητρος αυτης και νυμφην κατα της πενθερας αυτης (36) και εκθροι | C43: μητρος αυτης (36) και εκθροι | G43: Omission | I43: 6 | J43: 29 | L43: Present | M43: AC:BD | N43: 7:3 | P43: 4 | AD43: No
A44: Matt.10.42 | B44: των ελαχιστων τουτων ποτηριον | C44: των τουτων ελαχιστων ποτηριον | G44: Transposition | AD44: No
A45: Matt.11.1 | B45: διατασσων τοις δωδεκα | C45: διατασσων δωδεκα | F45: Yes | G45: Omission | I45: 1 | J45: 4 | K45: Article | L45: Absent | P45: 11843 | AD45: No
A46: Matt.11.4 | B46: απαγγειλατε ιωαννει | C46: απαγγειλατε τω ιωανει | G46: Addition | I46: 1 | J46: 2 | K46: Article | L46: NA | P46: 11843 | AD46: No
A47: Matt.11.7 | B47: ηρξατο ιης | C47: ηρξατο ο ις | G47: Addition | I47: 1 | J47: 1 | K47: Article | L47: NA | P47: 11843 | AD47: Yes
A48: Matt.11.11 | B48: ουρανων μειζων αυτου εστιν | C48: ουρανων αυτου μειζων εστιν | G48: Transposition | AD48: No
A49: Matt.11.16 | B49: προσφωνουντα τοις ετεροις | C49: προσφωνουντα ετεροις | G49: Omission | I49: 1 | J49: 4 | K49: Article | L49: Present | M49: BD:CD | N49: 4:4 | P49: 11843 | AD49: No
A50: Matt.11.18 | B50: εσθιων μητε πεινων | C50: εσθιων μητε πιων | G50: Substitution - Word | Q50: 37 | R50: 17 | S50: 54 | T50: Disharmonizing | AD50: No
A51: Matt.11.25 | B51: απο σοφων και συνετων | C51: απο συνετων και σοφων | G51: Transposition | Q51: 0 | R51: 3 | S51: 3 | AD51: No
A52: Matt.11.27 | B52: πατερα τις επιγεινωσκει ει μη | C52: πατερα επιγεινωσκει ει μη | G52: Omission | I52: 1 | J52: 3 | K52: Pronoun | L52: Absent | P52: 301 | AD52: No
A53: Matt.11.29 | B53: πραυς | C53: πραος | G53: Substitution - Form | AD53: Yes
A54: Matt.12.1 | B54: ηρξαντο του σταχυας τιλλειν | C54: ηρξαντο σταχυας τιλλειν | G54: Omission | I54: 1 | J54: 3 | K54: Article | L54: Absent | P54: 11843 | AD54: No
A55: Matt.12.2 | B55: φαρισαιοι ιδοντες αυτους ειπον | C55: φαρισαιοι αυτους ιδοντες ειπον | G55: Transposition | AD55: No
A56: Matt.12.5 | B56: η ουκ ανεγνωτε | C56: η μεν ουκ ανεγνωτε | G56: Addition | I56: 1 | J56: 3 | K56: Particle | L56: Absent | P56: 92 | AD56: No
A57: Matt.12.6 | B57: ιερου μειζον εστιν | C57: ιερου ο μειζων εστιν | G57: Addition | I57: 1 | J57: 1 | K57: Article | L57: NA | P57: 11843 | AD57: No
A58: Matt.12.10 | B58: ην εκει την χειρα | C58: ην την χειρα | G58: Omission | I58: 1 | J58: 4 | K58: Adverb | L58: Absent | P58: 10 | AD58: Yes
A59: Matt.12.18 | B59: απαγγελλει | C59: αναγγελλει | G59: Substitution - Word | Q59: -30 | R59: 40 | S59: 10 | AD59: No
A60: Matt.12.22 | B60: ωστε τον κωφον | C60: ωστε κωφον | G60: Omission | I60: 1 | J60: 3 | K60: Article | L60: Absent | P60: 11843 | AD60: No
A61: Matt.12.23 | B61: μητι οτι ουτος | C61: μητι ουτος | G61: Omission | I61: 1 | J61: 3 | K61: Conjunction | L61: Absent | P61: 810 | AD61: Yes
A62: Matt.12.23 | B62: υιος δαυειδ | C62: υιος του δαβειδ | G62: Addition | I62: 1 | J62: 3 | K62: Article | L62: Absent | P62: 11843 | AD62: No
A63: Matt.12.25 | B63: εφ εαυτην ερημουτει | C63: εφ εαυτη ερημουται | G63: Substitution - Form | AD63: No
A64: Matt.12.27 | B64: κριται εσονται υμων | C64: κριται υμων εσονται | G64: Transposition | AD64: No
A65: Matt.12.28 | B65: πνι θυ εγω | C65: πνευματι εγω | G65: Omission | I65: 1 | J65: 2 | K65: Noun | L65: NA | P65: 472 | AD65: No
A66: Matt.12.29 | B66: τις εισελθειν | C66: τις εξελθειν | G66: Substitution - Word | Q66: 21 | R66: 165 | S66: 186 | AD66: No
A67: Matt.12.29 | B67: διαρπαση | C67: διαρπασει | G67: Substitution - Form | AD67: No
A68: Matt.12.33 | B68: το δενδρον σαπρον | C68: τον δενδρον σαπρον | G68: Substitution - Form | AD68: No
A69: Matt.12.37 | B69: δικαιωθηση η εκ των | C69: δικαιωθηση και εκ των | G69: Substitution - Word | Q69: 5483 | R69: 193 | S69: 5676 | AD69: Yes
A70: Matt.12.41 | B70: κηρυγμα ιωνα | C70: κηρυγμα του ιωνα | F70: Yes | G70: Addition | I70: 1 | J70: 3 | K70: Article | L70: Absent | P70: 11843 | AD70: No
A71: Matt.12.43 | B71: εξηλθη απο | C71: εξηλθεν απο | G71: Substitution - Form | AD71: No
A72: Matt.12.48 | B72: μου η τινες | C72: μου και τινες | G72: Substitution - Word | Q72: 5483 | R72: 193 | S72: 5676 | AD72: Yes
A73: Matt.12.50 | B73: οστις γαρ ποιει | C73: οστις γαρ αν ποιει | G73: Addition | I73: 1 | J73: 2 | K73: Particle | L73: NA | P73: 134 | AD73: Yes
A74: Matt.13.3 | B74: σπειρων σπειραι | C74: σπειρων του σπειραι | G74: Addition | I74: 1 | J74: 3 | K74: Article | L74: Absent | P74: 11843 | AD74: Yes
A75: Matt.13.4 | B75: επεσεν | C75: επεσον | G75: Substitution - Form | T75: Disharmonizing | AD75: No
A76: Matt.13.5 | B76: α δε επεσεν | C76: α μεν επεσεν | G76: Substitution - Word | Q76: -1874 | R76: 1966 | S76: 92 | AD76: No
A77: Matt.13.14 | B77: και ου μη συνηται | C77: και μη συνηται | G77: Omission | I77: 1 | J77: 2 | K77: Particle | L77: NA | P77: 887 | AD77: No
A78: Matt.13.16 | B78: μακαριοι οφθαλμοι | C78: μακαριοι οιοφθαλμοι | G78: Addition | I78: 1 | J78: 2 | K78: Article | L78: NA | P78: 11843 | AD78: Yes
A79: Matt.13.19 | B79: συνιοντος | C79: συνιεντος | G79: Substitution - Word | Q79: 19 | R79: 3 | S79: 22 | AD79: Yes
A80: Matt.13.21 | B80: τον λογον ευθεως σκανδαλιζεται (22) ο δε | C80: τον λογον σκανδαλιζεται ευθεως (22) ο δε | G80: Transposition | AD80: No
A81: Matt.13.22 | B81: αιωνος και η απατη | C81: αιωνος τουτου και η απατη | G81: Addition | I81: 1 | J81: 6 | K81: Preposition | L81: Absent | P81: 930 | AD81: Yes
A82: Matt.13.23 | B82: συνιεις | C82: συνεις | G82: Substitution - Form | AD82: No
A83: Matt.13.24 | B83: εν τω ιδιω αγρω | C83: εν τω αγρω ιδιω | G83: Transposition | AD83: No
A84: Matt.13.27 | B84: εσπειρες | C84: εσπειρας | G84: Substitution - Form | AD84: Yes
A85: Matt.13.32 | B85: αυξηση | C85: αυξηθη | G85: Substitution - Form | AD85: Yes
A86: Matt.13.40 | B86: συνλεγονται | C86: συνλεγεται | G86: Substitution - Form | AD86: Yes
A87: Matt.13.40 | B87: του αιωνος (41) αποστελει | C87: του αιωνος τουτου (41) αποστελει | G87: Addition | I87: 1 | J87: 6 | K87: Pronoun | L87: Absent | P87: 930 | AD87: Yes
A88: Matt.13.48 | B88: ανεβιβασαν | C88: αναβιβασαν | G88: Substitution - Form | AD88: No
A89: Matt.13.48 | B89: εις τα αγγια | C89: εις αγγεια | G89: Omission | I89: 1 | J89: 2 | K89: Article | L89: NA | P89: 11843 | AD89: Yes
A90: Matt.13.51 | B90: παντα λεγουσιν αυτω ναι (52) λεγει αυτοις δια τουτο | C90: παντα λεγει αυτοις (52) λεγουσιν αυτω ναι δια τουτο | G90: Transposition | AD90: No
A91: Matt.14.4 | B91: αυτω ιωαννης | C91: αυτω ο ιωαννης | G91: Addition | I91: 1 | J91: 1 | K91: Article | L91: NA | P91: 11843 | AD91: Yes
A92: Matt.14.5 | B92: τον οχλον οτι | C92: τον λαον οτι | G92: Substitution - Word | Q92: -68 | R92: 171 | S92: 103 | AD92: No
A93: Matt.14.8 | B93: ωδε κεφαλην ιωαννου του βαπτιστου | C93: ωδε την κεφαλην του βαπτιστου | G93: Omission | I93: 1 | J93: 7 | K93: Noun | L93: Absent | P93: 131 | AD93: No
A94: Matt.14.9 | B94: (8) βαπτιστου (9) και λυπηθεις | C94: (8) βαπτιστου (9) λυπηθεις | G94: Omission | I94: 1 | J94: 3 | K94: Conjunction | L94: Absent | P94: 5676 | AD94: No
A95: Matt.14.32 | B95: εις το πλοιον | C95: εις πλοιον | G95: Omission | I95: 1 | J95: 2 | K95: Article | L95: NA | P95: 11843 | AD95: No
A96: Matt.14.34 | B96: διαπερασαντες | C96: διαπρασαντες | G96: Substitution - Word | Q96: -6 | R96: 6 | S96: 0 | AD96: No
A97: Matt.15.6 | B97: (5) ωφελθηθης (6) ου μη | C97: (5) ωφελθηθης (6) και ου μη | G97: Addition | I97: 1 | J97: 3 | K97: Conjunction | L97: Absent | P97: 5676 | AD97: Yes
A98: Matt.15.11 | B98: κοινωνι τον ανθρωπον αλλα | C98: κοινωνει αλλα | G98: Omission | I98: 2 | J98: 11 | L98: Present | M98: AC | N98: 3 | P98: 371 | T98: Disharmonizing | AD98: No
A99: Matt.15.11 | B99: κοινωνει τον ανθρωπον (12) τοτε | C99: κοινωνει ανθρωπον (12) τοτε | G99: Omission | I99: 1 | J99: 3 | K99: Article | L99: Absent | P99: 11843 | T99: Disharmonizing | AD99: No
A100: Matt.15.14 | B100: αφετε τους τυφλους τυφλοι εισιν | C100: αφετε τυφλοι εισιν | G100: Omission | I100: 2 | J100: 11 | L100: Present | M100: CD | N100: 5 | P100: 47 | AD100: No
...

Sheet AddOmits
A1: Verse Ref | B1: Autograph | C1: Apograph | D1: Exclusion Grounds | E1: Corrector Followed | F1: Apograph Corrected | G1: Basic Type | H1: Phrase Length | I1: Words Length | J1: Letters Length | K1: Speech Part Add/Omitted | L1: Visual Cues | M1: Cue Regions | N1: Cue Length | O1: Duplicate Material | P1: AO Word Frequency | Q1: Freq-per-10000 | R1: SUB Frequency Difference | S1: Harmonization - Context | T1: Parallel Present | U1: Harmonization - Parallel | V1: Singularity | W1: Secondary | X1: Minutiae | Y1: Orthographic - General | Z1: Mere Minutiae | AA1: Nonsense | AB1: Review
A2: Matt.2.20 | B2: γαρ οι ζητουντες | C2: γαρ ζητουντες | F2: Yes | G2: Omission | I2: 1 | J2: 2 | K2: Article | L2: NA | P2: 11843 | Q2: =IF(ISNUMBER(P2), (P2/$F$988)*10000, "") -> 1423.0954
A3: Matt.3.1 | B3: εν ταις ημεραις | C3: εν δε ταις ημεραις | G3: Addition | I3: 1 | J3: 2 | K3: Conjunction | L3: NA | P3: 1966 | Q3: =IF(ISNUMBER(P3), (P3/$F$988)*10000, "") -> 236.24129
A4: Matt.3.16 | B4: ως περιστεραν και ερχομενον εις αυτον (17) και ιδου | C4: ωσπερ ιστεραν (17) και ιδου | G4: Omission | I4: 4 | J4: 20 | L4: Present | M4: BD | N4: 3 | P4: 507 | Q4: =IF(ISNUMBER(P4), (P4/$F$988)*10000, "") -> 60.922855
A5: Matt.3.17 | B5: ει ο υιος μου | C5: ει υιος μου | G5: Omission | I5: 1 | J5: 1 | K5: Article | L5: NA | P5: 11843 | Q5: =IF(ISNUMBER(P5), (P5/$F$988)*10000, "") -> 1423.0954
A6: Matt.4.1 | B6: υπο του διαβολου | C6: υπο διαβολου | G6: Omission | I6: 1 | J6: 3 | K6: Article | L6: Absent | P6: 11843 | Q6: =IF(ISNUMBER(P6), (P6/$F$988)*10000, "") -> 1423.0954
A7: Matt.4.3 | B7: ειπεν αυτω ει υιος | C7: ειπεν ει υιος | G7: Omission | I7: 1 | J7: 4 | K7: Pronoun | L7: Absent | P7: 4240 | Q7: =IF(ISNUMBER(P7), (P7/$F$988)*10000, "") -> 509.49291 | U7: Harmonizing
A8: Matt.4.22 | B8: πατερα αυτων ηκολουθησαν αυτω (23) και περιηγεν | C8: πατερα αυτων (23) και περιηγεν | G8: Omission | I8: 2 | J8: 15 | L8: Present | M8: AC | N8: 4 | P8: 83 | Q8: =IF(ISNUMBER(P8), (P8/$F$988)*10000, "") -> 9.973564
A9: Matt.5.12 | B9: εδιωξαν τους προφητας | C9: εδιωξαν προφητας | F9: Yes | G9: Omission | I9: 1 | J9: 4 | K9: Article | L9: Absent | P9: 11843 | Q9: =IF(ISNUMBER(P9), (P9/$F$988)*10000, "") -> 1423.0954
A10: Matt.5.19 | B10: ος ουν λυσει | C10: ος δε ουν λυσει | E10: No | G10: Addition | I10: 1 | J10: 2 | K10: Conjunction | L10: NA | P10: 1966 | Q10: =IF(ISNUMBER(P10), (P10/$F$988)*10000, "") -> 236.24129
A11: Matt.6.4 | B11: οπως η ελεημοσυνη | C11: οπως ελεημοσυνη | G11: Omission | I11: 1 | J11: 1 | K11: Article | L11: NA | P11: 11843 | Q11: =IF(ISNUMBER(P11), (P11/$F$988)*10000, "") -> 1423.0954
A12: Matt.6.5 | B12: ως οι υποκριται | C12: ως υποκριται | G12: Omission | I12: 1 | J12: 2 | K12: Article | L12: NA | P12: 11843 | Q12: =IF(ISNUMBER(P12), (P12/$F$988)*10000, "") -> 1423.0954 | U12: Disharmonizing
A13: Matt.6.17 | B13: και το προσωπον | C13: και προσωπον | G13: Omission | I13: 1 | J13: 2 | K13: Article | L13: NA | P13: 11843 | Q13: =IF(ISNUMBER(P13), (P13/$F$988)*10000, "") -> 1423.0954
A14: Matt.9.17 | B14: παλαιους ει δε μη γε ρησσει ο οινος | C14: παλαιους ρησει ο οινος | G14: Omission | I14: 4 | J14: 8 | L14: Absent | P14: 16 | Q14: =IF(ISNUMBER(P14), (P14/$F$988)*10000, "") -> 1.9226148
A15: Matt.9.30 | B15: αυτοις ιης | C15: αυτοις ο ις | G15: Addition | I15: 1 | J15: 1 | K15: Article | L15: NA | P15: 11843 | Q15: =IF(ISNUMBER(P15), (P15/$F$988)*10000, "") -> 1423.0954
A16: Matt.9.36 | B16: ιδων δε τους οχλους | C16: ιδων δε οχλους | F16: Yes | G16: Omission | I16: 1 | J16: 4 | K16: Article | L16: Present | M16: BD:CD | N16: 3:3 | P16: 11843 | Q16: =IF(ISNUMBER(P16), (P16/$F$988)*10000, "") -> 1423.0954
A17: Matt.9.37 | B17: οι δε εργαται | C17: οι εργαται | G17: Omission | I17: 1 | J17: 2 | K17: Conjunction | L17: NA | P17: 1966 | Q17: =IF(ISNUMBER(P17), (P17/$F$988)*10000, "") -> 236.24129
A18: Matt.10.2 | B18: των ιβ | C18: των δε ιβ | G18: Addition | I18: 1 | J18: 2 | K18: Conjunction | L18: NA | P18: 1966 | Q18: =IF(ISNUMBER(P18), (P18/$F$988)*10000, "") -> 236.24129
A19: Matt.10.8 | B19: καθαρεισατε και δαιμονια εκβαλετε | C19: καθαριζετε δαιμονια εκβαλετε | G19: Omission | I19: 1 | J19: 3 | K19: Conjunction | L19: Present | M19: AB:AC | N19: 3:3 | P19: 5676 | Q19: =IF(ISNUMBER(P19), (P19/$F$988)*10000, "") -> 682.04758
A20: Matt.10.16 | B20: ως αι περιστεραι | C20: ως περιστεραι | G20: Omission | I20: 1 | J20: 2 | K20: Article | L20: NA | P20: 11843 | Q20: =IF(ISNUMBER(P20), (P20/$F$988)*10000, "") -> 1423.0954
A21: Matt.10.17 | B21: προσεχετε απο | C21: προσεχετε δε απο | G21: Addition | I21: 1 | J21: 2 | K21: Conjunction | L21: NA | P21: 1966 | Q21: =IF(ISNUMBER(P21), (P21/$F$988)*10000, "") -> 236.24129
A22: Matt.10.27 | B22: ο λεγω υμειν | C22: ο δε λεγω υμειν | G22: Addition | I22: 1 | J22: 2 | K22: Conjunction | L22: NA | P22: 1966 | Q22: =IF(ISNUMBER(P22), (P22/$F$988)*10000, "") -> 236.24129
A23: Matt.10.29 | B23: στρουθια του ασσαριου | C23: στρουθια ασσαριου | G23: Omission | I23: 1 | J23: 3 | K23: Article | L23: Present | M23: AB:AC | N23: 3:3 | P23: 11843 | Q23: =IF(ISNUMBER(P23), (P23/$F$988)*10000, "") -> 1423.0954
A24: Matt.10.33 | B24: οστις δ αν αρνησητε | C24: οστις δ αρνησητε | F24: Yes | G24: Omission | I24: 1 | J24: 2 | K24: Particle | L24: NA | P24: 134 | Q24: =IF(ISNUMBER(P24), (P24/$F$988)*10000, "") -> 16.101899
A25: Matt.10.35 | B25: κατα πατρος | C25: κατα του πατρος | G25: Addition | I25: 1 | J25: 3 | K25: Article | L25: Absent | P25: 11843 | Q25: =IF(ISNUMBER(P25), (P25/$F$988)*10000, "") -> 1423.0954 | U25: Harmonizing
A26: Matt.10.35 | B26: μητρος αυτης και νυμφην κατα της πενθερας αυτης (36) και εκθροι | C26: μητρος αυτης (36) και εκθροι | G26: Omission | I26: 6 | J26: 29 | L26: Present | M26: AC:BD | N26: 7:3 | P26: 4 | Q26: =IF(ISNUMBER(P26), (P26/$F$988)*10000, "") -> 0.48065369
A27: Matt.11.1 | B27: διατασσων τοις δωδεκα | C27: διατασσων δωδεκα | F27: Yes | G27: Omission | I27: 1 | J27: 4 | K27: Article | L27: Absent | P27: 11843 | Q27: =IF(ISNUMBER(P27), (P27/$F$988)*10000, "") -> 1423.0954
A28: Matt.11.4 | B28: απαγγειλατε ιωαννει | C28: απαγγειλατε τω ιωανει | G28: Addition | I28: 1 | J28: 2 | K28: Article | L28: NA | P28: 11843 | Q28: =IF(ISNUMBER(P28), (P28/$F$988)*10000, "") -> 1423.0954
A29: Matt.11.7 | B29: ηρξατο ιης | C29: ηρξατο ο ις | G29: Addition | I29: 1 | J29: 1 | K29: Article | L29: NA | P29: 11843 | Q29: =IF(ISNUMBER(P29), (P29/$F$988)*10000, "") -> 1423.0954
A30: Matt.11.16 | B30: προσφωνουντα τοις ετεροις | C30: προσφωνουντα ετεροις | G30: Omission | I30: 1 | J30: 4 | K30: Article | L30: Present | M30: BD:CD | N30: 4:4 | P30: 11843 | Q30: =IF(ISNUMBER(P30), (P30/$F$988)*10000, "") -> 1423.0954
A31: Matt.11.27 | B31: πατερα τις επιγεινωσκει ει μη | C31: πατερα επιγεινωσκει ει μη | G31: Omission | I31: 1 | J31: 3 | K31: Pronoun | L31: Absent | P31: 301 | Q31: =IF(ISNUMBER(P31), (P31/$F$988)*10000, "") -> 36.16919
A32: Matt.12.1 | B32: ηρξαντο του σταχυας τιλλειν | C32: ηρξαντο σταχυας τιλλειν | G32: Omission | I32: 1 | J32: 3 | K32: Article | L32: Absent | P32: 11843 | Q32: =IF(ISNUMBER(P32), (P32/$F$988)*10000, "") -> 1423.0954
A33: Matt.12.5 | B33: η ουκ ανεγνωτε | C33: η μεν ουκ ανεγνωτε | G33: Addition | I33: 1 | J33: 3 | K33: Particle | L33: Absent | P33: 92 | Q33: =IF(ISNUMBER(P33), (P33/$F$988)*10000, "") -> 11.055035
A34: Matt.12.6 | B34: ιερου μειζον εστιν | C34: ιερου ο μειζων εστιν | G34: Addition | I34: 1 | J34: 1 | K34: Article | L34: NA | P34: 11843 | Q34: =IF(ISNUMBER(P34), (P34/$F$988)*10000, "") -> 1423.0954
A35: Matt.12.10 | B35: ην εκει την χειρα | C35: ην την χειρα | G35: Omission | I35: 1 | J35: 4 | K35: Adverb | L35: Absent | P35: 10 | Q35: =IF(ISNUMBER(P35), (P35/$F$988)*10000, "") -> 1.2016342
A36: Matt.12.22 | B36: ωστε τον κωφον | C36: ωστε κωφον | G36: Omission | I36: 1 | J36: 3 | K36: Article | L36: Absent | P36: 11843 | Q36: =IF(ISNUMBER(P36), (P36/$F$988)*10000, "") -> 1423.0954
A37: Matt.12.23 | B37: μητι οτι ουτος | C37: μητι ουτος | G37: Omission | I37: 1 | J37: 3 | K37: Conjunction | L37: Absent | P37: 810 | Q37: =IF(ISNUMBER(P37), (P37/$F$988)*10000, "") -> 97.332372
A38: Matt.12.23 | B38: υιος δαυειδ | C38: υιος του δαβειδ | G38: Addition | I38: 1 | J38: 3 | K38: Article | L38: Absent | P38: 11843 | Q38: =IF(ISNUMBER(P38), (P38/$F$988)*10000, "") -> 1423.0954
A39: Matt.12.28 | B39: πνι θυ εγω | C39: πνευματι εγω | G39: Omission | I39: 1 | J39: 2 | K39: Noun | L39: NA | P39: 472 | Q39: =IF(ISNUMBER(P39), (P39/$F$988)*10000, "") -> 56.717135
A40: Matt.12.41 | B40: κηρυγμα ιωνα | C40: κηρυγμα του ιωνα | F40: Yes | G40: Addition | I40: 1 | J40: 3 | K40: Article | L40: Absent | P40: 11843 | Q40: =IF(ISNUMBER(P40), (P40/$F$988)*10000, "") -> 1423.0954
A41: Matt.12.50 | B41: οστις γαρ ποιει | C41: οστις γαρ αν ποιει | G41: Addition | I41: 1 | J41: 2 | K41: Particle | L41: NA | P41: 134 | Q41: =IF(ISNUMBER(P41), (P41/$F$988)*10000, "") -> 16.101899
A42: Matt.13.3 | B42: σπειρων σπειραι | C42: σπειρων του σπειραι | G42: Addition | I42: 1 | J42: 3 | K42: Article | L42: Absent | P42: 11843 | Q42: =IF(ISNUMBER(P42), (P42/$F$988)*10000, "") -> 1423.0954
A43: Matt.13.14 | B43: και ου μη συνηται | C43: και μη συνηται | G43: Omission | I43: 1 | J43: 2 | K43: Particle | L43: NA | P43: 887 | Q43: =IF(ISNUMBER(P43), (P43/$F$988)*10000, "") -> 106.58496
A44: Matt.13.16 | B44: μακαριοι οφθαλμοι | C44: μακαριοι οιοφθαλμοι | G44: Addition | I44: 1 | J44: 2 | K44: Article | L44: NA | P44: 11843 | Q44: =IF(ISNUMBER(P44), (P44/$F$988)*10000, "") -> 1423.0954
A45: Matt.13.22 | B45: αιωνος και η απατη | C45: αιωνος τουτου και η απατη | G45: Addition | I45: 1 | J45: 6 | K45: Preposition | L45: Absent | P45: 930 | Q45: =IF(ISNUMBER(P45), (P45/$F$988)*10000, "") -> 111.75198
A46: Matt.13.40 | B46: του αιωνος (41) αποστελει | C46: του αιωνος τουτου (41) αποστελει | G46: Addition | I46: 1 | J46: 6 | K46: Pronoun | L46: Absent | P46: 930 | Q46: =IF(ISNUMBER(P46), (P46/$F$988)*10000, "") -> 111.75198
A47: Matt.13.48 | B47: εις τα αγγια | C47: εις αγγεια | G47: Omission | I47: 1 | J47: 2 | K47: Article | L47: NA | P47: 11843 | Q47: =IF(ISNUMBER(P47), (P47/$F$988)*10000, "") -> 1423.0954
A48: Matt.14.4 | B48: αυτω ιωαννης | C48: αυτω ο ιωαννης | G48: Addition | I48: 1 | J48: 1 | K48: Article | L48: NA | P48: 11843 | Q48: =IF(ISNUMBER(P48), (P48/$F$988)*10000, "") -> 1423.0954
A49: Matt.14.8 | B49: ωδε κεφαλην ιωαννου του βαπτιστου | C49: ωδε την κεφαλην του βαπτιστου | G49: Omission | I49: 1 | J49: 7 | K49: Noun | L49: Absent | P49: 131 | Q49: =IF(ISNUMBER(P49), (P49/$F$988)*10000, "") -> 15.741408
A50: Matt.14.9 | B50: (8) βαπτιστου (9) και λυπηθεις | C50: (8) βαπτιστου (9) λυπηθεις | G50: Omission | I50: 1 | J50: 3 | K50: Conjunction | L50: Absent | P50: 5676 | Q50: =IF(ISNUMBER(P50), (P50/$F$988)*10000, "") -> 682.04758
A51: Matt.14.32 | B51: εις το πλοιον | C51: εις πλοιον | G51: Omission | I51: 1 | J51: 2 | K51: Article | L51: NA | P51: 11843 | Q51: =IF(ISNUMBER(P51), (P51/$F$988)*10000, "") -> 1423.0954
A52: Matt.15.6 | B52: (5) ωφελθηθης (6) ου μη | C52: (5) ωφελθηθης (6) και ου μη | G52: Addition | I52: 1 | J52: 3 | K52: Conjunction | L52: Absent | P52: 5676 | Q52: =IF(ISNUMBER(P52), (P52/$F$988)*10000, "") -> 682.04758
A53: Matt.15.11 | B53: κοινωνι τον ανθρωπον αλλα | C53: κοινωνει αλλα | G53: Omission | I53: 2 | J53: 11 | L53: Present | M53: AC | N53: 3 | P53: 371 | Q53: =IF(ISNUMBER(P53), (P53/$F$988)*10000, "") -> 44.58063 | U53: Disharmonizing
A54: Matt.15.11 | B54: κοινωνει τον ανθρωπον (12) τοτε | C54: κοινωνει ανθρωπον (12) τοτε | G54: Omission | I54: 1 | J54: 3 | K54: Article | L54: Absent | P54: 11843 | Q54: =IF(ISNUMBER(P54), (P54/$F$988)*10000, "") -> 1423.0954 | U54: Disharmonizing
A55: Matt.15.14 | B55: αφετε τους τυφλους τυφλοι εισιν | C55: αφετε τυφλοι εισιν | G55: Omission | I55: 2 | J55: 11 | L55: Present | M55: CD | N55: 5 | P55: 47 | Q55: =IF(ISNUMBER(P55), (P55/$F$988)*10000, "") -> 5.6476808
A56: Matt.15.27 | B56: τραπεζης των κυναριων αυτων | C56: τραπεζης κυριων αυτων | G56: Omission | I56: 1 | J56: 3 | K56: Article | L56: Absent | P56: 11843 | Q56: =IF(ISNUMBER(P56), (P56/$F$988)*10000, "") -> 1423.0954
A57: Matt.15.31 | B57: λαλουντας και κυλλους | C57: λαλουντας κυλλους | G57: Omission | I57: 1 | J57: 3 | K57: Conjunction | L57: Absent | P57: 5676 | Q57: =IF(ISNUMBER(P57), (P57/$F$988)*10000, "") -> 682.04758
A58: Matt.15.36 | B58: ιχθυας και ευχαριστησας | C58: ιχθυας ευχαριστησας | G58: Omission | I58: 1 | J58: 3 | K58: Conjunction | L58: Absent | P58: 5676 | Q58: =IF(ISNUMBER(P58), (P58/$F$988)*10000, "") -> 682.04758
A59: Matt.15.39 | B59: ορια της μαγαδαν | C59: ορια μαγαδαν | G59: Omission | I59: 1 | J59: 3 | K59: Article | L59: Absent | P59: 11843 | Q59: =IF(ISNUMBER(P59), (P59/$F$988)*10000, "") -> 1423.0954
A60: Matt.16.7 | B60: τοτε διελογιζοντο | C60: τοτε δε διελογιζοντο | G60: Addition | I60: 1 | J60: 2 | K60: Conjunction | L60: NA | P60: 1966 | Q60: =IF(ISNUMBER(P60), (P60/$F$988)*10000, "") -> 236.24129
A61: Matt.16.13 | B61: μαθητας λεγων | C61: μαθητας αυτου λεγων | G61: Addition | I61: 1 | J61: 5 | K61: Pronoun | L61: Absent | P61: 4240 | Q61: =IF(ISNUMBER(P61), (P61/$F$988)*10000, "") -> 509.49291
A62: Matt.16.16 | B62: αποκριθεις δε σιμων πετρος | C62: αποκριθεις δε πετρος σιμων πετρος | F62: Yes | G62: Addition | I62: 1 | J62: 6 | K62: Noun | L62: Absent | P62: 152 | Q62: =IF(ISNUMBER(P62), (P62/$F$988)*10000, "") -> 18.26484
A63: Matt.16.17 | B63: αποκριθεις δε ο ιης | C63: αποκριθεις ο ις | G63: Omission | I63: 1 | J63: 2 | K63: Conjunction | L63: NA | P63: 1966 | Q63: =IF(ISNUMBER(P63), (P63/$F$988)*10000, "") -> 236.24129
A64: Matt.16.20 | B64: οτι ουτος εστιν ο χρς ιης (21) απο | C64: οτι εστιν χριστος ο ις (21) απο | G64: Omission | I64: 1 | J64: 5 | K64: Pronoun | L64: Absent | P64: 930 | Q64: =IF(ISNUMBER(P64), (P64/$F$988)*10000, "") -> 111.75198
A65: Matt.16.21 | B65: ηρξατο ιης δικνυειν τοις μαθηταις αυτου | C65: ηρξατο ο ις δεικνυειν τοις μαθηταις τοις μαθηταις αυτου | G65: Addition | I65: 1 | J65: 1 | K65: Article | L65: NA | P65: 11843 | Q65: =IF(ISNUMBER(P65), (P65/$F$988)*10000, "") -> 1423.0954
A66: Matt.16.21 | B66: ηρξατο ιης δικνυειν τοις μαθηταις αυτου | C66: ηρξατο ο ις δεικνυειν τοις μαθηταις τοις μαθηταις αυτου | G66: Addition | I66: 2 | J66: 12 | L66: Present | M66: AB:AC | N66: 12:12 | O66: Dittography | P66: 261 | Q66: =IF(ISNUMBER(P66), (P66/$F$988)*10000, "") -> 31.362653
A67: Matt.16.23 | B67: αλλα του ανθρωπου | C67: αλλα τα του ανθρωπου | G67: Addition | I67: 1 | J67: 2 | K67: Article | L67: NA | P67: 11843 | Q67: =IF(ISNUMBER(P67), (P67/$F$988)*10000, "") -> 1423.0954
A68: Matt.16.27 | B68: των αγιων αγγελων | C68: των αγγελων | G68: Omission | I68: 1 | J68: 5 | K68: Adjective | L68: Present | M68: BD:CD | N68: 4:4 | P68: 95 | Q68: =IF(ISNUMBER(P68), (P68/$F$988)*10000, "") -> 11.415525
A69: Matt.17.1 | B69: και τον ιακωβον | C69: και ιακωβον | G69: Omission | I69: 1 | J69: 3 | K69: Article | L69: NA | P69: 11843 | Q69: =IF(ISNUMBER(P69), (P69/$F$988)*10000, "") -> 1423.0954
A70: Matt.17.8 | B70: ει μη μονον | C70: ει μονον | F70: Yes | G70: Omission | I70: 1 | J70: 2 | K70: Particle | L70: NA | P70: 526 | Q70: =IF(ISNUMBER(P70), (P70/$F$988)*10000, "") -> 63.20596
A71: Matt.17.15 | B71: και ενιοτε εις το υδωρ | C71: και εις το υδωρ | G71: Omission | I71: 1 | J71: 6 | K71: Adverb | L71: Absent | P71: 0 | Q71: =IF(ISNUMBER(P71), (P71/$F$988)*10000, "") -> 0
A72: Matt.17.23 | B72: αποκτεινουσιν αυτον και μετα | C72: αποκτενουσιν και μετα | G72: Omission | I72: 1 | J72: 5 | K72: Pronoun | L72: Present | M72: AB:AC | N72: 4:4 | P72: 4240 | Q72: =IF(ISNUMBER(P72), (P72/$F$988)*10000, "") -> 509.49291
A73: Matt.17.24 | B73: τελει δειδραγμα | C73: τελει τα διδραχμα | G73: Addition | I73: 1 | J73: 2 | K73: Article | L73: NA | P73: 11843 | Q73: =IF(ISNUMBER(P73), (P73/$F$988)*10000, "") -> 1423.0954
A74: Matt.18.7 | B74: πλην δε ουαι | C74: πλην ουαι | G74: Omission | I74: 1 | J74: 2 | K74: Conjunction | L74: NA | P74: 1966 | Q74: =IF(ISNUMBER(P74), (P74/$F$988)*10000, "") -> 236.24129
A75: Matt.18.12 | B75: τι δε υμειν | C75: τι υμειν | G75: Omission | I75: 1 | J75: 2 | K75: Conjunction | L75: NA | P75: 1966 | Q75: =IF(ISNUMBER(P75), (P75/$F$988)*10000, "") -> 236.24129
A76: Matt.18.15 | B76: υπαγε ελενξον αυτον | C76: υπαγε και ελεγξον αυτον | G76: Addition | I76: 1 | J76: 3 | K76: Conjunction | L76: Absent | P76: 5676 | Q76: =IF(ISNUMBER(P76), (P76/$F$988)*10000, "") -> 682.04758
A77: Matt.18.17 | B77: εαν δε παρακουση | C77: εαν δε μη παρακουση | G77: Addition | I77: 1 | J77: 2 | K77: Particle | L77: NA | P77: 526 | Q77: =IF(ISNUMBER(P77), (P77/$F$988)*10000, "") -> 63.20596
A78: Matt.18.21 | B78: προσελθων πετρος | C78: προσελθων ο πετρος | G78: Addition | I78: 1 | J78: 1 | K78: Article | L78: NA | P78: 11843 | Q78: =IF(ISNUMBER(P78), (P78/$F$988)*10000, "") -> 1423.0954
A79: Matt.18.21 | B79: ειπεν αυτω κε | C79: ειπεν κυριε | G79: Omission | I79: 1 | J79: 4 | K79: Pronoun | L79: Absent | P79: 4240 | Q79: =IF(ISNUMBER(P79), (P79/$F$988)*10000, "") -> 509.49291
A80: Matt.18.28 | B80: αποδος ει τι | C80: αποδος μοι ει τι | G80: Addition | I80: 1 | J80: 3 | K80: Pronoun | L80: Absent | P80: 1496 | Q80: =IF(ISNUMBER(P80), (P80/$F$988)*10000, "") -> 179.76448
A81: Matt.19.5 | B81: καταλειψει ανθρωπος τον πατερα | C81: καταλειψει τον πατερα | G81: Omission | I81: 1 | J81: 8 | K81: Noun | L81: Absent | P81: 371 | Q81: =IF(ISNUMBER(P81), (P81/$F$988)*10000, "") -> 44.58063
A82: Matt.19.7 | B82: ουν ο μωυσης | C82: ουν μωυσης | G82: Omission | I82: 1 | J82: 1 | K82: Article | L82: NA | P82: 11843 | Q82: =IF(ISNUMBER(P82), (P82/$F$988)*10000, "") -> 1423.0954
A83: Matt.19.18 | B83: ειπεν ου φονευσεις | C83: ειπεν το ου φονευσεις | G83: Addition | I83: 1 | J83: 2 | K83: Article | L83: NA | P83: 11843 | Q83: =IF(ISNUMBER(P83), (P83/$F$988)*10000, "") -> 1423.0954
A84: Matt.19.29 | B84: η αδελφας η μητερα η τεκνα | C84: η αδελφας η τεκνα | G84: Omission | I84: 2 | J84: 7 | L84: Absent | P84: 75 | Q84: =IF(ISNUMBER(P84), (P84/$F$988)*10000, "") -> 9.0122567
A85: Matt.20.3 | B85: περι ωραν | C85: περι την ωραν | G85: Addition | I85: 1 | J85: 3 | K85: Article | L85: Absent | P85: 11843 | Q85: =IF(ISNUMBER(P85), (P85/$F$988)*10000, "") -> 1423.0954 | U85: Disharmonizing
A86: Matt.20.5 | B86: παλιν δε εξελθων | C86: παλιν εξελθων | G86: Omission | I86: 1 | J86: 2 | K86: Conjunction | L86: NA | P86: 1966 | Q86: =IF(ISNUMBER(P86), (P86/$F$988)*10000, "") -> 236.24129
A87: Matt.20.10 | B87: λημψονται ελαβον | C87: ληψονται και ελαβον | G87: Addition | I87: 1 | J87: 3 | K87: Conjunction | L87: Absent | P87: 5776 | Q87: =IF(ISNUMBER(P87), (P87/$F$988)*10000, "") -> 694.06393
A88: Matt.20.23 | B88: καθεισαι εκ δεξιων μου και εξ ευωνυμων ουκ εστιν εμον τουτο δουναι | C88: καθισαι εκ δεξιων ουκ εστιν τουτο δουναι | F88: Yes, partially | G88: Omission | I88: 4 | J88: 16 | L88: Present | M88: AC | N88: 3 | P88: 8 | Q88: =IF(ISNUMBER(P88), (P88/$F$988)*10000, "") -> 0.96130738 | U88: Disharmonizing
A89: Matt.20.23 | B89: καθεισαι εκ δεξιων μου και εξ ευωνυμων ουκ εστιν εμον τουτο δουναι | C89: καθισαι εκ δεξιων ουκ εστιν τουτο δουναι | G89: Omission | I89: 1 | J89: 4 | K89: Pronoun | L89: Absent | P89: 50 | Q89: =IF(ISNUMBER(P89), (P89/$F$988)*10000, "") -> 6.0081711
A90: Matt.20.33 | B90: ινα ανυγωσιν οι οφθαλμοι ημων | C90: ινα οφθαλμοι ημων ανυγωσιν | G90: Omission | I90: 1 | J90: 2 | K90: Article | L90: NA | P90: 11843 | Q90: =IF(ISNUMBER(P90), (P90/$F$988)*10000, "") -> 1423.0954
A91: Matt.21.7 | B91: (6) ιης (7) και ηγαγον | C91: (6) ις (7) ηγαγον | G91: Omission | I91: 1 | J91: 3 | K91: Conjunction | L91: Absent | P91: 5676 | Q91: =IF(ISNUMBER(P91), (P91/$F$988)*10000, "") -> 682.04758
A92: Matt.21.7 | B92: επεθηκαν επ αυτον τα ειματεια | C92: επεθηκαν αυτων τα ειματεια | G92: Omission | I92: 1 | J92: 2 | K92: Preposition | L92: NA | P92: 560 | Q92: =IF(ISNUMBER(P92), (P92/$F$988)*10000, "") -> 67.291516
A93: Matt.21.15 | B93: αρχιερεις και οι γραμματεις τα θαυμασια | C93: αρχιερεις τα θαυμασια | G93: Omission | I93: 3 | J93: 15 | L93: Present | M93: AC | N93: 4 | P93: 62 | Q93: =IF(ISNUMBER(P93), (P93/$F$988)*10000, "") -> 7.4501322
A94: Matt.21.16 | B94: ανεγνωτε εκ στοματος νηπειων | C94: ανεγνωτε οτι εκ του στοματος νηπειων | G94: Addition | I94: 1 | J94: 3 | K94: Conjunction | L94: Absent | P94: 810 | Q94: =IF(ISNUMBER(P94), (P94/$F$988)*10000, "") -> 97.332372
A95: Matt.21.16 | B95: ανεγνωτε εκ στοματος νηπειων | C95: ανεγνωτε οτι εκ του στοματος νηπειων | G95: Addition | I95: 1 | J95: 3 | K95: Article | L95: Absent | P95: 11843 | Q95: =IF(ISNUMBER(P95), (P95/$F$988)*10000, "") -> 1423.0954
A96: Matt.21.22 | B96: οσα αιτητετε | C96: οσα αν αιτησητε | G96: Addition | I96: 1 | J96: 2 | K96: Particle | L96: NA | P96: 134 | Q96: =IF(ISNUMBER(P96), (P96/$F$988)*10000, "") -> 16.101899
A97: Matt.21.25 | B97: δια τι ουκ επιστευσατε | C97: δια τι ουν ουκ επιστευσατε | G97: Addition | I97: 1 | J97: 3 | K97: Conjunction | L97: Absent | P97: 356 | Q97: =IF(ISNUMBER(P97), (P97/$F$988)*10000, "") -> 42.778178
A98: Matt.21.28 | B98: εις το αμπελωνα (29) ο δε | C98: εις την αμπελωνα μου (29) ο δε | G98: Addition | I98: 1 | J98: 3 | K98: Pronoun | L98: Absent | P98: 1496 | Q98: =IF(ISNUMBER(P98), (P98/$F$988)*10000, "") -> 179.76448
A99: Matt.21.30 | B99: προσελθων δε τω ετερω | C99: προσελθων τω ετερω | G99: Omission | I99: 1 | J99: 2 | K99: Conjunction | L99: NA | P99: 1966 | Q99: =IF(ISNUMBER(P99), (P99/$F$988)*10000, "") -> 236.24129
A100: Matt.21.30 | B100: ειπεν εγω κε υπαγω και ουκ απηλθεν (31) τις εκ των | C100: ειπεν εγω υπαγω κυριε (31) τις εκ των | G100: Omission | I100: 3 | J100: 13 | L100: Absent | P100: 105 | Q100: =IF(ISNUMBER(P100), (P100/$F$988)*10000, "") -> 12.617159
...

Sheet WF_AO_LM
A1: Verse Ref | B1: Autograph | C1: Apograph | D1: Exclusion Grounds | E1: Corrector Followed | F1: Apograph Corrected | G1: Basic Type | H1: Phrase Length | I1: Words Length | J1: Letters Length | K1: Speech Part Add/Omitted | L1: Visual Cues | M1: Cue Regions | N1: Cue Length | O1: Duplicate Material | P1: AO Word Frequency | Q1: Freq-per-10000 | R1: SUB Frequency Difference | S1: Harmonization - Context | T1: Parallel Present | U1: Harmonization - Parallel | V1: Singularity | W1: Secondary | X1: Minutiae | Y1: Orthographic - General | Z1: Mere Minutiae | AA1: Nonsense | AB1: Review
A2: Matt.2.20 | B2: γαρ οι ζητουντες | C2: γαρ ζητουντες | F2: Yes | G2: Omission | I2: 1 | J2: 2 | K2: Article | L2: NA | P2: 11843 | Q2: 1423.0954
A3: Matt.3.1 | B3: εν ταις ημεραις | C3: εν δε ταις ημεραις | G3: Addition | I3: 1 | J3: 2 | K3: Conjunction | L3: NA | P3: 1966 | Q3: 236.24129
A4: Matt.3.17 | B4: ει ο υιος μου | C4: ει υιος μου | G4: Omission | I4: 1 | J4: 1 | K4: Article | L4: NA | P4: 11843 | Q4: 1423.0954
A5: Matt.4.1 | B5: υπο του διαβολου | C5: υπο διαβολου | G5: Omission | I5: 1 | J5: 3 | K5: Article | L5: Absent | P5: 11843 | Q5: 1423.0954
A6: Matt.4.3 | B6: ειπεν αυτω ει υιος | C6: ειπεν ει υιος | G6: Omission | I6: 1 | J6: 4 | K6: Pronoun | L6: Absent | P6: 4240 | Q6: 509.49291 | U6: Harmonizing
A7: Matt.5.12 | B7: εδιωξαν τους προφητας | C7: εδιωξαν προφητας | F7: Yes | G7: Omission | I7: 1 | J7: 4 | K7: Article | L7: Absent | P7: 11843 | Q7: 1423.0954
A8: Matt.5.19 | B8: ος ουν λυσει | C8: ος δε ουν λυσει | E8: No | G8: Addition | I8: 1 | J8: 2 | K8: Conjunction | L8: NA | P8: 1966 | Q8: 236.24129
A9: Matt.6.4 | B9: οπως η ελεημοσυνη | C9: οπως ελεημοσυνη | G9: Omission | I9: 1 | J9: 1 | K9: Article | L9: NA | P9: 11843 | Q9: 1423.0954
A10: Matt.6.5 | B10: ως οι υποκριται | C10: ως υποκριται | G10: Omission | I10: 1 | J10: 2 | K10: Article | L10: NA | P10: 11843 | Q10: 1423.0954 | U10: Disharmonizing
A11: Matt.6.17 | B11: και το προσωπον | C11: και προσωπον | G11: Omission | I11: 1 | J11: 2 | K11: Article | L11: NA | P11: 11843 | Q11: 1423.0954
A12: Matt.9.30 | B12: αυτοις ιης | C12: αυτοις ο ις | G12: Addition | I12: 1 | J12: 1 | K12: Article | L12: NA | P12: 11843 | Q12: 1423.0954
A13: Matt.9.36 | B13: ιδων δε τους οχλους | C13: ιδων δε οχλους | F13: Yes | G13: Omission | I13: 1 | J13: 4 | K13: Article | L13: Present | M13: BD:CD | N13: 3:3 | P13: 11843 | Q13: 1423.0954
A14: Matt.9.37 | B14: οι δε εργαται | C14: οι εργαται | G14: Omission | I14: 1 | J14: 2 | K14: Conjunction | L14: NA | P14: 1966 | Q14: 236.24129
A15: Matt.10.2 | B15: των ιβ | C15: των δε ιβ | G15: Addition | I15: 1 | J15: 2 | K15: Conjunction | L15: NA | P15: 1966 | Q15: 236.24129
A16: Matt.10.8 | B16: καθαρεισατε και δαιμονια εκβαλετε | C16: καθαριζετε δαιμονια εκβαλετε | G16: Omission | I16: 1 | J16: 3 | K16: Conjunction | L16: Present | M16: AB:AC | N16: 3:3 | P16: 5676 | Q16: 682.04758
A17: Matt.10.16 | B17: ως αι περιστεραι | C17: ως περιστεραι | G17: Omission | I17: 1 | J17: 2 | K17: Article | L17: NA | P17: 11843 | Q17: 1423.0954
A18: Matt.10.17 | B18: προσεχετε απο | C18: προσεχετε δε απο | G18: Addition | I18: 1 | J18: 2 | K18: Conjunction | L18: NA | P18: 1966 | Q18: 236.24129
A19: Matt.10.27 | B19: ο λεγω υμειν | C19: ο δε λεγω υμειν | G19: Addition | I19: 1 | J19: 2 | K19: Conjunction | L19: NA | P19: 1966 | Q19: 236.24129
A20: Matt.10.29 | B20: στρουθια του ασσαριου | C20: στρουθια ασσαριου | G20: Omission | I20: 1 | J20: 3 | K20: Article | L20: Present | M20: AB:AC | N20: 3:3 | P20: 11843 | Q20: 1423.0954
A21: Matt.10.33 | B21: οστις δ αν αρνησητε | C21: οστις δ αρνησητε | F21: Yes | G21: Omission | I21: 1 | J21: 2 | K21: Particle | L21: NA | P21: 134 | Q21: 16.101899
A22: Matt.10.35 | B22: κατα πατρος | C22: κατα του πατρος | G22: Addition | I22: 1 | J22: 3 | K22: Article | L22: Absent | P22: 11843 | Q22: 1423.0954 | U22: Harmonizing
A23: Matt.11.1 | B23: διατασσων τοις δωδεκα | C23: διατασσων δωδεκα | F23: Yes | G23: Omission | I23: 1 | J23: 4 | K23: Article | L23: Absent | P23: 11843 | Q23: 1423.0954
A24: Matt.11.4 | B24: απαγγειλατε ιωαννει | C24: απαγγειλατε τω ιωανει | G24: Addition | I24: 1 | J24: 2 | K24: Article | L24: NA | P24: 11843 | Q24: 1423.0954
A25: Matt.11.7 | B25: ηρξατο ιης | C25: ηρξατο ο ις | G25: Addition | I25: 1 | J25: 1 | K25: Article | L25: NA | P25: 11843 | Q25: 1423.0954
A26: Matt.11.16 | B26: προσφωνουντα τοις ετεροις | C26: προσφωνουντα ετεροις | G26: Omission | I26: 1 | J26: 4 | K26: Article | L26: Present | M26: BD:CD | N26: 4:4 | P26: 11843 | Q26: 1423.0954
A27: Matt.11.27 | B27: πατερα τις επιγεινωσκει ει μη | C27: πατερα επιγεινωσκει ει μη | G27: Omission | I27: 1 | J27: 3 | K27: Pronoun | L27: Absent | P27: 301 | Q27: 36.16919
A28: Matt.12.1 | B28: ηρξαντο του σταχυας τιλλειν | C28: ηρξαντο σταχυας τιλλειν | G28: Omission | I28: 1 | J28: 3 | K28: Article | L28: Absent | P28: 11843 | Q28: 1423.0954
A29: Matt.12.5 | B29: η ουκ ανεγνωτε | C29: η μεν ουκ ανεγνωτε | G29: Addition | I29: 1 | J29: 3 | K29: Particle | L29: Absent | P29: 92 | Q29: 11.055035
A30: Matt.12.6 | B30: ιερου μειζον εστιν | C30: ιερου ο μειζων εστιν | G30: Addition | I30: 1 | J30: 1 | K30: Article | L30: NA | P30: 11843 | Q30: 1423.0954
A31: Matt.12.22 | B31: ωστε τον κωφον | C31: ωστε κωφον | G31: Omission | I31: 1 | J31: 3 | K31: Article | L31: Absent | P31: 11843 | Q31: 1423.0954
A32: Matt.12.23 | B32: μητι οτι ουτος | C32: μητι ουτος | G32: Omission | I32: 1 | J32: 3 | K32: Conjunction | L32: Absent | P32: 810 | Q32: 97.332372
A33: Matt.12.23 | B33: υιος δαυειδ | C33: υιος του δαβειδ | G33: Addition | I33: 1 | J33: 3 | K33: Article | L33: Absent | P33: 11843 | Q33: 1423.0954
A34: Matt.12.41 | B34: κηρυγμα ιωνα | C34: κηρυγμα του ιωνα | F34: Yes | G34: Addition | I34: 1 | J34: 3 | K34: Article | L34: Absent | P34: 11843 | Q34: 1423.0954
A35: Matt.12.50 | B35: οστις γαρ ποιει | C35: οστις γαρ αν ποιει | G35: Addition | I35: 1 | J35: 2 | K35: Particle | L35: NA | P35: 134 | Q35: 16.101899
A36: Matt.13.3 | B36: σπειρων σπειραι | C36: σπειρων του σπειραι | G36: Addition | I36: 1 | J36: 3 | K36: Article | L36: Absent | P36: 11843 | Q36: 1423.0954
A37: Matt.13.14 | B37: και ου μη συνηται | C37: και μη συνηται | G37: Omission | I37: 1 | J37: 2 | K37: Particle | L37: NA | P37: 887 | Q37: 106.58496
A38: Matt.13.16 | B38: μακαριοι οφθαλμοι | C38: μακαριοι οιοφθαλμοι | G38: Addition | I38: 1 | J38: 2 | K38: Article | L38: NA | P38: 11843 | Q38: 1423.0954
A39: Matt.13.22 | B39: αιωνος και η απατη | C39: αιωνος τουτου και η απατη | G39: Addition | I39: 1 | J39: 6 | K39: Preposition | L39: Absent | P39: 930 | Q39: 111.75198
A40: Matt.13.40 | B40: του αιωνος (41) αποστελει | C40: του αιωνος τουτου (41) αποστελει | G40: Addition | I40: 1 | J40: 6 | K40: Pronoun | L40: Absent | P40: 930 | Q40: 111.75198
A41: Matt.13.48 | B41: εις τα αγγια | C41: εις αγγεια | G41: Omission | I41: 1 | J41: 2 | K41: Article | L41: NA | P41: 11843 | Q41: 1423.0954
A42: Matt.14.4 | B42: αυτω ιωαννης | C42: αυτω ο ιωαννης | G42: Addition | I42: 1 | J42: 1 | K42: Article | L42: NA | P42: 11843 | Q42: 1423.0954
A43: Matt.14.9 | B43: (8) βαπτιστου (9) και λυπηθεις | C43: (8) βαπτιστου (9) λυπηθεις | G43: Omission | I43: 1 | J43: 3 | K43: Conjunction | L43: Absent | P43: 5676 | Q43: 682.04758
A44: Matt.14.32 | B44: εις το πλοιον | C44: εις πλοιον | G44: Omission | I44: 1 | J44: 2 | K44: Article | L44: NA | P44: 11843 | Q44: 1423.0954
A45: Matt.15.6 | B45: (5) ωφελθηθης (6) ου μη | C45: (5) ωφελθηθης (6) και ου μη | G45: Addition | I45: 1 | J45: 3 | K45: Conjunction | L45: Absent | P45: 5676 | Q45: 682.04758
A46: Matt.15.11 | B46: κοινωνει τον ανθρωπον (12) τοτε | C46: κοινωνει ανθρωπον (12) τοτε | G46: Omission | I46: 1 | J46: 3 | K46: Article | L46: Absent | P46: 11843 | Q46: 1423.0954 | U46: Disharmonizing
A47: Matt.15.27 | B47: τραπεζης των κυναριων αυτων | C47: τραπεζης κυριων αυτων | G47: Omission | I47: 1 | J47: 3 | K47: Article | L47: Absent | P47: 11843 | Q47: 1423.0954
A48: Matt.15.31 | B48: λαλουντας και κυλλους | C48: λαλουντας κυλλους | G48: Omission | I48: 1 | J48: 3 | K48: Conjunction | L48: Absent | P48: 5676 | Q48: 682.04758
A49: Matt.15.36 | B49: ιχθυας και ευχαριστησας | C49: ιχθυας ευχαριστησας | G49: Omission | I49: 1 | J49: 3 | K49: Conjunction | L49: Absent | P49: 5676 | Q49: 682.04758
A50: Matt.15.39 | B50: ορια της μαγαδαν | C50: ορια μαγαδαν | G50: Omission | I50: 1 | J50: 3 | K50: Article | L50: Absent | P50: 11843 | Q50: 1423.0954
A51: Matt.16.7 | B51: τοτε διελογιζοντο | C51: τοτε δε διελογιζοντο | G51: Addition | I51: 1 | J51: 2 | K51: Conjunction | L51: NA | P51: 1966 | Q51: 236.24129
A52: Matt.16.13 | B52: μαθητας λεγων | C52: μαθητας αυτου λεγων | G52: Addition | I52: 1 | J52: 5 | K52: Pronoun | L52: Absent | P52: 4240 | Q52: 509.49291
A53: Matt.16.17 | B53: αποκριθεις δε ο ιης | C53: αποκριθεις ο ις | G53: Omission | I53: 1 | J53: 2 | K53: Conjunction | L53: NA | P53: 1966 | Q53: 236.24129
A54: Matt.16.20 | B54: οτι ουτος εστιν ο χρς ιης (21) απο | C54: οτι εστιν χριστος ο ις (21) απο | G54: Omission | I54: 1 | J54: 5 | K54: Pronoun | L54: Absent | P54: 930 | Q54: 111.75198
A55: Matt.16.21 | B55: ηρξατο ιης δικνυειν τοις μαθηταις αυτου | C55: ηρξατο ο ις δεικνυειν τοις μαθηταις τοις μαθηταις αυτου | G55: Addition | I55: 1 | J55: 1 | K55: Article | L55: NA | P55: 11843 | Q55: 1423.0954
A56: Matt.16.23 | B56: αλλα του ανθρωπου | C56: αλλα τα του ανθρωπου | G56: Addition | I56: 1 | J56: 2 | K56: Article | L56: NA | P56: 11843 | Q56: 1423.0954
A57: Matt.17.1 | B57: και τον ιακωβον | C57: και ιακωβον | G57: Omission | I57: 1 | J57: 3 | K57: Article | L57: NA | P57: 11843 | Q57: 1423.0954
A58: Matt.17.8 | B58: ει μη μονον | C58: ει μονον | F58: Yes | G58: Omission | I58: 1 | J58: 2 | K58: Particle | L58: NA | P58: 526 | Q58: 63.20596
A59: Matt.17.23 | B59: αποκτεινουσιν αυτον και μετα | C59: αποκτενουσιν και μετα | G59: Omission | I59: 1 | J59: 5 | K59: Pronoun | L59: Present | M59: AB:AC | N59: 4:4 | P59: 4240 | Q59: 509.49291
A60: Matt.17.24 | B60: τελει δειδραγμα | C60: τελει τα διδραχμα | G60: Addition | I60: 1 | J60: 2 | K60: Article | L60: NA | P60: 11843 | Q60: 1423.0954
A61: Matt.18.7 | B61: πλην δε ουαι | C61: πλην ουαι | G61: Omission | I61: 1 | J61: 2 | K61: Conjunction | L61: NA | P61: 1966 | Q61: 236.24129
A62: Matt.18.12 | B62: τι δε υμειν | C62: τι υμειν | G62: Omission | I62: 1 | J62: 2 | K62: Conjunction | L62: NA | P62: 1966 | Q62: 236.24129
A63: Matt.18.15 | B63: υπαγε ελενξον αυτον | C63: υπαγε και ελεγξον αυτον | G63: Addition | I63: 1 | J63: 3 | K63: Conjunction | L63: Absent | P63: 5676 | Q63: 682.04758
A64: Matt.18.17 | B64: εαν δε παρακουση | C64: εαν δε μη παρακουση | G64: Addition | I64: 1 | J64: 2 | K64: Particle | L64: NA | P64: 526 | Q64: 63.20596
A65: Matt.18.21 | B65: προσελθων πετρος | C65: προσελθων ο πετρος | G65: Addition | I65: 1 | J65: 1 | K65: Article | L65: NA | P65: 11843 | Q65: 1423.0954
A66: Matt.18.21 | B66: ειπεν αυτω κε | C66: ειπεν κυριε | G66: Omission | I66: 1 | J66: 4 | K66: Pronoun | L66: Absent | P66: 4240 | Q66: 509.49291
A67: Matt.18.28 | B67: αποδος ει τι | C67: αποδος μοι ει τι | G67: Addition | I67: 1 | J67: 3 | K67: Pronoun | L67: Absent | P67: 1496 | Q67: 179.76448
A68: Matt.19.7 | B68: ουν ο μωυσης | C68: ουν μωυσης | G68: Omission | I68: 1 | J68: 1 | K68: Article | L68: NA | P68: 11843 | Q68: 1423.0954
A69: Matt.19.18 | B69: ειπεν ου φονευσεις | C69: ειπεν το ου φονευσεις | G69: Addition | I69: 1 | J69: 2 | K69: Article | L69: NA | P69: 11843 | Q69: 1423.0954
A70: Matt.20.3 | B70: περι ωραν | C70: περι την ωραν | G70: Addition | I70: 1 | J70: 3 | K70: Article | L70: Absent | P70: 11843 | Q70: 1423.0954 | U70: Disharmonizing
A71: Matt.20.5 | B71: παλιν δε εξελθων | C71: παλιν εξελθων | G71: Omission | I71: 1 | J71: 2 | K71: Conjunction | L71: NA | P71: 1966 | Q71: 236.24129
A72: Matt.20.10 | B72: λημψονται ελαβον | C72: ληψονται και ελαβον | G72: Addition | I72: 1 | J72: 3 | K72: Conjunction | L72: Absent | P72: 5776 | Q72: 694.06393
A73: Matt.20.23 | B73: καθεισαι εκ δεξιων μου και εξ ευωνυμων ουκ εστιν εμον τουτο δουναι | C73: καθισαι εκ δεξιων ουκ εστιν τουτο δουναι | G73: Omission | I73: 1 | J73: 4 | K73: Pronoun | L73: Absent | P73: 50 | Q73: 6.0081711
A74: Matt.20.33 | B74: ινα ανυγωσιν οι οφθαλμοι ημων | C74: ινα οφθαλμοι ημων ανυγωσιν | G74: Omission | I74: 1 | J74: 2 | K74: Article | L74: NA | P74: 11843 | Q74: 1423.0954
A75: Matt.21.7 | B75: (6) ιης (7) και ηγαγον | C75: (6) ις (7) ηγαγον | G75: Omission | I75: 1 | J75: 3 | K75: Conjunction | L75: Absent | P75: 5676 | Q75: 682.04758
A76: Matt.21.7 | B76: επεθηκαν επ αυτον τα ειματεια | C76: επεθηκαν αυτων τα ειματεια | G76: Omission | I76: 1 | J76: 2 | K76: Preposition | L76: NA | P76: 560 | Q76: 67.291516
A77: Matt.21.16 | B77: ανεγνωτε εκ στοματος νηπειων | C77: ανεγνωτε οτι εκ του στοματος νηπειων | G77: Addition | I77: 1 | J77: 3 | K77: Conjunction | L77: Absent | P77: 810 | Q77: 97.332372
A78: Matt.21.16 | B78: ανεγνωτε εκ στοματος νηπειων | C78: ανεγνωτε οτι εκ του στοματος νηπειων | G78: Addition | I78: 1 | J78: 3 | K78: Article | L78: Absent | P78: 11843 | Q78: 1423.0954
A79: Matt.21.22 | B79: οσα αιτητετε | C79: οσα αν αιτησητε | G79: Addition | I79: 1 | J79: 2 | K79: Particle | L79: NA | P79: 134 | Q79: 16.101899
A80: Matt.21.25 | B80: δια τι ουκ επιστευσατε | C80: δια τι ουν ουκ επιστευσατε | G80: Addition | I80: 1 | J80: 3 | K80: Conjunction | L80: Absent | P80: 356 | Q80: 42.778178
A81: Matt.21.28 | B81: εις το αμπελωνα (29) ο δε | C81: εις την αμπελωνα μου (29) ο δε | G81: Addition | I81: 1 | J81: 3 | K81: Pronoun | L81: Absent | P81: 1496 | Q81: 179.76448
A82: Matt.21.30 | B82: προσελθων δε τω ετερω | C82: προσελθων τω ετερω | G82: Omission | I82: 1 | J82: 2 | K82: Conjunction | L82: NA | P82: 1966 | Q82: 236.24129
... A84: Matt.23.1 | B84: ελαλησεν ο ιης | C84: ελαλησεν ιησους | G84: Omission | I84: 1 | J84: 1 | K84: Article | L84: NA | P84: 11843 | Q84: 1423.0954
A85: Matt.23.7 | B85: και τους ασπασμους | C85: και ασπασμους | G85: Omission | I85: 1 | J85: 4 | K85: Article | L85: Present | M85: BD:CD | N85: 3:3 | P85: 11843 | Q85: 1423.0954
A86: Matt.23.9 | B86: εν ουρανοις | C86: εν τοις ουρανοις | G86: Addition | I86: 1 | J86: 4 | K86: Article | L86: Present | M86: BD:CD | N86: 3:3 | P86: 11843 | Q86: 1423.0954
A87: Matt.23.38 | B87: οικος []μων ερημος | C87: οικος υμων ο ερημος | G87: Addition | I87: 1 | J87: 1 | K87: Article | L87: NA | P87: 11843 | Q87: 1423.0954
A88: Matt.23.39 | B88: υμειν οτι ου μη | C88: υμειν ου μη | G88: Omission | I88: 1 | J88: 3 | K88: Conjunction | L88: Absent | P88: 810 | Q88: 97.332372
A89: Matt.24.2 | B89: υμειν οτι ου μη | C89: υμειν ου μη | G89: Omission | I89: 1 | J89: 3 | K89: Conjunction | L89: Absent | P89: 810 | Q89: 97.332372
A90: Matt.24.3 | B90: και τι το σημειον | C90: και τι τι το σημειον | G90: Addition | I90: 1 | J90: 2 | K90: Pronoun | L90: NA | O90: Dittography | P90: 412 | Q90: 49.50733
A91: Matt.24.6 | B91: ακοας πολεμων | C91: ακοας των πολεμων | G91: Addition | I91: 1 | J91: 3 | K91: Article | L91: Absent | P91: 11843 | Q91: 1423.0954
A92: Matt.24.15 | B92: εστως εν τοπω | C92: εστος εν τω τοπω | G92: Addition | I92: 1 | J92: 2 | K92: Article | L92: NA | P92: 11843 | Q92: 1423.0954
A93: Matt.24.17 | B93: ο δε επι | C93: ο επι | G93: Omission | I93: 1 | J93: 2 | K93: Conjunction | L93: NA | P93: 1966 | Q93: 236.24129
A94: Matt.24.24 | B94: δυνατον και τους εκλεκτους | C94: δυνατον τους εκλεκτους | G94: Omission | I94: 1 | J94: 3 | K94: Conjunction | L94: Absent | P94: 5676 | Q94: 682.04758
A95: Matt.24.30 | B95: ανθρωπου του εν ουρανοις | C95: ανθρωπου εν τοις ουρανοις | G95: Omission | I95: 1 | J95: 3 | K95: Article | L95: Absent | P95: 11843 | Q95: 1423.0954
A96: Matt.24.30 | B96: ανθρωπου του εν ουρανοις | C96: ανθρωπου εν τοις ουρανοις | G96: Addition | I96: 1 | J96: 4 | K96: Article | L96: Present | M96: BD:CD | N96: 3:3 | P96: 11843 | Q96: 1423.0954
A97: Matt.25.7 | B97: παρθενοι και | C97: παρθενοι εκειναι και | G97: Addition | I97: 1 | J97: 7 | K97: Pronoun | L97: Present | M97: AB:AC:BD:CD | N97: 3:3:3:3 | P97: 202 | Q97: 24.273011
A98: Matt.25.24 | B98: προσελθων δε ο το ενα ταλαντον | C98: προσελθων δε και ο εν ταλαντον | G98: Addition | I98: 1 | J98: 3 | K98: Conjunction | L98: Absent | P98: 5676 | Q98: 682.04758
A99: Matt.25.24 | B99: προσελθων δε ο το ενα ταλαντον | C99: προσελθων δε και ο εν ταλαντον | G99: Omission | I99: 1 | J99: 2 | K99: Article | L99: NA | P99: 11843 | Q99: 1423.0954
A100: Matt.25.27 | B100: εκομισαμην αν το εμον | C100: εκομισαμην το εμον | G100: Omission | I100: 1 | J100: 2 | K100: Particle | L100: NA | P100: 134 | Q100: 16.101899
A101: Matt.25.29 | B101: του δε μη εχοντος | C101: του μη εχοντος | G101: Omission | I101: 1 | J101: 2 | K101: Conjunction | L101: NA | P101: 1966 | Q101: 236.24129
...

Sheet WF_AO_HM
A1: Verse Ref | B1: Autograph | C1: Apograph | D1: Exclusion Grounds | E1: Corrector Followed | F1: Apograph Corrected | G1: Basic Type | H1: Phrase Length | I1: Words Length | J1: Letters Length | K1: Speech Part Add/Omitted | L1: Visual Cues | M1: Cue Regions | N1: Cue Length | O1: Duplicate Material | P1: AO Word Frequency | Q1: Freq-per-10000 | R1: SUB Frequency Difference | S1: Harmonization - Context | T1: Parallel Present | U1: Harmonization - Parallel | V1: Singularity | W1: Secondary | X1: Minutiae | Y1: Orthographic - General | Z1: Mere Minutiae | AA1: Nonsense | AB1: Review
A2: Matt.12.10 | B2: ην εκει την χειρα | C2: ην την χειρα | G2: Omission | I2: 1 | J2: 4 | K2: Adverb | L2: Absent | P2: 10 | Q2: 1.2016342
A3: Matt.12.28 | B3: πνι θυ εγω | C3: πνευματι εγω | G3: Omission | I3: 1 | J3: 2 | K3: Noun | L3: NA | P3: 472 | Q3: 56.717135
A4: Matt.14.8 | B4: ωδε κεφαλην ιωαννου του βαπτιστου | C4: ωδε την κεφαλην του βαπτιστου | G4: Omission | I4: 1 | J4: 7 | K4: Noun | L4: Absent | P4: 131 | Q4: 15.741408
A5: Matt.16.16 | B5: αποκριθεις δε σιμων πετρος | C5: αποκριθεις δε πετρος σιμων πετρος | F5: Yes | G5: Addition | I5: 1 | J5: 6 | K5: Noun | L5: Absent | P5: 152 | Q5: 18.26484
A6: Matt.16.27 | B6: των αγιων αγγελων | C6: των αγγελων | G6: Omission | I6: 1 | J6: 5 | K6: Adjective | L6: Present | M6: BD:CD | N6: 4:4 | P6: 95 | Q6: 11.415525
A7: Matt.17.15 | B7: και ενιοτε εις το υδωρ | C7: και εις το υδωρ | G7: Omission | I7: 1 | J7: 6 | K7: Adverb | L7: Absent | P7: 0 | Q7: 0
A8: Matt.19.5 | B8: καταλειψει ανθρωπος τον πατερα | C8: καταλειψει τον πατερα | G8: Omission | I8: 1 | J8: 8 | K8: Noun | L8: Absent | P8: 371 | Q8: 44.58063
A9: Matt.25.29 | B9: εχοντι δοθησεται | C9: εχοντι παντι δοθησεται | G9: Addition | I9: 1 | J9: 5 | K9: Adjective | L9: Present | M9: AB:AC | N9: 3:3 | P9: 591 | Q9: 71.016583
A10: Matt.25.30 | B10: δουλον βαλεται εξω εις το σκοτος | C10: δουλον εκβαλλεται εις το σκοτος | G10: Omission | I10: 1 | J10: 3 | K10: Adverb | L10: Absent | P10: 52 | Q10: 6.248498
A11: Matt.25.40 | B11: αποκρειθεις ερει αυτοις | C11: αποκριθεις αυτοις | G11: Omission | I11: 1 | J11: 4 | K11: Verb | L11: Present | M11: AB:AC | N11: 3:3 | P11: 2042 | Q11: 245.37371
A12: Matt.26.63 | B12: ειπης ει συ ει ο χρς | C12: ειπης ει συ ο χριστος | G12: Omission | I12: 1 | J12: 2 | K12: Verb | L12: NA | P12: 1565 | Q12: 188.05576
A13: Matt.27.55 | B13: ησαν δε και γυναικες | C13: ησαν δε εκει και γυναικες | F13: Yes | G13: Addition | I13: 1 | J13: 4 | K13: Adverb | L13: Absent | P13: 10 | Q13: 1.2016342
A14: Mark.1.7 | B14: ικανος λυσαι | C14: ικανος κυψας λυσαι | F14: Yes | G14: Addition | I14: 1 | J14: 5 | K14: Participle | L14: Present | M14: AB:AC | N14: 3:3 | P14: 2 | Q14: 0.24032684
A15: Mark.1.17 | B15: γενεσθαι αλιεις ανθρωπων | C15: γενεσθαι αλιεις αλιεις ανθρωπων | G15: Addition | I15: 1 | J15: 6 | K15: Noun | L15: Present | M15: AB:AC | N15: 6:6 | O15: Dittography | P15: 5 | Q15: 0.60081711
A16: Mark.1.31 | B16: χειρα κρατησας ηγειρεν αυτην και ευθεως αφηκεν αυτην | C16: χειρα ηγειρεν και αφηκεν αυτην | F16: Yes | G16: Omission | I16: 1 | J16: 8 | K16: Participle | L16: Absent | P16: 35 | Q16: 4.2057198
A17: Mark.1.31 | B17: χειρα κρατησας ηγειρεν αυτην και ευθεως αφηκεν αυτην | C17: χειρα ηγειρεν και αφηκεν αυτην | F17: Yes | G17: Omission | I17: 1 | J17: 6 | K17: Adverb | L17: Absent | P17: 32 | Q17: 3.8452295
A18: Mark.2.7 | B18: ει μη ο θς | C18: ει μη εις ο θεος | G18: Addition | I18: 1 | J18: 3 | K18: Adjective | L18: Absent | P18: 214 | Q18: 25.714972
A19: Mark.3.6 | B19: φαρισαιοι μετα των | C19: φαρισαιοι ευθεως μετα των | G19: Addition | I19: 1 | J19: 6 | K19: Adverb | L19: Absent | P19: 32 | Q19: 3.8452295
A20: Mark.3.9 | B20: αυτον πολλοι (10) πολλους | C20: αυτον (10) πολλους | G20: Omission | I20: 1 | J20: 6 | K20: Adjective | L20: Present | M20: BD:CD | N20: 5:5 | P20: 287 | Q20: 34.486902
A21: Mark.4.4 | B21: σπειρων (4) και εν τω τ σπειραι ο μεν | C21: σπειρων του σπειραι (4) και εγενετο εν τω σπειρειν ο μεν | G21: Addition | I21: 1 | J21: 7 | K21: Verb | L21: Present | M21: BD:CD | N21: 3:3 | P21: 437 | Q21: 52.511416
A22: Mark.4.16 | B22: λογον μετα χαρας | C22: λογον ευθεως μετα χαρας | G22: Addition | I22: 1 | J22: 6 | K22: Adverb | L22: Absent | P22: 32 | Q22: 3.8452295
A23: Mark.4.31 | B23: ομοια εστιν κοκκω | C23: ομοια κοκκω | G23: Omission | I23: 1 | J23: 5 | K23: Verb | L23: Absent | P23: 1565 | Q23: 188.05576
A24: Mark.5.9 | B24: ονομα εστιν και | C24: ονομα και | G24: Omission | I24: 1 | J24: 5 | K24: Verb | L24: Absent | P24: 1565 | Q24: 188.05576
A25: Mark.5.11 | B25: χοιρων βοσκομενη | C25: χοιρων μεγαλη βοσκομενη | G25: Addition | I25: 1 | J25: 6 | K25: Adjective | L25: Absent | P25: 130 | Q25: 15.621245
A26: Mark.5.40 | B26: μετ αυτου οντας και εισεπορευετο οπου | C26: μετ αυτου και εισεπορευεται οπου | G26: Omission | I26: 1 | J26: 5 | K26: Participle | L26: Absent | P26: 1565 | Q26: 188.05576
A27: Mark.6.41 | B27: λαβων ε αρτους | C27: λαβων αρτους | G27: Omission | I27: 1 | J27: 1 | K27: Adjective | L27: NA | P27: 34 | Q27: 4.0855564
A28: Mark.6.45 | B28: ευθεως εξεγερθεις ηναγκασεν | C28: ευθεως ηναγκασεν | G28: Omission | I28: 1 | J28: 10 | K28: Participle | L28: Present | M28: AB:AC | N28: 3:3 | P28: 0 | Q28: 0
A29: Mark.7.28 | B29: λεγουσα κυ αλλα και τα κυναρια | C29: λεγουσα ναι κε και γαρ τα κυναρια | G29: Addition | I29: 1 | J29: 3 | K29: Adverb | L29: Absent | P29: 18 | Q29: 2.1629416
A30: Mark.8.1 | B30: ημεραις παλιν πολλου | C30: ημεραις πολλου | G30: Omission | I30: 1 | J30: 5 | K30: Adverb | L30: Absent | P30: 98 | Q30: 11.776015
A31: Mark.9.22 | B31: ημειν κε σπλαγχνισθεις | C31: ημειν σπλαγχνισθεις | G31: Omission | I31: 1 | J31: 2 | K31: Noun | L31: NA | P31: 361 | Q31: 43.378995
A32: Mark.10.41 | B32: λοιποι ι ηρξαντο | C32: λοιποι ηρξαντο | G32: Omission | I32: 1 | J32: 1 | K32: Adjective | L32: NA | O32: Dittography | P32: 16 | Q32: 1.9226148
A33: Mark.12.14 | B33: ημειν ει εξεστιν ημας δουναι επικαιφαλαιον καισαρι η ου (15) ο δε | C33: ημειν εξεστι δουναι καισαρι επικεφαλαιον καισαρος η ου (15) ο δε | G33: Addition | I33: 1 | J33: 8 | K33: Noun | L33: Present | M33: AB:AC | N33: 4:4 | P33: 28 | Q33: 3.3645758
A34: Mark.12.24 | B34: θυ οιδατε (25) οταν | C34: θεου (25) οταν | G34: Omission | I34: 1 | J34: 6 | K34: Verb | L34: Absent | P34: 173 | Q34: 20.788272
A35: Mark.12.26 | B35: βυβλω μωυσεως επι | C35: βυβλω επι | G35: Omission | I35: 1 | J35: 7 | K35: Noun | L35: Absent | P35: 57 | Q35: 6.8493151
A36: Mark.12.28 | B36: λεγων διδασκαλε ποια | C36: λεγων ποια | G36: Omission | I36: 1 | J36: 9 | K36: Noun | L36: Absent | P36: 50 | Q36: 6.0081711
A37: Mark.14.56 | B37: εψευδομαρτυρουν ελεγον κατ αυτου | C37: εψευδομαρτυρουν κατ αυτου | E37: No | G37: Omission | I37: 1 | J37: 6 | K37: Verb | L37: Present | M37: AB:AC | N37: 4:4 | P37: 2042 | Q37: 245.37371 | U37: Disharmonizing
A38: Mark.14.62 | B38: ιης αποκριθεις λεγει αυτω εγω ειμι | C38: ις ειπεν εγω ειμι | G38: Omission | I38: 1 | J38: 10 | K38: Participle | L38: Absent | P38: 229 | Q38: 27.517424
A39: Mark.15.6 | B39: απεαυεν αυτοις ενα δεσμειον | C39: απελυεν αυτοις δεσμειον | G39: Omission | I39: 1 | J39: 3 | K39: Adjective | L39: Absent | P39: 214 | Q39: 25.714972
A40: Mark.15.13 | B40: παλιν λεγοντες στρν | C40: παλιν σταυρωσον | G40: Omission | I40: 1 | J40: 8 | K40: Participle | L40: Absent | P40: 2042 | Q40: 245.37371
A41: Mark.16.1 | B41: πορευθεισαι ηγορασαν αρωματα | C41: πορευθεισαι αρωματα | G41: Omission | I41: 1 | J41: 8 | K41: Verb | L41: Present | M41: AB:AC:BD:CD | N41: 3:3:3:3 | P41: 20 | Q41: 2.4032684
A42: Luke.2.1 | B42: καισαρος αυγουστου απογραφεσθαι | C42: καισαρος απογραφεσθαι | G42: Omission | I42: 1 | J42: 9 | K42: Noun | L42: Present | M42: BD:CD | N42: 3:3 | P42: 1 | Q42: 0.12016342
A43: Luke.2.12 | B43: εσπαργανωμενον εν φατνη | C43: εσπαργανωμενον κειμενον εν φατνη | G43: Addition | I43: 1 | J43: 8 | K43: Participle | L43: Present | M43: AB:AC | N43: 6:6 | P43: 16 | Q43: 1.9226148
A44: Luke.2.22 | B44: ιεροσολυμα παραστησαι κω | C44: ιεροσολυμα κυριω | G44: Omission | I44: 1 | J44: 10 | K44: Verb | L44: Present | M44: AB:AC | N44: 3:3 | P44: 25 | Q44: 3.0040856
A45: Luke.2.40 | B45: παιδιον ιης εκραταιουτο | C45: παιδιον εκραταιουτο | G45: Omission | I45: 1 | J45: 3 | K45: Noun | L45: Absent | P45: 635 | Q45: 76.303773
A46: Luke.5.34 | B46: ο δε ιης ειπεν | C46: ο δε ειπεν | G46: Omission | I46: 1 | J46: 3 | K46: Noun | L46: Absent | P46: 635 | Q46: 76.303773
A47: Luke.5.36 | B47: καινου επιβλημα (37) και ουδεις | C47: καινου (37) και ουδεις | G47: Omission | I47: 1 | J47: 8 | K47: Noun | L47: Absent | P47: 4 | Q47: 0.48065369
A48: Luke.6.42 | B48: υποκειται υποκρειτα εκβαλε | C48: υποκειται υποκρειται υποκρειται εκβαλε | G48: Addition | I48: 1 | J48: 10 | K48: Noun | L48: Present | M48: AB:AC | N48: 10:10 | O48: Dittography | P48: 17 | Q48: 2.0427782
A49: Luke.7.10 | B49: εις οικον οι πεμφθεντες δουλοι ευρον τον ασθενουντα υγιαινοντα | C49: εις τον οικον πεμφθεντες ευρον τον ασθενουντα δουλον υγιαινοντα | G49: Omission | I49: 1 | J49: 6 | K49: Noun | L49: Absent | P49: 75 | Q49: 9.0122567
A50: Luke.7.10 | B50: εις οικον οι πεμφθεντες δουλοι ευρον τον ασθενουντα υγιαινοντα | C50: εις τον οικον πεμφθεντες ευρον τον ασθενουντα δουλον υγιαινοντα | G50: Addition | I50: 1 | J50: 6 | K50: Noun | L50: Absent | P50: 75 | Q50: 9.0122567
A51: Luke.7.14 | B51: ειπεν νεανισκε νεανισκε σοι | C51: ειπεν νεανισκε σοι | G51: Omission | I51: 1 | J51: 8 | K51: Noun | L51: Present | M51: AB:AC | N51: 8:8 | O51: Dittography | P51: 9 | Q51: 1.0814708
A52: Luke.7.41 | B52: ετερος δηναρια πεντηκοντα | C52: ετερος πεντηκοντα | G52: Omission | I52: 1 | J52: 7 | K52: Noun | L52: Absent | P52: 14 | Q52: 1.6822879
A53: Luke.9.11 | B53: εχοντας θεραπειας αυτου | C53: εχοντας αυτου | G53: Omission | I53: 1 | J53: 9 | K53: Noun | L53: Present | M53: AB:AC | N53: 3:3 | P53: 2 | Q53: 0.24032684
A54: Luke.9.33 | B54: ποιησω ωδε τρεις | C54: ποιησωμεν τρεις | G54: Omission | I54: 1 | J54: 3 | K54: Adverb | L54: Absent | P54: 50 | Q54: 6.0081711
A55: Luke.11.2 | B55: πολυλογεια αυτων εισακουσθησονται | C55: πολυλογεια αυτων ωδε εισακουσθησονται | G55: Addition | I55: 1 | J55: 3 | K55: Adverb | L55: Absent | P55: 50 | Q55: 6.0081711
A56: Luke.12.5 | B56: τινα φοβηθητε τον μετα | C56: τινα φοβηθητε φοβηθητε φοβηθητε τον μετα | G56: Addition | I56: 1 | J56: 8 | K56: Verb | L56: Present | M56: AB:AC | N56: 8:8 | O56: Dittography | P56: 72 | Q56: 8.6517664
A57: Luke.12.22 | B57: δια τουτο λεγω υμειν | C57: δια τουτο υμειν | G57: Omission | I57: 1 | J57: 4 | K57: Verb | L57: Absent | P57: 2042 | Q57: 245.37371
A58: Luke.13.8 | B58: κοφινον κοπριων (9) και εαν | C58: κοφινον (9) και εαν | G58: Omission | I58: 1 | J58: 7 | K58: Noun | L58: Present | M58: AB:AC | N58: 4:4 | P58: 2 | Q58: 0.24032684
A59: Luke.13.19 | B59: δενδρον και τα πετεινα | C59: δενδρον μεγα και τα πετεινα | G59: Addition | I59: 1 | J59: 4 | K59: Adjective | L59: Absent | P59: 130 | Q59: 15.621245
A60: Luke.13.26 | B60: λεγειν κε εφαγομεν | C60: λεγειν εφαγομεν | G60: Omission | I60: 1 | J60: 2 | K60: Noun | L60: NA | P60: 361 | Q60: 43.378995
A61: Luke.16.20 | B61: τις ονοματι | C61: τις ην ονοματι | G61: Addition | I61: 1 | J61: 2 | K61: Verb | L61: NA | P61: 1565 | Q61: 188.05576
A62: Luke.16.27 | B62: πατερ αβρααμ ινα | C62: πατερ ινα | G62: Omission | I62: 1 | J62: 6 | K62: Noun | L62: Absent | P62: 41 | Q62: 4.9267003
A63: Luke.17.9 | B63: μη εχει χαριν τω δουλω οτι | C63: μη χαριν εχει τω δουλω εκεινω οτι | G63: Addition | I63: 1 | J63: 6 | K63: Adjective | L63: Absent | P63: 202 | Q63: 24.273011
A64: Luke.19.7 | B64: διεγογγυζον οτι παρα | C64: διεγογγυζον λεγοντες οτι παρα | G64: Addition | I64: 1 | J64: 8 | K64: Participle | L64: Present | M64: AB:AC | N64: 4:4 | P64: 2042 | Q64: 245.37371
A65: Luke.19.9 | B65: αβρααμ εστιν (10) ηλθεν | C65: αβρααμ (10) ηλθεν | G65: Omission | I65: 1 | J65: 5 | K65: Verb | L65: Absent | P65: 1565 | Q65: 188.05576
A66: Luke.19.28 | B66: επορευτεο αναβαινων δε εις ιερουσαλημ | C66: επορευετο ενπροσθεν αναβαινων εις ιερουσαλημ | G66: Addition | I66: 1 | J66: 9 | K66: Adverb | L66: Present | M66: AB:AC | N66: 4:4 | P66: 37 | Q66: 4.4460466
A67: Luke.19.34 | B67: (32) απελθοντες (33) (34)απεκριθησαν οτι ο κς | C67: (32) απελθοντες (33) (34) οτι ο κυριος | G67: Omission | I67: 1 | J67: 11 | K67: Verb | L67: Present | M67: AB:AC | N67: 5:5 | P67: 229 | Q67: 27.517424
A68: Luke.22.5 | B68: αργυριον δουναι (6) και | C68: αργυριον (6) και | G68: Omission | I68: 1 | J68: 6 | K68: Verb | L68: Absent | P68: 265 | Q68: 31.843307
A69: Luke.22.12 | B69: οικον εστρωμενον | C69: οικον μεγα εστρωμενον | G69: Addition | I69: 1 | J69: 4 | K69: Adjective | L69: Absent | P69: 130 | Q69: 15.621245
A70: Luke.22.46 | B70: καθευδετε ανασταντες προσευχεσθε | C70: καθευδετε ανασταντες ανασταντες προσευχεσθε | G70: Addition | I70: 1 | J70: 11 | K70: Participle | L70: Present | M70: AB:AC | N70: 11:11 | O70: Dittography | P70: 101 | Q70: 12.136506
A71: Luke.24.1 | B71: (23:56) ησυχασαν (24:1) μια δε των σαββατων ορθρου | C71: (23:56) ησυχασαν (24:1) των δε σαββατων ορθρου | G71: Omission | I71: 1 | J71: 3 | K71: Adjective | L71: Absent | P71: 214 | Q71: 25.714972
A72: John.4.9 | B72: αιτεις γυναικος | C72: αιτεις ουσης γυναικος | G72: Addition | I72: 1 | J72: 5 | K72: Participle | L72: Absent | P72: 1565 | Q72: 188.05576
A73: John.6.37 | B73: εκβαλω (38) οτι | C73: εκβαλω εξω (38) οτι | G73: Addition | I73: 1 | J73: 3 | K73: Adverb | L73: Absent | P73: 52 | Q73: 6.248498
A74: John.6.38 | B74: με πατρος (39) τουτο | C74: με (39) τουτο | G74: Omission | I74: 1 | J74: 5 | K74: Noun | L74: Absent | P74: 308 | Q74: 37.010334 | U74: Disharmonizing
A75: John.6.39 | B75: εστιν το θελημα | C75: εστιν πατρος το θελημα | G75: Addition | I75: 1 | J75: 5 | K75: Noun | L75: Absent | P75: 308 | Q75: 37.010334
A76: John.6.42 | B76: ουτος εστιν ιης | C76: ουτος ιησους | G76: Omission | I76: 1 | J76: 5 | K76: Verb | L76: Absent | P76: 1565 | Q76: 188.05576
A77: John.8.58 | B77: υμειν πριν αβρααμ | C77: υμειν αβρααμ | G77: Omission | I77: 1 | J77: 4 | K77: Adverb | L77: Absent | P77: 13 | Q77: 1.5621245
A78: John.9.1 | B78: γενετης καθημενον (2) και ηρωτησαν | C78: γενετης (2) και ηρωτησαν | G78: Omission | I78: 1 | J78: 9 | K78: Participle | L78: Present | M78: BD:CD | N78: 4:4 | P78: 35 | Q78: 4.2057198
A79: John.9.24 | B79: εφωνησαν ουν αυτον εκ δευτερου | C79: εφωνησαν αυ τον ανθρωπον εκ δευτερου | G79: Addition | I79: 1 | J79: 8 | K79: Noun | L79: Present | M79: AB:AC | N79: 3:3 | P79: 371 | Q79: 44.58063
A80: John.11.41 | B80: αυτου ανω και ειπεν | C80: αυτου και ειπεν | G80: Omission | I80: 1 | J80: 3 | K80: Adverb | L80: Absent | P80: 4 | Q80: 0.48065369
A81: John.11.56 | B81: τω ιερω εστωτες τι δοκειτε οτι | C81: τω ιερω τι δοκει υμειν οτι | G81: Omission | I81: 1 | J81: 7 | K81: Participle | L81: Absent | P81: 111 | Q81: 13.33814
A82: John.12.9 | B82: αλλ ινα τον λαζαρον ιδωσιν ον ηγειρεν | C82: αλλα δια τον λαζαρον ον ηγειρεν | G82: Omission | I82: 1 | J82: 6 | K82: Verb | L82: Absent | P82: 336 | Q82: 40.37491
A83: John.12.18 | B83: οτι ηκουσαν τουτο | C83: οτι τουτο | G83: Omission | I83: 1 | J83: 7 | K83: Verb | L83: Absent | P83: 320 | Q83: 38.452295
A84: John.12.28 | B84: ουρανου λεγουσα και εδοξασα | C84: ουρανου και εδοξασα | G84: Omission | I84: 1 | J84: 7 | K84: Participle | L84: Present | M84: AB:AC | N84: 3:3 | P84: 2042 | Q84: 245.37371
A85: John.13.5 | B85: υδωρ βαλλει εις τον | C85: υδωρ εις τον | G85: Omission | I85: 1 | J85: 6 | K85: Verb | L85: Absent | P85: 92 | Q85: 11.055035
A86: John.13.8 | B86: πετρος κε ου μη μου νιψεις | C86: πετρος ου μη νιψεις | G86: Omission | I86: 1 | J86: 2 | K86: Noun | L86: NA | P86: 361 | Q86: 43.378995
A87: John.13.9 | B87: πετρος κε μη μονον | C87: πετρος μη μονον | F87: Yes | G87: Omission | I87: 1 | J87: 2 | K87: Noun | L87: NA | P87: 361 | Q87: 43.378995 | U87: Disharmonizing
A88: John.13.14 | B88: υμεις οφειλετε αλληλων | C88: υμεις αλληλων | G88: Omission | I88: 1 | J88: 8 | K88: Verb | L88: Absent | P88: 14 | Q88: 1.6822879
A89: John.14.30 | B89: ουδεν ευρειν (31)αλλ ινα | C89: ουδεν (31)αλλ ινα | G89: Omission | I89: 1 | J89: 6 | K89: Verb | L89: Present | M89: AB:AC | N89: 3:3 | P89: 137 | Q89: 16.462389
A90: John.14.31 | B90: αγωμεν εντευθεν (15:1) εγω ειμι | C90: αγωμεν (15:1) εγω ειμι | G90: Omission | I90: 1 | J90: 8 | K90: Adverb | L90: Absent | P90: 8 | Q90: 0.96130738
A91: John.17.3 | B91: η αιωνιος ζωη ινα γεινωσκουσιν | C91: η αιωνιος ινα γεινωγεινωσκουσιν | G91: Omission | I91: 1 | J91: 3 | K91: Noun | L91: Absent | P91: 60 | Q91: 7.2098053
A92: John.18.7 | B92: επηρωτησεν λεγων τινα | C92: επηρωτησεν τινα | G92: Omission | I92: 1 | J92: 5 | K92: Participle | L92: Present | M92: AB:AC | N92: 3:3 | P92: 2042 | Q92: 245.37371
A93: John.19.37 | B93: λεγει οψονται εις | C93: λεγει οψονται οψονται εις | G93: Addition | I93: 1 | J93: 7 | K93: Verb | L93: Present | M93: AB:AC | N93: 7:7 | O93: Dittography | P93: 336 | Q93: 40.37491
A94: John.20.19 | B94: μαθηται δια τον | C94: μαθηται συνηγμενοι δια τον | G94: Addition | I94: 1 | J94: 10 | K94: Participle | L94: Absent | P94: 53 | Q94: 6.3686614
A95: Acts.1.21 | B95: ιης χρς (22) αρξαμενος | C95: ιησους (22) αρξαμενος | G95: Omission | I95: 1 | J95: 3 | K95: Noun | L95: Absent | P95: 79 | Q95: 9.4929104
A96: Acts.2.16 | B96: προφητου (17) εσται | C96: προφητου ιωηλ (17) εσται | G96: Addition | I96: 1 | J96: 4 | K96: Noun | L96: Absent | P96: 1 | Q96: 0.12016342
A97: Acts.2.26 | B97: σαρξ μου κατασκηνωσει εφ ελπιδει | C97: σαρξ μου εφ ελπιδει | G97: Omission | I97: 1 | J97: 2 | K97: Verb | L97: Absent | P97: 4 | Q97: 0.48065369
A98: Acts.3.8 | B98: περιεπατει χαιρομενος και εισηλθεν | C98: περιεπατει και εισηλθον | G98: Omission | I98: 1 | J98: 10 | K98: Participle | L98: Absent | P98: 36 | Q98: 4.3258832
A99: Acts.3.11 | B99: στοα η καλουμενη σολομωνος εκθαμβοι (12) αποκριθεις | C99: στοα τη καλουμενη σολομωντος (12) αποκριθεις | G99: Omission | I99: 1 | J99: 8 | K99: Adjective | L99: Present | M99: BD:CD | N99: 3:3 | P99: 1 | Q99: 0.12016342
A100: Acts.3.13 | B100: και θς ισακ | C100: και ισαακ | G100: Omission | I100: 1 | J100: 2 | K100: Noun | L100: NA | P100: 472 | Q100: 56.717135
...

Sheet WF_SUB
A1: Verse Ref | B1: Autograph | C1: Apograph | D1: Exclusion Grounds | E1: Corrector Followed | F1: Apograph Corrected | G1: Basic Type | H1: Phrase Length | I1: Words Length | J1: Letters Length | K1: Speech Part Add/Omitted | L1: Visual Cues | M1: Cue Regions | N1: Cue Length | O1: Duplicate Material | P1: AO Word Frequency | Q1: SUB Frequency Difference | R1: SUB_Aut_Freq | S1: SUB_Apog_Freq | T1: Aut_P10K_Freq | U1: Apog_P10K_Freq | V1: P10K_Freq_Diff | W1: Harmonization - Context | X1: Parallel Present | Y1: Harmonization - Parallel | Z1: Singularity | AA1: Secondary | AB1: Minutiae | AC1: Orthographic - General | AD1: Mere Minutiae | AE1: Nonsense | AF1: Review
A2: Matt.1.25 | B2: εκαλεσεν το ονομα | C2: ελαλησεν το ονομα | G2: Substitution - Word | Q2: 103 | R2: 93 | S2: 196 | T2: =IF(ISNUMBER(R2), (R2/$E$353)*10000, "") -> 11.175198 | U2: =IF(ISNUMBER(S2), (S2/$E$353)*10000, "") -> 23.552031 | V2: =IF(ISNUMBER(Q2), U2-T2, "") -> 12.376832 | W2: Disharmonizing
A3: Matt.2.14 | B3: ο δε διεγερθεις | C3: ο δε εγερθεις | G3: Substitution - Word | Q3: 95 | R3: 4 | S3: 99 | T3: =IF(ISNUMBER(R3), (R3/$E$353)*10000, "") -> 0.48065369 | U3: =IF(ISNUMBER(S3), (S3/$E$353)*10000, "") -> 11.896179 | V3: =IF(ISNUMBER(Q3), U3-T3, "") -> 11.415525 | W3: Harmonizing
A4: Matt.5.23 | B4: (22) πυρος (23) εαν ουν | C4: (22) πυρος (23) επει ουν | G4: Substitution - Word | Q4: -141 | R4: 148 | S4: 7 | T4: =IF(ISNUMBER(R4), (R4/$E$353)*10000, "") -> 17.784186 | U4: =IF(ISNUMBER(S4), (S4/$E$353)*10000, "") -> 0.84114396 | V4: =IF(ISNUMBER(Q4), U4-T4, "") -> -16.943043
A5: Matt.6.6 | B5: πατρι σου εν τω | C5: πατρι τω εν τω | G5: Substitution - Word | Q5: 10102 | R5: 1741 | S5: 11843 | T5: =IF(ISNUMBER(R5), (R5/$E$353)*10000, "") -> 209.20452 | U5: =IF(ISNUMBER(S5), (S5/$E$353)*10000, "") -> 1423.0954 | V5: =IF(ISNUMBER(Q5), U5-T5, "") -> 1213.8909 | W5: Disharmonizing
A6: Matt.6.16 | B6: ως οι υποκρειται | C6: ωσπερ οι υποκριται | G6: Substitution - Word | Q6: -190 | R6: 207 | S6: 17 | T6: =IF(ISNUMBER(R6), (R6/$E$353)*10000, "") -> 24.873828 | U6: =IF(ISNUMBER(S6), (S6/$E$353)*10000, "") -> 2.0427782 | V6: =IF(ISNUMBER(Q6), U6-T6, "") -> -22.83105
A7: Matt.10.9 | B7: χρυσον μητε αργυρον μητε χαλκον | C7: χρυσον μηδε αργυρον μηδε χαλκον | G7: Substitution - Word | Q7: 8 | R7: 20 | S7: 28 | T7: =IF(ISNUMBER(R7), (R7/$E$353)*10000, "") -> 2.4032684 | U7: =IF(ISNUMBER(S7), (S7/$E$353)*10000, "") -> 3.3645758 | V7: =IF(ISNUMBER(Q7), U7-T7, "") -> 0.96130738
A8: Matt.10.9 | B8: χρυσον μητε αργυρον μητε χαλκον | C8: χρυσον μηδε αργυρον μηδε χαλκον | G8: Substitution - Word | Q8: 8 | R8: 20 | S8: 28 | T8: =IF(ISNUMBER(R8), (R8/$E$353)*10000, "") -> 2.4032684 | U8: =IF(ISNUMBER(S8), (S8/$E$353)*10000, "") -> 3.3645758 | V8: =IF(ISNUMBER(Q8), U8-T8, "") -> 0.96130738
A9: Matt.11.18 | B9: εσθιων μητε πεινων | C9: εσθιων μητε πιων | G9: Substitution - Word | Q9: 37 | R9: 17 | S9: 54 | T9: =IF(ISNUMBER(R9), (R9/$E$353)*10000, "") -> 2.0427782 | U9: =IF(ISNUMBER(S9), (S9/$E$353)*10000, "") -> 6.4888248 | V9: =IF(ISNUMBER(Q9), U9-T9, "") -> 4.4460466 | W9: Disharmonizing
A10: Matt.12.18 | B10: απαγγελλει | C10: αναγγελλει | G10: Substitution - Word | Q10: -30 | R10: 40 | S10: 10 | T10: =IF(ISNUMBER(R10), (R10/$E$353)*10000, "") -> 4.8065369 | U10: =IF(ISNUMBER(S10), (S10/$E$353)*10000, "") -> 1.2016342 | V10: =IF(ISNUMBER(Q10), U10-T10, "") -> -3.6049027
A11: Matt.12.29 | B11: τις εισελθειν | C11: τις εξελθειν | G11: Substitution - Word | Q11: 21 | R11: 165 | S11: 186 | T11: =IF(ISNUMBER(R11), (R11/$E$353)*10000, "") -> 19.826965 | U11: =IF(ISNUMBER(S11), (S11/$E$353)*10000, "") -> 22.350397 | V11: =IF(ISNUMBER(Q11), U11-T11, "") -> 2.5234319
A12: Matt.12.37 | B12: δικαιωθηση η εκ των | C12: δικαιωθηση και εκ των | G12: Substitution - Word | Q12: 5483 | R12: 193 | S12: 5676 | T12: =IF(ISNUMBER(R12), (R12/$E$353)*10000, "") -> 23.19154 | U12: =IF(ISNUMBER(S12), (S12/$E$353)*10000, "") -> 682.04758 | V12: =IF(ISNUMBER(Q12), U12-T12, "") -> 658.85604
A13: Matt.12.48 | B13: μου η τινες | C13: μου και τινες | G13: Substitution - Word | Q13: 5483 | R13: 193 | S13: 5676 | T13: =IF(ISNUMBER(R13), (R13/$E$353)*10000, "") -> 23.19154 | U13: =IF(ISNUMBER(S13), (S13/$E$353)*10000, "") -> 682.04758 | V13: =IF(ISNUMBER(Q13), U13-T13, "") -> 658.85604
A14: Matt.13.5 | B14: α δε επεσεν | C14: α μεν επεσεν | G14: Substitution - Word | Q14: -1874 | R14: 1966 | S14: 92 | T14: =IF(ISNUMBER(R14), (R14/$E$353)*10000, "") -> 236.24129 | U14: =IF(ISNUMBER(S14), (S14/$E$353)*10000, "") -> 11.055035 | V14: =IF(ISNUMBER(Q14), U14-T14, "") -> -225.18625
A15: Matt.13.19 | B15: συνιοντος | C15: συνιεντος | G15: Substitution - Word | Q15: 19 | R15: 3 | S15: 22 | T15: =IF(ISNUMBER(R15), (R15/$E$353)*10000, "") -> 0.36049027 | U15: =IF(ISNUMBER(S15), (S15/$E$353)*10000, "") -> 2.6435953 | V15: =IF(ISNUMBER(Q15), U15-T15, "") -> 2.283105
A16: Matt.14.5 | B16: τον οχλον οτι | C16: τον λαον οτι | G16: Substitution - Word | Q16: -68 | R16: 171 | S16: 103 | T16: =IF(ISNUMBER(R16), (R16/$E$353)*10000, "") -> 20.547945 | U16: =IF(ISNUMBER(S16), (S16/$E$353)*10000, "") -> 12.376832 | V16: =IF(ISNUMBER(Q16), U16-T16, "") -> -8.1711127
A17: Matt.14.34 | B17: διαπερασαντες | C17: διαπρασαντες | G17: Substitution - Word | Q17: -6 | R17: 6 | S17: 0 | T17: =IF(ISNUMBER(R17), (R17/$E$353)*10000, "") -> 0.72098053 | U17: =IF(ISNUMBER(S17), (S17/$E$353)*10000, "") -> 0 | V17: =IF(ISNUMBER(Q17), U17-T17, "") -> -0.72098053
A18: Matt.15.27 | B18: τραπεζης των κυναριων αυτων | C18: τραπεζης κυριων αυτων | G18: Substitution - Word | Q18: 357 | R18: 4 | S18: 361 | T18: =IF(ISNUMBER(R18), (R18/$E$353)*10000, "") -> 0.48065369 | U18: =IF(ISNUMBER(S18), (S18/$E$353)*10000, "") -> 43.378995 | V18: =IF(ISNUMBER(Q18), U18-T18, "") -> 42.898342
A19: Matt.16.9 | B19: ουδε | C19: ουτε | G19: Substitution - Word | Q19: -50 | R19: 87 | S19: 37 | T19: =IF(ISNUMBER(R19), (R19/$E$353)*10000, "") -> 10.454218 | U19: =IF(ISNUMBER(S19), (S19/$E$353)*10000, "") -> 4.4460466 | V19: =IF(ISNUMBER(Q19), U19-T19, "") -> -6.0081711
A20: Matt.16.16 | B20: θυ το σωζοντος | C20: θυ του ζωντος | G20: Substitution - Word | Q20: -19 | R20: 66 | S20: 47 | T20: =IF(ISNUMBER(R20), (R20/$E$353)*10000, "") -> 7.9307859 | U20: =IF(ISNUMBER(S20), (S20/$E$353)*10000, "") -> 5.6476808 | V20: =IF(ISNUMBER(Q20), U20-T20, "") -> -2.283105
A21: Matt.16.21 | B21: παθειν υπο των πρεσβυτερων | C21: παθειν απο των πρεσβυτερων | G21: Substitution - Word | Q21: 330 | R21: 114 | S21: 444 | T21: =IF(ISNUMBER(R21), (R21/$E$353)*10000, "") -> 13.69863 | U21: =IF(ISNUMBER(S21), (S21/$E$353)*10000, "") -> 53.352559 | V21: =IF(ISNUMBER(Q21), U21-T21, "") -> 39.653929
... A24: Matt.18.31 | B24: ιδοντες ουν οι συνδουλοι αυτου | C24: ιδοντες δε οι συνδουλος αυτου | G24: Substitution - Word | Q24: 1610 | R24: 356 | S24: 1966 | T24: =IF(ISNUMBER(R24), (R24/$E$353)*10000, "") -> 42.778178 | U24: =IF(ISNUMBER(S24), (S24/$E$353)*10000, "") -> 236.24129 | V24: =IF(ISNUMBER(Q24), U24-T24, "") -> 193.46311
A25: Matt.19.24 | B25: βασιλειαν του θυ | C25: βασιλειαν των ουρανων | G25: Substitution - Word | Q25: -293 | R25: 472 | S25: 179 | T25: =IF(ISNUMBER(R25), (R25/$E$353)*10000, "") -> 56.717135 | U25: =IF(ISNUMBER(S25), (S25/$E$353)*10000, "") -> 21.509253 | V25: =IF(ISNUMBER(Q25), U25-T25, "") -> -35.207883 | W25: Harmonizing
A26: Matt.20.3 | B26: και διεξελθων | C26: και εξελθων | G26: Substitution - Word | Q26: 186 | R26: 0 | S26: 186 | T26: =IF(ISNUMBER(R26), (R26/$E$353)*10000, "") -> 0 | U26: =IF(ISNUMBER(S26), (S26/$E$353)*10000, "") -> 22.350397 | V26: =IF(ISNUMBER(Q26), U26-T26, "") -> 22.350397
A27: Matt.20.15 | B27: εμοις η ο οφθαλμος | C27: εμοις ει ο οφθαλμος | G27: Substitution - Word | Q27: -34 | R27: 227 | S27: 193 | T27: =IF(ISNUMBER(R27), (R27/$E$353)*10000, "") -> 27.277097 | U27: =IF(ISNUMBER(S27), (S27/$E$353)*10000, "") -> 23.19154 | V27: =IF(ISNUMBER(Q27), U27-T27, "") -> -4.0855564
A28: Matt.20.34 | B28: των ομματων αυτων | C28: των οφθαλμων αυτων | G28: Substitution - Word | Q28: 71 | R28: 2 | S28: 73 | T28: =IF(ISNUMBER(R28), (R28/$E$353)*10000, "") -> 0.24032684 | U28: =IF(ISNUMBER(S28), (S28/$E$353)*10000, "") -> 8.7719298 | V28: =IF(ISNUMBER(Q28), U28-T28, "") -> 8.531603
A29: Matt.22.5 | B29: οι δε επι την εμπορειαν | C29: οι δε εις την εμπορειαν | G29: Substitution - Word | Q29: 541 | R29: 560 | S29: 1101 | T29: =IF(ISNUMBER(R29), (R29/$E$353)*10000, "") -> 67.291516 | U29: =IF(ISNUMBER(S29), (S29/$E$353)*10000, "") -> 132.29993 | V29: =IF(ISNUMBER(Q29), U29-T29, "") -> 65.008411
A30: Matt.23.6 | B30: φιλουσιν δε την την πρωκλεισιαν | C30: φιλουσιν τε την πρωκλεισιαν | G30: Substitution - Word | Q30: -1800 | R30: 1966 | S30: 166 | T30: =IF(ISNUMBER(R30), (R30/$E$353)*10000, "") -> 236.24129 | U30: =IF(ISNUMBER(S30), (S30/$E$353)*10000, "") -> 19.947128 | V30: =IF(ISNUMBER(Q30), U30-T30, "") -> -216.29416
A31: Matt.23.37 | B31: νοσσεια αυτης | C31: νοσσεια εαυτης | G31: Substitution - Word | Q31: -4080 | R31: 4240 | S31: 160 | T31: =IF(ISNUMBER(R31), (R31/$E$353)*10000, "") -> 509.49291 | U31: =IF(ISNUMBER(S31), (S31/$E$353)*10000, "") -> 19.226148 | V31: =IF(ISNUMBER(Q31), U31-T31, "") -> -490.26676
A32: Matt.24.45 | B32: τις γαρ εστιν | C32: τις αρα εστιν | G32: Substitution - Word | Q32: -409 | R32: 431 | S32: 22 | T32: =IF(ISNUMBER(R32), (R32/$E$353)*10000, "") -> 51.790435 | U32: =IF(ISNUMBER(S32), (S32/$E$353)*10000, "") -> 2.6435953 | V32: =IF(ISNUMBER(Q32), U32-T32, "") -> -49.14684
A33: Matt.24.50 | B33: εν ωρα η ου | C33: εν ημερα η ου | G33: Substitution - Word | Q33: 193 | R33: 87 | S33: 280 | T33: =IF(ISNUMBER(R33), (R33/$E$353)*10000, "") -> 10.454218 | U33: =IF(ISNUMBER(S33), (S33/$E$353)*10000, "") -> 33.645758 | V33: =IF(ISNUMBER(Q33), U33-T33, "") -> 23.19154
A34: Matt.25.1 | B34: λαβουσαι τας λαμπαδας εαυτων | C34: λαβουσαι ται λαμπαδας αυτων | G34: Substitution - Word | Q34: 4080 | R34: 160 | S34: 4240 | T34: =IF(ISNUMBER(R34), (R34/$E$353)*10000, "") -> 19.226148 | U34: =IF(ISNUMBER(S34), (S34/$E$353)*10000, "") -> 509.49291 | V34: =IF(ISNUMBER(Q34), U34-T34, "") -> 490.26676 | W34: Harmonizing
A35: Matt.25.22 | B35: ταλαντα επεκερδησα (23) εφη | C35: ταλαντα εκερδησα επ αυτοις (23) εφη | G35: Substitution - Word | Q35: 9 | R35: 0 | S35: 9 | T35: =IF(ISNUMBER(R35), (R35/$E$353)*10000, "") -> 0 | U35: =IF(ISNUMBER(S35), (S35/$E$353)*10000, "") -> 1.0814708 | V35: =IF(ISNUMBER(Q35), U35-T35, "") -> 1.0814708 | W35: Disharmonizing
A36: Matt.25.24 | B36: συναγων οπου ου διεσκορπισας | C36: συναγων οθεν ου διεσκορπισας | G36: Substitution - Word | Q36: -57 | R36: 65 | S36: 8 | T36: =IF(ISNUMBER(R36), (R36/$E$353)*10000, "") -> 7.8106224 | U36: =IF(ISNUMBER(S36), (S36/$E$353)*10000, "") -> 0.96130738 | V36: =IF(ISNUMBER(Q36), U36-T36, "") -> -6.8493151
A37: Matt.25.26 | B37: συναγω οθεν ου διεσκορπισα | C37: συναγω οπου ου διεσκορπισα | G37: Substitution - Word | Q37: 57 | R37: 8 | S37: 65 | T37: =IF(ISNUMBER(R37), (R37/$E$353)*10000, "") -> 0.96130738 | U37: =IF(ISNUMBER(S37), (S37/$E$353)*10000, "") -> 7.8106224 | V37: =IF(ISNUMBER(Q37), U37-T37, "") -> 6.8493151
A38: Matt.25.30 | B38: δουλον βαλεται εξω εις το σκοτος | C38: δουλον εκβαλλεται εις το σκοτος | G38: Substitution - Both | Q38: -15 | R38: 92 | S38: 77 | T38: =IF(ISNUMBER(R38), (R38/$E$353)*10000, "") -> 11.055035 | U38: =IF(ISNUMBER(S38), (S38/$E$353)*10000, "") -> 9.2525835 | V38: =IF(ISNUMBER(Q38), U38-T38, "") -> -1.8024513
A39: Matt.25.30 | B39: το εξωτερον εκει | C39: το εξω εκει | G39: Substitution - Word | Q39: 49 | R39: 3 | S39: 52 | T39: =IF(ISNUMBER(R39), (R39/$E$353)*10000, "") -> 0.36049027 | U39: =IF(ISNUMBER(S39), (S39/$E$353)*10000, "") -> 6.248498 | V39: =IF(ISNUMBER(Q39), U39-T39, "") -> 5.8880077
A40: Matt.25.39 | B40: ασθενουντα η εν φυλακη | C40: ασθενουντα και εν φυλακη | G40: Substitution - Word | Q40: 5483 | R40: 193 | S40: 5676 | T40: =IF(ISNUMBER(R40), (R40/$E$353)*10000, "") -> 23.19154 | U40: =IF(ISNUMBER(S40), (S40/$E$353)*10000, "") -> 682.04758 | V40: =IF(ISNUMBER(Q40), U40-T40, "") -> 658.85604
A41: Matt.26.2 | B41: (1) μαθηταις (2) οτι μετα δυο | C41: (1) μαθηταις αυτου (2) οιδατε οτε μετα δυο | G41: Substitution - Word | Q41: -743 | R41: 810 | S41: 67 | T41: =IF(ISNUMBER(R41), (R41/$E$353)*10000, "") -> 97.332372 | U41: =IF(ISNUMBER(S41), (S41/$E$353)*10000, "") -> 8.0509493 | V41: =IF(ISNUMBER(Q41), U41-T41, "") -> -89.281423
A42: Matt.26.26 | B42: και ευλογησας εκλασεν | C42: και ευχαριστησας εκλασεν | G42: Substitution - Word | Q42: -12 | R42: 25 | S42: 13 | T42: =IF(ISNUMBER(R42), (R42/$E$353)*10000, "") -> 3.0040856 | U42: =IF(ISNUMBER(S42), (S42/$E$353)*10000, "") -> 1.5621245 | V42: =IF(ISNUMBER(Q42), U42-T42, "") -> -1.4419611
A43: Matt.26.28 | B43: το υπερ πολλων | C43: το περι πολλων | G43: Substitution - Word | Q43: 203 | R43: 32 | S43: 235 | T43: =IF(ISNUMBER(R43), (R43/$E$353)*10000, "") -> 3.8452295 | U43: =IF(ISNUMBER(S43), (S43/$E$353)*10000, "") -> 28.238404 | V43: =IF(ISNUMBER(Q43), U43-T43, "") -> 24.393175
A44: Matt.26.30 | B44: υμνησαντες εξηλθον | C44: υμνησαντες εισηλθον | G44: Substitution - Word | Q44: -21 | R44: 186 | S44: 165 | T44: =IF(ISNUMBER(R44), (R44/$E$353)*10000, "") -> 22.350397 | U44: =IF(ISNUMBER(S44), (S44/$E$353)*10000, "") -> 19.826965 | V44: =IF(ISNUMBER(Q44), U44-T44, "") -> -2.5234319
A45: Matt.26.39 | B45: προσελθων | C45: προελθων | G45: Substitution - Word | Q45: -69 | R45: 77 | S45: 8 | T45: =IF(ISNUMBER(R45), (R45/$E$353)*10000, "") -> 9.2525835 | U45: =IF(ISNUMBER(S45), (S45/$E$353)*10000, "") -> 0.96130738 | V45: =IF(ISNUMBER(Q45), U45-T45, "") -> -8.2912761
A46: Matt.26.47 | B46: (46) με (47) ετι δε αυτου | C46: (46) με (47) και ετι αυτου | G46: Substitution - Word | Q46: 3710 | R46: 1966 | S46: 5676 | T46: =IF(ISNUMBER(R46), (R46/$E$353)*10000, "") -> 236.24129 | U46: =IF(ISNUMBER(S46), (S46/$E$353)*10000, "") -> 682.04758 | V46: =IF(ISNUMBER(Q46), U46-T46, "") -> 445.8063
A47: Matt.27.1 | B47: ιηυ ινα θανατωσουσιν | C47: ιυ ωστε θανατωσουσιν | G47: Substitution - Word | Q47: -268 | R47: 309 | S47: 41 | T47: =IF(ISNUMBER(R47), (R47/$E$353)*10000, "") -> 37.130497 | U47: =IF(ISNUMBER(S47), (S47/$E$353)*10000, "") -> 4.9267003 | V47: =IF(ISNUMBER(Q47), U47-T47, "") -> -32.203797
... A51: Matt.27.40 | B51: ουα ο καταλυων | C51: ουαι ο καταλυων | G51: Substitution - Word | Q51: 29 | R51: 1 | S51: 30 | T51: =IF(ISNUMBER(R51), (R51/$E$353)*10000, "") -> 0.12016342 | U51: =IF(ISNUMBER(S51), (S51/$E$353)*10000, "") -> 3.6049027 | V51: =IF(ISNUMBER(Q51), U51-T51, "") -> 3.4847392
A52: Matt.27.66 | B52: μετα των φυλακων (28:1) οψε δε | C52: μετα της κουστουδιας (28:1) οψε δε | F52: Yes | G52: Substitution - Word | Q52: 0 | R52: 3 | S52: 3 | T52: =IF(ISNUMBER(R52), (R52/$E$353)*10000, "") -> 0.36049027 | U52: =IF(ISNUMBER(S52), (S52/$E$353)*10000, "") -> 0.36049027 | V52: =IF(ISNUMBER(Q52), U52-T52, "") -> 0
A53: Matt.28.2 | B53: καταβας απ ουρανου | C53: καταβας εξ ουρανου | D53: Autograph unclear (but clear enough) | F53: Yes | G53: Substitution - Word | Q53: 41 | R53: 444 | S53: 485 | T53: =IF(ISNUMBER(R53), (R53/$E$353)*10000, "") -> 53.352559 | U53: =IF(ISNUMBER(S53), (S53/$E$353)*10000, "") -> 58.27926 | V53: =IF(ISNUMBER(Q53), U53-T53, "") -> 4.9267003
A54: Matt.28.15 | B54: παρα τοις ιουδαιοις εως της σημερον | C54: παρα ιουδαιοις μεχρι της σημερον | F54: Yes | G54: Substitution - Word | Q54: -118 | R54: 124 | S54: 6 | T54: =IF(ISNUMBER(R54), (R54/$E$353)*10000, "") -> 14.900264 | U54: =IF(ISNUMBER(S54), (S54/$E$353)*10000, "") -> 0.72098053 | V54: =IF(ISNUMBER(Q54), U54-T54, "") -> -14.179284
A55: Mark.1.14 | B55: (13) αυτω (14) και μετα το παραδοθηναι τον ιωαννην | C55: (13) αυτω (14) μετα δε το παραδοθηναι ιωαννην | F55: Yes | G55: Substitution - Word | Q55: -3710 | R55: 5676 | S55: 1966 | T55: =IF(ISNUMBER(R55), (R55/$E$353)*10000, "") -> 682.04758 | U55: =IF(ISNUMBER(S55), (S55/$E$353)*10000, "") -> 236.24129 | V55: =IF(ISNUMBER(Q55), U55-T55, "") -> -445.8063
A56: Mark.1.31 | B56: προσελθων | C56: προελθων | G56: Substitution - Word | Q56: -69 | R56: 77 | S56: 8 | T56: =IF(ISNUMBER(R56), (R56/$E$353)*10000, "") -> 9.2525835 | U56: =IF(ISNUMBER(S56), (S56/$E$353)*10000, "") -> 0.96130738 | V56: =IF(ISNUMBER(Q56), U56-T56, "") -> -8.2912761
A57: Mark.1.45 | B57: παντοθεν· | C57: πανταχοθεν | G57: Substitution - Word | Q57: -2 | R57: 2 | S57: 0 | T57: =IF(ISNUMBER(R57), (R57/$E$353)*10000, "") -> 0.24032684 | U57: =IF(ISNUMBER(S57), (S57/$E$353)*10000, "") -> 0 | V57: =IF(ISNUMBER(Q57), U57-T57, "") -> -0.24032684
A58: Mark.2.4 | B58: προσενγεισαι απο του οχλου | C58: προενγεισαι αυτω απο του οχλου | G58: Substitution - Word | Q58: -25 | R58: 27 | S58: 2 | T58: =IF(ISNUMBER(R58), (R58/$E$353)*10000, "") -> 3.2444124 | U58: =IF(ISNUMBER(S58), (S58/$E$353)*10000, "") -> 0.24032684 | V58: =IF(ISNUMBER(Q58), U58-T58, "") -> -3.0040856
A59: Mark.2.7 | B59: (6) λεγοντες (7) π ουτος ουτως λαλει βλασφημει τις δυναται | C59: (6) λεγοντες (7) τι ουτος λαλει ουτως βλασφημιας τις δυναται | G59: Substitution - Both | Q59: -6 | R59: 15 | S59: 9 | T59: =IF(ISNUMBER(R59), (R59/$E$353)*10000, "") -> 1.8024513 | U59: =IF(ISNUMBER(S59), (S59/$E$353)*10000, "") -> 1.0814708 | V59: =IF(ISNUMBER(Q59), U59-T59, "") -> -0.72098053
A60: Mark.2.12 | B60: ωστε εξιστασθαι | C60: ωστε επιστασθαι | G60: Substitution - Word | Q60: -6 | R60: 16 | S60: 10 | T60: =IF(ISNUMBER(R60), (R60/$E$353)*10000, "") -> 1.9226148 | U60: =IF(ISNUMBER(S60), (S60/$E$353)*10000, "") -> 1.2016342 | V60: =IF(ISNUMBER(Q60), U60-T60, "") -> -0.72098053
A61: Mark.2.21 | B61: επισυνραπτει | C61: επισυναπτει | G61: Substitution - Word | Q61: 0 | R61: 0 | S61: 0 | T61: =IF(ISNUMBER(R61), (R61/$E$353)*10000, "") -> 0 | U61: =IF(ISNUMBER(S61), (S61/$E$353)*10000, "") -> 0 | V61: =IF(ISNUMBER(Q61), U61-T61, "") -> 0
A62: Mark.3.3 | B62: εχοντι την χειρα εξηραμενην εγειρε | C62: εχοντι ξηραν την χειρα εγειρε | G62: Substitution - Word | Q62: -4 | R62: 11 | S62: 7 | T62: =IF(ISNUMBER(R62), (R62/$E$353)*10000, "") -> 1.3217976 | U62: =IF(ISNUMBER(S62), (S62/$E$353)*10000, "") -> 0.84114396 | V62: =IF(ISNUMBER(Q62), U62-T62, "") -> -0.48065369 | W62: Harmonizing
A63: Mark.3.4 | B63: εξεστιν εν τοις σαββασιν τι αγαθον ποιησαι η κακοποιησαι | C63: εξεστιν τοις σαββασιν αγαθοποιησαι η κακοποιησαι | G63: Substitution - Word | Q63: -38 | R63: 42 | S63: 4 | T63: =IF(ISNUMBER(R63), (R63/$E$353)*10000, "") -> 5.0468637 | U63: =IF(ISNUMBER(S63), (S63/$E$353)*10000, "") -> 0.48065369 | V63: =IF(ISNUMBER(Q63), U63-T63, "") -> -4.56621
A64: Mark.3.5 | B64: αυτου ευθεως (6) εξελθοντες | C64: αυτου υγιης (6) εξελθοντες | G64: Substitution - Word | Q64: -22 | R64: 32 | S64: 10 | T64: =IF(ISNUMBER(R64), (R64/$E$353)*10000, "") -> 3.8452295 | U64: =IF(ISNUMBER(S64), (S64/$E$353)*10000, "") -> 1.2016342 | V64: =IF(ISNUMBER(Q64), U64-T64, "") -> -2.6435953
A65: Mark.3.7 | B65: και πολυς οχλος απο της γαλειλαιος | C65: και πολυ πληθος απο της γαλιλαιας | G65: Substitution - Word | Q65: -143 | R65: 171 | S65: 28 | T65: =IF(ISNUMBER(R65), (R65/$E$353)*10000, "") -> 20.547945 | U65: =IF(ISNUMBER(S65), (S65/$E$353)*10000, "") -> 3.3645758 | V65: =IF(ISNUMBER(Q65), U65-T65, "") -> -17.183369
A66: Mark.3.17 | B66: αδελφον αυτου και επεθηκεν | C66: αδελφον του ιακωβου και επεθηκεν | G66: Substitution - Word | Q66: -4204 | R66: 4240 | S66: 36 | T66: =IF(ISNUMBER(R66), (R66/$E$353)*10000, "") -> 509.49291 | U66: =IF(ISNUMBER(S66), (S66/$E$353)*10000, "") -> 4.3258832 | V66: =IF(ISNUMBER(Q66), U66-T66, "") -> -505.16703
A67: Mark.3.26 | B67: και εαν ο σατανας | C67: και ει ο σατανας | G67: Substitution - Word | Q67: 79 | R67: 148 | S67: 227 | T67: =IF(ISNUMBER(R67), (R67/$E$353)*10000, "") -> 17.784186 | U67: =IF(ISNUMBER(S67), (S67/$E$353)*10000, "") -> 27.277097 | V67: =IF(ISNUMBER(Q67), U67-T67, "") -> 9.4929104 | W67: Disharmonizing
A68: Mark.3.29 | B68: αλλα ενος εσται | C68: αλλ ενοχος εσται | G68: Substitution - Word | Q68: -207 | R68: 214 | S68: 7 | T68: =IF(ISNUMBER(R68), (R68/$E$353)*10000, "") -> 25.714972 | U68: =IF(ISNUMBER(S68), (S68/$E$353)*10000, "") -> 0.84114396 | V68: =IF(ISNUMBER(Q68), U68-T68, "") -> -24.873828
A69: Mark.4.1 | B69: διδασκειν προς την θαλασσαν | C69: διδασκειν παρα την θαλασσαν | G69: Substitution - Word | Q69: -380 | R69: 508 | S69: 128 | T69: =IF(ISNUMBER(R69), (R69/$E$353)*10000, "") -> 61.043019 | U69: =IF(ISNUMBER(S69), (S69/$E$353)*10000, "") -> 15.380918 | V69: =IF(ISNUMBER(Q69), U69-T69, "") -> -45.6621
A70: Mark.4.7 | B70: επεσεν επι τας ακανθας | C70: επεσεν εις τας ακανθας | G70: Substitution - Word | Q70: 541 | R70: 560 | S70: 1101 | T70: =IF(ISNUMBER(R70), (R70/$E$353)*10000, "") -> 67.291516 | U70: =IF(ISNUMBER(S70), (S70/$E$353)*10000, "") -> 132.29993 | V70: =IF(ISNUMBER(Q70), U70-T70, "") -> 65.008411
A71: Mark.4.10 | B71: και οτε εγενετο | C71: οτε δε εγενετο | G71: Substitution - Word | Q71: -3710 | R71: 5676 | S71: 1966 | T71: =IF(ISNUMBER(R71), (R71/$E$353)*10000, "") -> 682.04758 | U71: =IF(ISNUMBER(S71), (S71/$E$353)*10000, "") -> 236.24129 | V71: =IF(ISNUMBER(Q71), U71-T71, "") -> -445.8063
A72: Mark.4.17 | B72: θλιψεως και διωγμου | C72: θλιψεως η διωγμου | G72: Substitution - Word | Q72: -5483 | R72: 5676 | S72: 193 | T72: =IF(ISNUMBER(R72), (R72/$E$353)*10000, "") -> 682.04758 | U72: =IF(ISNUMBER(S72), (S72/$E$353)*10000, "") -> 23.19154 | V72: =IF(ISNUMBER(Q72), U72-T72, "") -> -658.85604
A73: Mark.4.19 | B73: αι μεριμναις του βιου και απαται | C73: αι μεριμναι του αιωνος και αι απαται | G73: Substitution - Word | Q73: 28 | R73: 6 | S73: 34 | T73: =IF(ISNUMBER(R73), (R73/$E$353)*10000, "") -> 0.72098053 | U73: =IF(ISNUMBER(S73), (S73/$E$353)*10000, "") -> 4.0855564 | V73: =IF(ISNUMBER(Q73), U73-T73, "") -> 3.3645758
A74: Mark.4.27 | B74: βλαστα και | C74: βλαστανη και | G74: Substitution - Both | Q74: 1 | R74: 0 | S74: 1 | T74: =IF(ISNUMBER(R74), (R74/$E$353)*10000, "") -> 0 | U74: =IF(ISNUMBER(S74), (S74/$E$353)*10000, "") -> 0.12016342 | V74: =IF(ISNUMBER(Q74), U74-T74, "") -> 0.12016342
A75: Mark.4.39 | B75: και εγερθεις | C75: και διεγερθεις | G75: Substitution - Word | Q75: -95 | R75: 99 | S75: 4 | T75: =IF(ISNUMBER(R75), (R75/$E$353)*10000, "") -> 11.896179 | U75: =IF(ISNUMBER(S75), (S75/$E$353)*10000, "") -> 0.48065369 | V75: =IF(ISNUMBER(Q75), U75-T75, "") -> -11.415525
A76: Mark.5.2 | B76: ευθεως υπηντησεν | C76: ευθεως απηντησεν | G76: Substitution - Word | Q76: -8 | R76: 10 | S76: 2 | T76: =IF(ISNUMBER(R76), (R76/$E$353)*10000, "") -> 1.2016342 | U76: =IF(ISNUMBER(S76), (S76/$E$353)*10000, "") -> 0.24032684 | V76: =IF(ISNUMBER(Q76), U76-T76, "") -> -0.96130738
A77: Mark.5.3 | B77: ουδε | C77: ουτε | G77: Substitution - Word | Q77: -50 | R77: 87 | S77: 37 | T77: =IF(ISNUMBER(R77), (R77/$E$353)*10000, "") -> 10.454218 | U77: =IF(ISNUMBER(S77), (S77/$E$353)*10000, "") -> 4.4460466 | V77: =IF(ISNUMBER(Q77), U77-T77, "") -> -6.0081711
A78: Mark.5.4 | B78: και μηδενα αυτον ισχυν δαμασαι | C78: και ουδεις αυτον ισχυε δαμασαι | G78: Substitution - Both | Q78: 111 | R78: 45 | S78: 156 | T78: =IF(ISNUMBER(R78), (R78/$E$353)*10000, "") -> 5.407354 | U78: =IF(ISNUMBER(S78), (S78/$E$353)*10000, "") -> 18.745494 | V78: =IF(ISNUMBER(Q78), U78-T78, "") -> 13.33814
A79: Mark.5.19 | B79: ο θεος εποιησεν | C79: ο κυριος εποιησεν | G79: Substitution - Word | Q79: -111 | R79: 472 | S79: 361 | T79: =IF(ISNUMBER(R79), (R79/$E$353)*10000, "") -> 56.717135 | U79: =IF(ISNUMBER(S79), (S79/$E$353)*10000, "") -> 43.378995 | V79: =IF(ISNUMBER(Q79), U79-T79, "") -> -13.33814
... A89: Mark.7.28 | B89: λεγουσα κυ αλλα και τα κυναρια | C89: λεγουσα ναι κε και γαρ τα κυναρια | G89: Substitution - Word | Q89: 182 | R89: 249 | S89: 431 | T89: =IF(ISNUMBER(R89), (R89/$E$353)*10000, "") -> 29.920692 | U89: =IF(ISNUMBER(S89), (S89/$E$353)*10000, "") -> 51.790435 | V89: =IF(ISNUMBER(Q89), U89-T89, "") -> 21.869743
A90: Mark.7.28 | B90: πεδων· | C90: παιδιων | G90: Substitution - Word | Q90: 46 | R90: 0 | S90: 46 | T90: =IF(ISNUMBER(R90), (R90/$E$353)*10000, "") -> 0 | U90: =IF(ISNUMBER(S90), (S90/$E$353)*10000, "") -> 5.5275174 | V90: =IF(ISNUMBER(Q90), U90-T90, "") -> 5.5275174 | AC90: αι-ε | AD90: No
A91: Mark.7.37 | B91: υπερεκπερισσως | C91: υπερπερισσως | G91: Substitution - Word | Q91: 1 | R91: 0 | S91: 1 | T91: =IF(ISNUMBER(R91), (R91/$E$353)*10000, "") -> 0 | U91: =IF(ISNUMBER(S91), (S91/$E$353)*10000, "") -> 0.12016342 | V91: =IF(ISNUMBER(Q91), U91-T91, "") -> 0.12016342
A92: Mark.8.18 | B92: ακουετε ουδε μνημονευετε | C92: ακακουετε και ου μνημονευετε | G92: Substitution - Word | Q92: 800 | R92: 87 | S92: 887 | T92: =IF(ISNUMBER(R92), (R92/$E$353)*10000, "") -> 10.454218 | U92: =IF(ISNUMBER(S92), (S92/$E$353)*10000, "") -> 106.58496 | V92: =IF(ISNUMBER(Q92), U92-T92, "") -> 96.130738
A93: Mark.9.26 | B93: εξηλθεν απ αυτου | C93: εξηλθεν εξ αυτου | G93: Substitution - Word | Q93: 41 | R93: 444 | S93: 485 | T93: =IF(ISNUMBER(R93), (R93/$E$353)*10000, "") -> 53.352559 | U93: =IF(ISNUMBER(S93), (S93/$E$353)*10000, "") -> 58.27926 | V93: =IF(ISNUMBER(Q93), U93-T93, "") -> 4.9267003 | W93: Harmonizing
A94: Mark.9.26 | B94: ως νεκρος | C94: ωσει νεκρος | G94: Substitution - Word | Q94: -188 | R94: 207 | S94: 19 | T94: =IF(ISNUMBER(R94), (R94/$E$353)*10000, "") -> 24.873828 | U94: =IF(ISNUMBER(S94), (S94/$E$353)*10000, "") -> 2.283105 | V94: =IF(ISNUMBER(Q94), U94-T94, "") -> -22.590723
A95: Mark.9.28 | B95: οικον | C95: οικειαν | G95: Substitution - Word | Q95: -86 | R95: 86 | S95: 0 | T95: =IF(ISNUMBER(R95), (R95/$E$353)*10000, "") -> 10.334054 | U95: =IF(ISNUMBER(S95), (S95/$E$353)*10000, "") -> 0 | V95: =IF(ISNUMBER(Q95), U95-T95, "") -> -10.334054
A96: Mark.9.42 | B96: περιεκειτο μυλος ονικος επι | C96: περικειτο λιθος επι | G96: Substitution - Word | Q96: 41 | R96: 1 | S96: 42 | T96: =IF(ISNUMBER(R96), (R96/$E$353)*10000, "") -> 0.12016342 | U96: =IF(ISNUMBER(S96), (S96/$E$353)*10000, "") -> 5.0468637 | V96: =IF(ISNUMBER(Q96), U96-T96, "") -> 4.9267003
A97: Mark.9.43 | B97: κυλλον σε ελθειν εις | C97: κυλλον εισελθειν εις | G97: Substitution - Word | Q97: -342 | R97: 507 | S97: 165 | T97: =IF(ISNUMBER(R97), (R97/$E$353)*10000, "") -> 60.922855 | U97: =IF(ISNUMBER(S97), (S97/$E$353)*10000, "") -> 19.826965 | V97: =IF(ISNUMBER(Q97), U97-T97, "") -> -41.09589
A98: Mark.10.27 | B98: ενβλεψας | C98: ενβλαψας | G98: Substitution - Word | Q98: -12 | R98: 12 | S98: 0 | T98: =IF(ISNUMBER(R98), (R98/$E$353)*10000, "") -> 1.4419611 | U98: =IF(ISNUMBER(S98), (S98/$E$353)*10000, "") -> 0 | V98: =IF(ISNUMBER(Q98), U98-T98, "") -> -1.4419611
A99: Mark.10.46 | B99: οδον επετων (47) και | C99: οδον προσετων (47) και | G99: Substitution - Word | Q99: -1 | R99: 2 | S99: 1 | T99: =IF(ISNUMBER(R99), (R99/$E$353)*10000, "") -> 0.24032684 | U99: =IF(ISNUMBER(S99), (S99/$E$353)*10000, "") -> 0.12016342 | V99: =IF(ISNUMBER(Q99), U99-T99, "") -> -0.12016342
A100: Mark.11.3 | B100: ευθυς | C100: ευθεως | G100: Substitution - Word | Q100: -19 | R100: 51 | S100: 32 | T100: =IF(ISNUMBER(R100), (R100/$E$353)*10000, "") -> 6.1283345 | U100: =IF(ISNUMBER(S100), (S100/$E$353)*10000, "") -> 3.8452295 | V100: =IF(ISNUMBER(Q100), U100-T100, "") -> -2.283105
A101: Mark.11.9 | B101: προσαγοντες | C101: προαγοντες | G101: Substitution - Word | Q101: 13 | R101: 3 | S101: 16 | T101: =IF(ISNUMBER(R101), (R101/$E$353)*10000, "") -> 0.36049027 | U101: =IF(ISNUMBER(S101), (S101/$E$353)*10000, "") -> 1.9226148 | V101: =IF(ISNUMBER(Q101), U101-T101, "") -> 1.5621245
A102: Mark.11.33 | B102: υμειν εις ποιαν εξουσιαν ταυτα ποιω (12:1) και ηρξατο | C102: υμειν εν ποια εξουσια ποιω (12:1) και ηρξατο | G102: Substitution - Word | Q102: 193 | R102: 1101 | S102: 1294 | T102: =IF(ISNUMBER(R102), (R102/$E$353)*10000, "") -> 132.29993 | U102: =IF(ISNUMBER(S102), (S102/$E$353)*10000, "") -> 155.49147 | V102: =IF(ISNUMBER(Q102), U102-T102, "") -> 23.19154 | W102: Harmonizing
A103: Mark.12.25 | B103: ουδε | C103: ουτε | G103: Substitution - Word | Q103: -50 | R103: 87 | S103: 37 | T103: =IF(ISNUMBER(R103), (R103/$E$353)*10000, "") -> 10.454218 | U103: =IF(ISNUMBER(S103), (S103/$E$353)*10000, "") -> 4.4460466 | V103: =IF(ISNUMBER(Q103), U103-T103, "") -> -6.0081711
A104: Mark.13.11 | B104: ωρα αυτο λαλειτε | C104: ωρα τουτο λαλειτε | G104: Substitution - Word | Q104: -3310 | R104: 4240 | S104: 930 | T104: =IF(ISNUMBER(R104), (R104/$E$353)*10000, "") -> 509.49291 | U104: =IF(ISNUMBER(S104), (S104/$E$353)*10000, "") -> 111.75198 | V104: =IF(ISNUMBER(Q104), U104-T104, "") -> -397.74093
A105: Mark.13.21 | B105: τοτε αν | C105: τοτε εαν | G105: Substitution - Word | Q105: 4 | R105: 134 | S105: 138 | T105: =IF(ISNUMBER(R105), (R105/$E$353)*10000, "") -> 16.101899 | U105: =IF(ISNUMBER(S105), (S105/$E$353)*10000, "") -> 16.582552 | V105: =IF(ISNUMBER(Q105), U105-T105, "") -> 0.48065369
A106: Mark.13.30 | B106: αυτη εως ου παντα | C106: αυτη μεχρεις παντα | G106: Substitution - Word | Q106: -118 | R106: 124 | S106: 6 | T106: =IF(ISNUMBER(R106), (R106/$E$353)*10000, "") -> 14.900264 | U106: =IF(ISNUMBER(S106), (S106/$E$353)*10000, "") -> 0.72098053 | V106: =IF(ISNUMBER(Q106), U106-T106, "") -> -14.179284
A107: Mark.14.25 | B107: γεννηματος της αμπελου εως | C107: γεννηματος του αμπελωνος εως | G107: Substitution - Word | Q107: 16 | R107: 6 | S107: 22 | T107: =IF(ISNUMBER(R107), (R107/$E$353)*10000, "") -> 0.72098053 | U107: =IF(ISNUMBER(S107), (S107/$E$353)*10000, "") -> 2.6435953 | V107: =IF(ISNUMBER(Q107), U107-T107, "") -> 1.9226148
A108: Mark.14.31 | B108: δε εκπερισσως | C108: δε περισσως | G108: Substitution - Word | Q108: 3 | R108: 1 | S108: 4 | T108: =IF(ISNUMBER(R108), (R108/$E$353)*10000, "") -> 0.12016342 | U108: =IF(ISNUMBER(S108), (S108/$E$353)*10000, "") -> 0.48065369 | V108: =IF(ISNUMBER(Q108), U108-T108, "") -> 0.36049027
A109: Mark.14.35 | B109: προσελθων | C109: προελθων | G109: Substitution - Word | Q109: -69 | R109: 77 | S109: 8 | T109: =IF(ISNUMBER(R109), (R109/$E$353)*10000, "") -> 9.2525835 | U109: =IF(ISNUMBER(S109), (S109/$E$353)*10000, "") -> 0.96130738 | V109: =IF(ISNUMBER(Q109), U109-T109, "") -> -8.2912761
A110: Mark.14.43 | B110: και απο των γραμματεων | C110: και μετα των γραμματεων | G110: Substitution - Word | Q110: -134 | R110: 444 | S110: 310 | T110: =IF(ISNUMBER(R110), (R110/$E$353)*10000, "") -> 53.352559 | U110: =IF(ISNUMBER(S110), (S110/$E$353)*10000, "") -> 37.250661 | V110: =IF(ISNUMBER(Q110), U110-T110, "") -> -16.101899
A111: Mark.14.48 | B111: ο δε ιης ειπεν | C111: και ο ιησους ειπεν | G111: Substitution - Word | Q111: 3710 | R111: 1966 | S111: 5676 | T111: =IF(ISNUMBER(R111), (R111/$E$353)*10000, "") -> 236.24129 | U111: =IF(ISNUMBER(S111), (S111/$E$353)*10000, "") -> 682.04758 | V111: =IF(ISNUMBER(Q111), U111-T111, "") -> 445.8063
A112: Mark.14.69 | B112: οτι και αυτος εξ αυτων | C112: οτι ουτος εξ αυτων | G112: Substitution - Word | Q112: -3310 | R112: 4240 | S112: 930 | T112: =IF(ISNUMBER(R112), (R112/$E$353)*10000, "") -> 509.49291 | U112: =IF(ISNUMBER(S112), (S112/$E$353)*10000, "") -> 111.75198 | V112: =IF(ISNUMBER(Q112), U112-T112, "") -> -397.74093
A113: Mark.15.2 | B113: ιουδαιων και αποκριθεις αυτω λεγει | C113: ιουδαιων ο δε αυτω λεγει | G113: Substitution - Word | Q113: 11614 | R113: 229 | S113: 11843 | T113: =IF(ISNUMBER(R113), (R113/$E$353)*10000, "") -> 27.517424 | U113: =IF(ISNUMBER(S113), (S113/$E$353)*10000, "") -> 1423.0954 | V113: =IF(ISNUMBER(Q113), U113-T113, "") -> 1395.578
A114: Mark.15.22 | B114: και αγουσιν αυτον | C114: και φερουσιν αυτον | G114: Substitution - Word | Q114: -9 | R114: 59 | S114: 50 | T114: =IF(ISNUMBER(R114), (R114/$E$353)*10000, "") -> 7.0896419 | U114: =IF(ISNUMBER(S114), (S114/$E$353)*10000, "") -> 6.0081711 | V114: =IF(ISNUMBER(Q114), U114-T114, "") -> -1.0814708
...

Sheet Harmonization
A1: Verse Ref | B1: Autograph | C1: Apograph | D1: Exclusion Grounds | E1: Corrector Followed | F1: Apograph Corrected | G1: Detail | H1: Basic Type | I1: Phrase Length | J1: Words Length | K1: Letters Length | L1: Speech Part Add/Omitted | M1: Visual Cues | N1: Cue Regions | O1: Cue Length | P1: Duplicate Material | Q1: AO Word Frequency | R1: SUB Frequency Difference | S1: SUB_Aut_Freq | T1: SUB_Apog_Freq | U1: Harmonization - Context | V1: Harmonization_Direction | W1: Parallel Present | X1: Harmonization - Parallel | Y1: Singularity | Z1: Secondary | AA1: Minutiae | AB1: Orthographic - General | AC1: Mere Minutiae | AD1: Nonsense | AE1: Review | AF1: TR_Reading
A2: Matt.1.25 | B2: εκαλεσεν το ονομα | C2: ελαλησεν το ονομα | G2: autograph matches pattern in 1:21,23 (και καλεσεις το ονομα αυτου); apograph disharmonizes | H2: Substitution - Word | R2: 103 | S2: 93 | T2: 196 | U2: Disharmonizing | V2: Forward | AF2: No
A3: Matt.2.14 | B3: ο δε διεγερθεις | C3: ο δε εγερθεις | G3: apograph matches verb in 2:13,20 (εγερθεις παραλαβε τον παιδα); apograph harmonizes | H3: Substitution - Word | R3: 95 | S3: 4 | T3: 99 | U3: Harmonizing | V3: Both | AF3: Yes
A4: Matt.4.3 | B4: ειπεν αυτω ει υιος | C4: ειπεν ει υιος | G4: autograph matches pattern in 4:6 (λεγει αυτω ει υιος ει θεου); apograph disharmonizes | H4: Omission | J4: 1 | K4: 4 | L4: Pronoun | M4: Absent | Q4: 4240 | U4: Harmonizing | V4: Backward | AF4: Yes
A5: Matt.6.5 | B5: ως οι υποκριται | C5: ως υποκριται | G5: autograph matches pattern in 6:2,16 (ως(περ) οι υποκριται); apograph disharmonizes | H5: Omission | J5: 1 | K5: 2 | L5: Article | M5: NA | Q5: 11843 | U5: Disharmonizing | V5: Both | AF5: No
A6: Matt.6.6 | B6: πατρι σου εν τω | C6: πατρι τω εν τω | G6: πατηρ never occurs without 2nd person genitive pronoun (5:48,6:1,4,6x2,8,1st person in 9 for Lord's Prayer,14,15,18), and the specific phrase τω πατρι σου εν τω κρυπτω occurs a second time in v. 6 and similar phrasing in vv. 4 and 18x2; apograph disharmonizes | H6: Substitution - Word | R6: 10102 | S6: 1741 | T6: 11843 | U6: Disharmonizing | V6: Both | AF6: No
A7: Matt.10.35 | B7: κατα πατρος | C7: κατα του πατρος | G7: apograph reading matches recurring pattern later in verse (θυγατερα κατα της μητρος αυτης; νυμφην κατα της πενθερας αυτης); apograph harmonizes | H7: Addition | J7: 1 | K7: 3 | L7: Article | M7: Absent | Q7: 11843 | U7: Harmonizing | V7: Backward | AF7: Yes
A8: Matt.11.18 | B8: εσθιων μητε πεινων | C8: εσθιων μητε πιων | G8: autograph matches pattern in 11:19 (εστθιων και πεινων); apograph disharmonizes | H8: Substitution - Word | R8: 37 | S8: 17 | T8: 54 | U8: Disharmonizing | V8: Backward | AF8: No
A9: Matt.13.4 | B9: επεσεν | C9: επεσον | G9: Throughout the parable, επεσεν is used in form α/αλλα μεν/δε επεσεν (13:5,7,8); apograph disharmonizes | H9: Substitution - Form | U9: Disharmonizing | V9: Backward | AF9: No
A10: Matt.15.11 | B10: κοινωνι τον ανθρωπον αλλα | C10: κοινωνει αλλα | G10: autograph matches wording later in verse (εκ του στοματος εκεινο κοινωνει τον ανθρωπον), also in 15:18,19,20; apograph disharmonizes | H10: Omission | J10: 2 | K10: 11 | M10: Present | N10: AC | O10: 3 | Q10: 371 | U10: Disharmonizing | V10: Backward | AF10: No
A11: Matt.15.11 | B11: κοινωνει τον ανθρωπον (12) τοτε | C11: κοινωνει ανθρωπον (12) τοτε | G11: elsewhere in near context, the phrase κοινωνει τον ανθρωπον always occurs with article (15:11,18,19,20); apograph disharmonizes | H11: Omission | J11: 1 | K11: 3 | L11: Article | M11: Absent | Q11: 11843 | U11: Disharmonizing | V11: Both | AF11: No
A12: Matt.16.13 | B12: ανθρωποι λεγουσιν ειναι υιον | C12: ανθρωποι ειναι λεγουσιν υιον | G12: 1.0.1 transposition; autograph closer to patternin 16:15 (υμεις δε τινα με λεγεται ειναι); apograph disharmonizes | H12: Transposition | U12: Disharmonizing | V12: Backward | AF12: No
A13: Matt.18.8 | B13: σκανδαλιζει σε | C13: σκανδαλισει σε | G13: autograph matches form used in 18:9 (ει και ο οφθαλμος σου σκανδαλιζει σε); apograph disharmonizes | H13: Substitution - Form | U13: Disharmonizing | V13: Backward | AF13: No
A14: Matt.19.24 | B14: βασιλειαν του θυ | C14: βασιλειαν των ουρανων | G14: apograph follows wording of 19:23 (εισελευσεται εις την βασιλειαν των ουρανων); apograph harmonizes | H14: Substitution - Word | R14: -293 | S14: 472 | T14: 179 | U14: Harmonizing | V14: Forward | AF14: No
A15: Matt.20.3 | B15: περι ωραν | C15: περι την ωραν | G15: autograph follows wording in 20:5 (εξελθων περι ωραν εκτην); apograph disharmonizes | H15: Addition | J15: 1 | K15: 3 | L15: Article | M15: Absent | Q15: 11843 | U15: Disharmonizing | V15: Backward | AF15: Partial
A16: Matt.20.23 | B16: καθεισαι εκ δεξιων μου και εξ ευωνυμων ουκ εστιν εμον τουτο δουναι | C16: καθισαι εκ δεξιων ουκ εστιν τουτο δουναι | F16: Yes, partially | G16: B.10.3 does reinsert μου, but not the rest of the omitted text; freq = ευωνυμος; autograph follows request in 20:21 (καθισωσιν... εκ δεξιων σου και εις εξ ευωνυμων); apograph disharmonizes | H16: Omission | J16: 4 | K16: 16 | M16: Present | N16: AC | O16: 3 | Q16: 8 | U16: Disharmonizing | V16: Forward | AF16: No
A17: Matt.20.31 | B17: λεγοντες κε ελεησον ημας υιε δαυειδ | C17: λεγοντες κε υιε δαβειδ ελεησον ημας | G17: 2.0.2 transposition; autograph matches wording in 20:30 (εκραξαν λεγοντες ελεησον ημας υιε δαυειδ); apograph disharmonizes | H17: Transposition | U17: Disharmonizing | V17: Forward | AF17: No
A18: Matt.25.1 | B18: λαβουσαι τας λαμπαδας εαυτων | C18: λαβουσαι ται λαμπαδας αυτων | G18: apograph follows wording of 25:3 (μωραι λαβουσαι τας λαμπαδας αυτων); apograph harmonizes | H18: Substitution - Word | R18: 4080 | S18: 160 | T18: 4240 | U18: Harmonizing | V18: Backward | AF18: Yes
A19: Matt.25.22 | B19: ταλαντα επεκερδησα (23) εφη | C19: ταλαντα εκερδησα επ αυτοις (23) εφη | G19: autograph matches wording of 25:20 (αλλα πεντε ταλαντα επεκερδησα εφη αυτω); apograph disharmonizes | H19: Substitution - Word | R19: 9 | S19: 0 | T19: 9 | U19: Disharmonizing | V19: Forward | AF19: Yes
A20: Matt.25.22 | B20: ταλαντα επεκερδησα (23) εφη | C20: ταλαντα εκερδησα επ αυτοις (23) εφη | G20: autograph matches wording of 25:20 (αλλα πεντε ταλαντα επεκερδησα εφη αυτω); apograph disharmonizes | H20: Addition | J20: 2 | K20: 8 | M20: Absent | Q20: 560 | U20: Disharmonizing | V20: Forward | AF20: Yes
A21: Mark.3.3 | B21: εχοντι την χειρα εξηραμενην εγειρε | C21: εχοντι ξηραν την χειρα εγειρε | E21: No | G21: 2.0.1 transposition; apograph follows wording of 3:1 (ανθρωπος ξηραν εχων την χειρα); apograph harmonizes | H21: Transposition | U21: Harmonizing | V21: Forward | AF21: No
A22: Mark.3.3 | B22: εχοντι την χειρα εξηραμενην εγειρε | C22: εχοντι ξηραν την χειρα εγειρε | G22: Bezae corrects to εξηραμμενην, B.10.3 substitutes something else entirely; apograph follows wording of 3:1 (ανθρωπος ξηραν εχων την χειρα); apograph harmonizes | H22: Substitution - Word | R22: -4 | S22: 11 | T22: 7 | U22: Harmonizing | V22: Forward | AF22: No
A23: Mark.3.24 | B23: μερισθη ου δυναται | C23: μερισθη ου ου δυναται | G23: autograph follows wording in 3:25 (εαν οικια εφ εαυτην μερισθη ου δυναται); apograph disharmonizes | H23: Addition | J23: 1 | K23: 2 | L23: Particle | M23: NA | P23: Dittography | Q23: 887 | U23: Disharmonizing | V23: Backward | AF23: No
A24: Mark.3.26 | B24: και εαν ο σατανας | C24: και ει ο σατανας | G24: autograph matches wording in 3:24,25 (εαν βασιλεια/οικια εφ εαυτην μερισθη); apograph disharmonizes | H24: Substitution - Word | R24: 79 | S24: 148 | T24: 227 | U24: Disharmonizing | V24: Forward | AF24: Yes
A25: Mark.5.27 | B25: ιματιου αυτου εν | C25: ιματιου εν | G25: autograph closer to wording of 5:28 (καν του ιματιου εαυτου αψωμαι); apograph disharmonizes | H25: Omission | J25: 1 | K25: 5 | L25: Pronoun | M25: Present | N25: AB:AC | O25: 4:4 | Q25: 4240 | U25: Harmonizing | V25: Backward | AF25: No
A26: Mark.9.26 | B26: εξηλθεν απ αυτου | C26: εξηλθεν εξ αυτου | G26: apograph matches wording of command in 9:25 (εξελθε εξ αυτου); apograph harmonizes | H26: Substitution - Word | R26: 41 | S26: 444 | T26: 485 | U26: Harmonizing | V26: Forward | AF26: No
A27: Mark.9.47 | B27: γεεναν (48) οπου | C27: γεενναν του πυρος (48) οπου | G27: the phrase βληθηναι εις την γεεναν occurs 3x in near context, never with the added modifier (9:43,45); apograph disharmonizes | H27: Addition | J27: 2 | K27: 8 | M27: Absent | Q27: 28 | U27: Disharmonizing | V27: Forward | AF27: Yes
A28: Mark.11.33 | B28: υμειν εις ποιαν εξουσιαν ταυτα ποιω (12:1) και ηρξατο | C28: υμειν εν ποια εξουσια ποιω (12:1) και ηρξατο | G28: apograph matches wording of original question in 11:28 (εν ποια εξουσια ταυτα ποιεις); apograph harmonizes | H28: Substitution - Word | R28: 193 | S28: 1101 | T28: 1294 | U28: Harmonizing | V28: Forward | AF28: Yes
A29: Mark.14.56 | B29: εψευδομαρτυρουν ελεγον κατ αυτου | C29: εψευδομαρτυρουν κατ αυτου | E29: No | G29: Bezae adds και before ελεγον; autograph reading closer to 14:57 (αλλοι ανασταντες εψευδομαρτυρουν και ελεγον κατ αυτου); apograph disharmonizes | H29: Omission | J29: 1 | K29: 6 | L29: Verb | M29: Present | N29: AB:AC | O29: 4:4 | Q29: 2042 | U29: Disharmonizing | V29: Backward | AF29: Yes
A30: Luke.1.74 | B30: χειρος εκθρων | C30: χειρος των εκθρων | G30: autograph matches wording in 1:71 (εκ χειρος εχθρων ημων); apograph disharmonizes | H30: Addition | J30: 1 | K30: 3 | L30: Article | M30: Absent | Q30: 11843 | U30: Disharmonizing | V30: Forward | AF30: Yes
A31: Luke.4.4 | B31: αποκριθεις o ιης | C31: αποκριθεις ιησους | G31: autograph follows the response formula from 4:8,12 (και αποκριθεις ο ιης ειπεν αυτω γεγραπται); apograph disharmonizes | H31: Omission | J31: 1 | K31: 1 | L31: Article | M31: NA | Q31: 11843 | U31: Disharmonizing | V31: Backward | AF31: Yes
A32: Luke.4.4 | B32: γεγραπται ουκ | C32: γεγραπται οτι ουκ | G32: autograph follows the response formula from 4:8,12 (και αποκριθεις ο ιης ειπεν αυτω γεγραπται); apograph disharmonizes | H32: Addition | J32: 1 | K32: 3 | L32: Conjunction | M32: Absent | Q32: 810 | U32: Disharmonizing | V32: Backward | AF32: Yes
A33: Luke.5.23 | B33: αφαιωνται σου αι αμαρτιαι η ειπειν | C33: αφαιωνται σοι αι αμαρτιαι σου η ειπειν | G33: autograph matches form from 5:21 (αφαιωνται σου αι αμαρτιαι); apograph disharmonizes | H33: Substitution - Form | U33: Disharmonizing | V33: Forward | AF33: Yes
A34: Luke.5.23 | B34: αφαιωνται σου αι αμαρτιαι η ειπειν | C34: αφαιωνται σοι αι αμαρτιαι σου η ειπειν | G34: autograph matches form from 5:21 (αφαιωνται σου αι αμαρτιαι); apograph disharmonizes | H34: Addition | J34: 1 | K34: 3 | L34: Pronoun | M34: Absent | Q34: 1741 | U34: Disharmonizing | V34: Forward | AF34: Yes
A35: Luke.7.24 | B35: εξηλθατε εις την | C35: εξεληλυθατε εις την | G35: autograph matches wording of 7:25,26 (τι εξηλθατε ειδειν); apograph disharmonizes | H35: Substitution - Form | U35: Disharmonizing | V35: Backward | AF35: Yes
A36: Luke.7.38 | B36: κλαιουσα τοις δακρυσι εβρεξε τους ποδας | C36: κλαιουσα εβρεξε τοις δακρυσιν τους ποδας | G36: 2.0.1 transposition; autograph follows pattern of 7:44 (τοις δακρισιν εβρεξεν μου τους ποδας); apograph disharmonizes | H36: Transposition | U36: Disharmonizing | V36: Backward | AF36: No
A37: Luke.8.18 | B37: εχη αρθησεται | C37: εχη και αρθησεται | G37: autograph reflects wording of phrase earlier in verse (ος γαρ αν εχη δοθησεται αυτω); apograph disharmonizes | H37: Addition | J37: 1 | K37: 3 | L37: Conjunction | M37: Absent | Q37: 5676 | U37: Disharmonizing | V37: Forward | AF37: Yes
A38: Luke.9.61 | B38: επιτρεψον δε μοι πρωτον αποταξασθαι | C38: επιτρεψον δε πρωτον μοι αποταξασθαι | G38: 1.0.1 transposition; autograph follows wording of 9:59 (ο δε ειπεν επιτρεψον μοι πρωτον απελθοντα θαψαι); apograph disharmonizes | H38: Transposition | U38: Disharmonizing | V38: Forward | AF38: No
A39: Luke.10.5 | B39: ην αν δε εισελθητε πρωτον οικιαν λεγετε | C39: ην αν δ αν εισερχησθε οικιαν πρωτον λεγετε | G39: autograph follows wording in 10:9 (εις ην δ αν πολιν εισελθητε); apograph disharmonizes | H39: Substitution - Form | U39: Disharmonizing | V39: Backward | AF39: Yes
A40: Luke.13.5 | B40: υμειν οτι εαν μη | C40: υμειν αλλα εαν μη | G40: apograph closer to wording of 13:3 (λεγω υμειν αλλα εαν μη μετανοησητε); apograph harmonizes | H40: Substitution - Word | R40: -561 | S40: 810 | T40: 249 | U40: Harmonizing | V40: Forward | AF40: Yes
A41: Luke.13.28 | B41: εν τη βασιλεια | C41: εν βασιλεια | G41: autograph follows wording in 13:30 (εν τη βασιλεια του θεου); apograph disharmonizes | H41: Omission | J41: 1 | K41: 2 | L41: Article | M41: NA | Q41: 11843 | U41: Disharmonizing | V41: Backward | AF41: Yes
A42: Luke.15.21 | B42: ενωπιον σου ουκετι | C42: ενωπιον σου και ουκετι | G42: autograph follows wording from 15:19 (και ενωπιον σου ουκετι ειμι αξιος); apograph disharmonizes | H42: Addition | J42: 1 | K42: 3 | L42: Conjunction | M42: Absent | Q42: 5676 | U42: Disharmonizing | V42: Forward | AF42: Yes
A43: Luke.23.25 | B43: εις φυλακην | C43: εις την φυλακην | G43: autograph reading follows wording of 23:19 (βεβλημενος εις φυλακην); apograph disharmonizes | H43: Addition | J43: 1 | K43: 3 | L43: Article | M43: Absent | Q43: 11843 | U43: Disharmonizing | V43: Forward | AF43: Yes
A44: John.4.17 | B44: ειπεν ανδρα ουκ εχω | C44: ειπεν ουκ ανδρα εχω | G44: 1.0.1 transposition; apograph reading follows wording later in verse (ειπας οτι ανδρα ουκ εχεις); apograph disharmonizes | H44: Transposition | U44: Disharmonizing | V44: Backward | AF44: No
A45: John.4.51 | B45: αυτω οτι ο υιος σου | C45: αυτω λεγοντες οτι ο παις σου | G45: autograph follows wording in 4:50,53 (ο υιος σου ζη); apograph disharmonizes | H45: Substitution - Word | R45: -253 | S45: 277 | T45: 24 | U45: Disharmonizing | V45: Both | AF45: Yes
A46: John.5.34 | B46: ανθρωπων την μαρτυρειαν | C46: ανθρωπου την μαρτυριαν | G46: autograph follows wording of 5:41 (δοξαν παρα ανθρωπων ου λαμβανω); apograph disharmonizes | H46: Substitution - Form | U46: Disharmonizing | V46: Backward | AF46: Yes
A47: John.6.38 | B47: με πατρος (39) τουτο | C47: με (39) τουτο | G47: autograph follows wording from 6:39 (το θελημα του πεμψαντος με πατρος); apograph disharmonizes | H47: Omission | J47: 1 | K47: 5 | L47: Noun | M47: Absent | Q47: 308 | U47: Disharmonizing | V47: Backward | AF47: Yes
A48: John.6.40 | B48: αυτον εν τη εσχατη | C48: αυτον τη εσχατη | G48: autograph follows wording in 6:39,44 (αναστησω αυτο(ν) εν τη εσχατη ημερα); apograph disharmonizes | H48: Omission | J48: 1 | K48: 2 | L48: Preposition | M48: NA | Q48: 1294 | U48: Disharmonizing | V48: Both | AF48: No
A49: John.6.50 | B49: αρτος ο εκ του ουρανου και καταβαινων ινα τις | C49: αρτος εκ του ουρανου καταβαινων ινα τις | G49: autograph closer to wording of 6:51 (ο αρτος ο εκ του ουρανου); apograph disharmonizes | H49: Omission | J49: 1 | K49: 1 | L49: Article | M49: NA | Q49: 11843 | U49: Disharmonizing | V49: Backward | AF49: No
A50: John.6.64 | B50: υμων εισιν τινες οι | C50: υμων τινες εισιν οι | G50: 1.0.1 transposition; apograph closer to wording later in verse (τινες εισιν οι μη πιστευοντες); apograph harmonizes | H50: Transposition | U50: Harmonizing | V50: Backward | AF50: No
A51: John.7.19 | B51: μωυσης εδωκεν υμειν | C51: μωσης δεδωκεν υμιν | G51: autograph more closely follows wording of 7:22 (εδωκεν υμειν μωυσης την περιτομην); apograph disharmonizes | H51: Substitution - Form | U51: Disharmonizing | V51: Backward | AF51: Yes
A52: John.7.41 | B52: ελεγον οτι ουτος | C52: ελεγον ουτος | G52: autograph follows wording from 7:40 (ελεγον οτι ουτος εστιν αληθως ο προφητης); apograph disharmonizes | H52: Omission | J52: 1 | K52: 3 | L52: Conjunction | M52: Absent | Q52: 810 | U52: Disharmonizing | V52: Forward | AF52: Yes
A53: John.8.8 | B53: κατακυψας τω δακτυλω κατεγραφεν | C53: κατακυψας κατεγραφεν | G53: autograph follows wording of 8:6 (ιης κατω κυψας τω δακτυλω κατεγραφεν εις την γην); apograph disharmonizes | H53: Omission | J53: 2 | K53: 9 | M53: Present | N53: AC | O53: 3 | Q53: 8 | U53: Disharmonizing | V53: Forward | AF53: Yes
A54: John.8.19 | B54: απεκριθη ιης | C54: απεκρειθη ο ις | G54: autograph follows wording from 8:14 (απεκρειθη ο ιης και ειπεν αυτοις); apograph disharmonizes | H54: Addition | J54: 1 | K54: 1 | L54: Article | M54: NA | Q54: 11843 | U54: Disharmonizing | V54: Forward | AF54: Yes
A55: John.8.21 | B55: αυτοις εγω | C55: αυτοις ο ιησους εγω | G55: apograph follows more closely 8:12,28 (ειπεν ουν αυτοις παλιν ο ιης); apograph harmonizes | H55: Addition | J55: 2 | K55: 7 | M55: Absent | Q55: 635 | U55: Harmonizing | V55: Both | AF55: Yes
A56: John.8.26 | B56: ταυτα λαλω εις τον κοσμον | C56: ταυτα λεγω εις τον κοσμον | E56: No | G56: Bezae corrects εις τον κοσμον -> εις τουτον τον κοσμον; autograph follows wording in 8:38 (α ωρακα παρα τω πατρι μου ταυτα λαλω); apograph disharmonizes | H56: Substitution - Word | R56: 1846 | S56: 196 | T56: 2042 | U56: Disharmonizing | V56: Backward | AF56: Yes
A57: John.8.38 | B57: εγω α ωρακα | C57: εγω ο εωρακα | G57: augograph follows wording later in verse and in 8:26 (α εωρακατε παρα τω πατρι); apograph disharmonizes | H57: Substitution - Form | U57: Disharmonizing | V57: Forward | AF57: Yes
A58: John.9.12 | B58: ειπαν | C58: ειπον | G58: apograph matches form used in 9:10 (ειπον ουν αυτω); apograph harmonizes | H58: Substitution - Form | U58: Harmonizing | V58: Forward | AF58: Yes
A59: John.10.15 | B59: ψυχην διδωμι | C59: ψυχην μου διδωμι | G59: apograph more closely follows wording of 10:11 (την ψυχην αυτου διδωσιν υπερ των προβατων); apograph harmonizes | H59: Addition | J59: 1 | K59: 3 | L59: Pronoun | M59: Absent | Q59: 1496 | U59: Harmonizing | V59: Forward | AF59: Yes
A60: John.11.21 | B60: ουκ αν ο αδελφος μου απεθανεν (22) αλλα | C60: ουκ αν απεθανεν ο αδελφος μου (22) αλλα | G60: 3.0.1 transposition; autograph more closely follows word order of 11:32 (ουκ αν μου ο αδελφος απεθανεν); apograph disharmonizes | H60: Transposition | U60: Disharmonizing | V60: Backward | AF60: No
A61: John.12.26 | B61: εαν τις μοι διακονη | C61: εαν μοι τις διακονη | G61: 1.0.1 transposition; autograph follows word order later in verse (εαν τις εμοι διακονη τειμησει); apograph disharmonizes | H61: Transposition | U61: Disharmonizing | V61: Backward | AF61: No
A62: John.13.9 | B62: πετρος κε μη μονον | C62: πετρος μη μονον | F62: Yes | G62: autograph follows wording of 13:8 (λεγει αυτω πετρος κε ου μη); apograph disharmonizes | H62: Omission | J62: 1 | K62: 2 | L62: Noun | M62: NA | Q62: 361 | U62: Disharmonizing | V62: Forward | AF62: No
A63: John.17.12 | B63: μετ αυτων εγω ετηρουν | C63: μετ αυτων εν τω κοσμω εγω ετηρουν | G63: freq = κοσομος; autograph follows wording from 17:11 (οτε ημην μετ αυτων εγω ετηρουν αυτους); apograph disharmonizes | H63: Addition | J63: 3 | K63: 9 | M63: Absent | Q63: 94 | U63: Disharmonizing | V63: Forward | AF63: Yes
A64: John.21.23 | B64: ερχομαι προς σε | C64: ερχομαι τι προς σε | G64: apograph follows wording of 21:22 (εαν αυτον θελω μενειν ουτως εως ερχομαι τι προς σε); apograph harmonizes | H64: Addition | J64: 1 | K64: 2 | L64: Pronoun | M64: NA | Q64: 412 | U64: Harmonizing | V64: Forward | AF64: Yes
A65: Acts.7.35 | B65: δικαστην εφ ημων τουτον | C65: δικαστην τουτον | G65: autograph follows wording of 7:27 (τις σε κατεστησεν αρχοντα και δικαστην εφ ημας); apograph disharmonizes | H65: Omission | J65: 2 | K65: 6 | M65: Absent | Q65: 560 | U65: Disharmonizing | V65: Forward | AF65: Yes
A66: Acts.20.24 | B66: ιουδαιοις και | C66: ιουδαιοις τε και | G66: apograph closer to wording of 20:21 (διαμαρτυρουμενος ιουδαιοις τε και ελλησιν); apograph harmonizes | H66: Addition | J66: 1 | K66: 2 | L66: Conjunction | M66: NA | Q66: 166 | U66: Harmonizing | V66: Forward | AF66: No
D69: Harmonizations | E69: =COUNTIF(U:U, "Harmonizing") -> 17
D70: Disharmonizations | E70: =COUNTIF(U:U, "Disharmonizing") -> 48
D71: Harm_Ratio | E71: =E69/(E69+E70) -> 0.26153846
E74: Directionality
E75: Forward (Exclusive) | F75: Forward (Inclusive) | G75: Backward (Exclusive) | H75: Backward (Inclusive) | I75: Both | J75: Total
D76: Harmonizations | E76: =COUNTIFS($U$2:$U$66,"Harmonizing",$V$2:$V$66,"forward") -> 10 | F76: =COUNTIFS($U$2:$U$66,"Harmonizing",$V$2:$V$66,"forward") + COUNTIFS($U$2:$U$66,"Harmonizing",$V$2:$V$66,"both") -> 12 | G76: =COUNTIFS($U$2:$U$66,"Harmonizing",$V$2:$V$66,"backward") -> 5 | H76: =COUNTIFS($U$2:$U$66,"Harmonizing",$V$2:$V$66,"backward") + COUNTIFS($U$2:$U$66,"Harmonizing",$V$2:$V$66,"both") -> 7 | I76: =COUNTIFS($U$2:$U$66,"Harmonizing",$V$2:$V$66,"both") -> 2 | J76: =COUNTIFS($U$2:$U$66,"Harmonizing",$V$2:$V$66,"both") + COUNTIFS($U$2:$U$66,"Harmonizing",$V$2:$V$66,"forward") + COUNTIFS($U$2:$U$66,"Harmonizing",$V$2:$V$66,"backward") -> 17
D77: Disharmonizations | E77: =COUNTIFS($U$2:$U$66,"Disharmonizing",$V$2:$V$66,"forward") -> 21 | F77: =COUNTIFS($U$2:$U$66,"Disharmonizing",$V$2:$V$66,"forward") + COUNTIFS($U$2:$U$66,"Disharmonizing",$V$2:$V$66,"both") -> 26 | G77: =COUNTIFS($U$2:$U$66,"Disharmonizing",$V$2:$V$66,"backward") -> 22 | H77: =COUNTIFS($U$2:$U$66,"Disharmonizing",$V$2:$V$66,"backward") + COUNTIFS($U$2:$U$66,"Disharmonizing",$V$2:$V$66,"both") -> 27 | I77: =COUNTIFS($U$2:$U$66,"Disharmonizing",$V$2:$V$66,"both") -> 5 | J77: =COUNTIFS($U$2:$U$66,"Disharmonizing",$V$2:$V$66,"both") + COUNTIFS($U$2:$U$66,"Disharmonizing",$V$2:$V$66,"forward") + COUNTIFS($U$2:$U$66,"Disharmonizing",$V$2:$V$66,"backward") -> 48
D78: Harm_Ratio | E78: =E76/(E76+E77) -> 0.32258065 | F78: =F76/(F76+F77) -> 0.31578947 | G78: =G76/(G76+G77) -> 0.18518519 | H78: =H76/(H76+H77) -> 0.20588235 | I78: =I76/(I76+I77) -> 0.28571429 | J78: =J76/(J76+J77) -> 0.26153846

Sheet Gen-Filters_2
A1: Verse Ref | B1: Autograph | C1: Apograph | D1: Exclusion Grounds | E1: Corrector Followed | F1: Apograph Corrected | G1: Basic Type | H1: Phrase Length | I1: Words Length | J1: Letters Length | K1: Speech Part Add/Omitted | L1: Visual Cues | M1: Cue Regions | N1: Cue Length | O1: Duplicate Material | P1: AO Word Frequency | Q1: SUB Frequency Difference | R1: SUB_Aut_Freq | S1: SUB_Apog_Freq | T1: Harmonization - Context | U1: Parallel Present | V1: Harmonization - Parallel | W1: Singularity | X1: Secondary | Y1: Minutiae | Z1: Orthographic - General | AA1: Mere Minutiae | AB1: Nonsense | AC1: Review | AD1: TR_Reading
A2: Matt.1.25 | B2: εκαλεσεν το ονομα | C2: ελαλησεν το ονομα | G2: Substitution - Word | Q2: 103 | R2: 93 | S2: 196 | T2: Disharmonizing | AD2: No
A3: Matt.2.13 | B3: παραλαβε τον παιδα | C3: παρελαβε τον παιδα | G3: Substitution - Form | AD3: No
A4: Matt.2.20 | B4: γαρ οι ζητουντες | C4: γαρ ζητουντες | F4: Yes | G4: Omission | I4: 1 | J4: 2 | K4: Article | L4: NA | P4: 11843 | AD4: No
A5: Matt.3.15 | B5: εστιν ημιν πληρωσαι | C5: εστιν ημας πληρωσαι | F5: Yes | G5: Substitution - Form | AD5: No
A6: Matt.3.16 | B6: ως περιστεραν και ερχομενον εις αυτον (17) και ιδου | C6: ωσπερ ιστεραν (17) και ιδου | G6: Omission | I6: 4 | J6: 20 | L6: Present | M6: BD | N6: 3 | P6: 507 | AD6: No
A7: Matt.4.1 | B7: υπο του διαβολου | C7: υπο διαβολου | G7: Omission | I7: 1 | J7: 3 | K7: Article | L7: Absent | P7: 11843 | AD7: No
A8: Matt.4.22 | B8: πατερα αυτων ηκολουθησαν αυτω (23) και περιηγεν | C8: πατερα αυτων (23) και περιηγεν | G8: Omission | I8: 2 | J8: 15 | L8: Present | M8: AC | N8: 4 | P8: 83 | AD8: No
A9: Matt.4.24 | B9: δαιμονιζομενους και σεληνιαζομενους και παραλυτικους και παντας | C9: δαιμονιζομενους και παραλυτικους και σεληνιαζομενους και παντας | G9: Transposition | AD9: No
A10: Matt.5.12 | B10: εδιωξαν τους προφητας | C10: εδιωξαν προφητας | F10: Yes | G10: Omission | I10: 1 | J10: 4 | K10: Article | L10: Absent | P10: 11843 | AD10: No
A11: Matt.5.18 | B11: εως αν γενηται παντα | C11: εως γενηται αν παντα | G11: Transposition | I11: 1 | J11: 2 | K11: Particle | L11: NA | P11: 134 | AD11: No
A12: Matt.5.19 | B12: ος ουν λυσει | C12: ος δε ουν λυσει | E12: No | G12: Addition | I12: 1 | J12: 2 | K12: Conjunction | L12: NA | P12: 1966 | AD12: No
A13: Matt.5.23 | B13: (22) πυρος (23) εαν ουν | C13: (22) πυρος (23) επει ουν | G13: Substitution - Word | Q13: -141 | R13: 148 | S13: 7 | AD13: No
A14: Matt.6.4 | B14: οπως η ελεημοσυνη | C14: οπως ελεημοσυνη | G14: Omission | I14: 1 | J14: 1 | K14: Article | L14: NA | P14: 11843 | AD14: No
A15: Matt.6.5 | B15: ως οι υποκριται | C15: ως υποκριται | G15: Omission | I15: 1 | J15: 2 | K15: Article | L15: NA | P15: 11843 | T15: Disharmonizing | AD15: No
A16: Matt.6.6 | B16: πατρι σου εν τω | C16: πατρι τω εν τω | G16: Substitution - Word | Q16: 10102 | R16: 1741 | S16: 11843 | T16: Disharmonizing | AD16: No
A17: Matt.6.17 | B17: και το προσωπον | C17: και προσωπον | G17: Omission | I17: 1 | J17: 2 | K17: Article | L17: NA | P17: 11843 | AD17: No
A18: Matt.6.19 | B18: θησαυρισεται | C18: θησαυριζεται | G18: Substitution - Form | AD18: Partial
A19: Matt.9.17 | B19: παλαιους ει δε μη γε ρησσει ο οινος | C19: παλαιους ρησει ο οινος | G19: Omission | I19: 4 | J19: 8 | L19: Absent | P19: 16 | AD19: No
A20: Matt.9.36 | B20: ιδων δε τους οχλους | C20: ιδων δε οχλους | F20: Yes | G20: Omission | I20: 1 | J20: 4 | K20: Article | L20: Present | M20: BD:CD | N20: 3:3 | P20: 11843 | AD20: No
A21: Matt.9.37 | B21: οι δε εργαται | C21: οι εργαται | G21: Omission | I21: 1 | J21: 2 | K21: Conjunction | L21: NA | P21: 1966 | AD21: No
A22: Matt.10.8 | B22: καθαρεισατε και δαιμονια εκβαλετε | C22: καθαριζετε δαιμονια εκβαλετε | G22: Omission | I22: 1 | J22: 3 | K22: Conjunction | L22: Present | M22: AB:AC | N22: 3:3 | P22: 5676 | AD22: No
A23: Matt.10.16 | B23: ως αι περιστεραι | C23: ως περιστεραι | G23: Omission | I23: 1 | J23: 2 | K23: Article | L23: NA | P23: 11843 | AD23: No
A24: Matt.10.27 | B24: ο λεγω υμειν | C24: ο δε λεγω υμειν | G24: Addition | I24: 1 | J24: 2 | K24: Conjunction | L24: NA | P24: 1966 | AD24: No
A25: Matt.10.35 | B25: μητρος αυτης και νυμφην κατα της πενθερας αυτης (36) και εκθροι | C25: μητρος αυτης (36) και εκθροι | G25: Omission | I25: 6 | J25: 29 | L25: Present | M25: AC:BD | N25: 7:3 | P25: 4 | AD25: No
A26: Matt.10.42 | B26: των ελαχιστων τουτων ποτηριον | C26: των τουτων ελαχιστων ποτηριον | G26: Transposition | AD26: No
A27: Matt.11.1 | B27: διατασσων τοις δωδεκα | C27: διατασσων δωδεκα | F27: Yes | G27: Omission | I27: 1 | J27: 4 | K27: Article | L27: Absent | P27: 11843 | AD27: No
A28: Matt.11.4 | B28: απαγγειλατε ιωαννει | C28: απαγγειλατε τω ιωανει | G28: Addition | I28: 1 | J28: 2 | K28: Article | L28: NA | P28: 11843 | AD28: No
A29: Matt.11.11 | B29: ουρανων μειζων αυτου εστιν | C29: ουρανων αυτου μειζων εστιν | G29: Transposition | AD29: No
A30: Matt.11.16 | B30: προσφωνουντα τοις ετεροις | C30: προσφωνουντα ετεροις | G30: Omission | I30: 1 | J30: 4 | K30: Article | L30: Present | M30: BD:CD | N30: 4:4 | P30: 11843 | AD30: No
A31: Matt.11.18 | B31: εσθιων μητε πεινων | C31: εσθιων μητε πιων | G31: Substitution - Word | Q31: 37 | R31: 17 | S31: 54 | T31: Disharmonizing | AD31: No
A32: Matt.11.25 | B32: απο σοφων και συνετων | C32: απο συνετων και σοφων | G32: Transposition | Q32: 0 | R32: 3 | S32: 3 | AD32: No
A33: Matt.11.27 | B33: πατερα τις επιγεινωσκει ει μη | C33: πατερα επιγεινωσκει ει μη | G33: Omission | I33: 1 | J33: 3 | K33: Pronoun | L33: Absent | P33: 301 | AD33: No
A34: Matt.12.1 | B34: ηρξαντο του σταχυας τιλλειν | C34: ηρξαντο σταχυας τιλλειν | G34: Omission | I34: 1 | J34: 3 | K34: Article | L34: Absent | P34: 11843 | AD34: No
A35: Matt.12.2 | B35: φαρισαιοι ιδοντες αυτους ειπον | C35: φαρισαιοι αυτους ιδοντες ειπον | G35: Transposition | AD35: No
A36: Matt.12.5 | B36: η ουκ ανεγνωτε | C36: η μεν ουκ ανεγνωτε | G36: Addition | I36: 1 | J36: 3 | K36: Particle | L36: Absent | P36: 92 | AD36: No
A37: Matt.12.6 | B37: ιερου μειζον εστιν | C37: ιερου ο μειζων εστιν | G37: Addition | I37: 1 | J37: 1 | K37: Article | L37: NA | P37: 11843 | AD37: No
A38: Matt.12.18 | B38: απαγγελλει | C38: αναγγελλει | G38: Substitution - Word | Q38: -30 | R38: 40 | S38: 10 | AD38: No
A39: Matt.12.22 | B39: ωστε τον κωφον | C39: ωστε κωφον | G39: Omission | I39: 1 | J39: 3 | K39: Article | L39: Absent | P39: 11843 | AD39: No
A40: Matt.12.23 | B40: υιος δαυειδ | C40: υιος του δαβειδ | G40: Addition | I40: 1 | J40: 3 | K40: Article | L40: Absent | P40: 11843 | AD40: No
A41: Matt.12.25 | B41: εφ εαυτην ερημουτει | C41: εφ εαυτη ερημουται | G41: Substitution - Form | AD41: No
A42: Matt.12.27 | B42: κριται εσονται υμων | C42: κριται υμων εσονται | G42: Transposition | AD42: No
A43: Matt.12.28 | B43: πνι θυ εγω | C43: πνευματι εγω | G43: Omission | I43: 1 | J43: 2 | K43: Noun | L43: NA | P43: 472 | AD43: No
A44: Matt.12.29 | B44: τις εισελθειν | C44: τις εξελθειν | G44: Substitution - Word | Q44: 21 | R44: 165 | S44: 186 | AD44: No
A45: Matt.12.29 | B45: διαρπαση | C45: διαρπασει | G45: Substitution - Form | AD45: No
A46: Matt.12.33 | B46: το δενδρον σαπρον | C46: τον δενδρον σαπρον | G46: Substitution - Form | AD46: No
A47: Matt.12.41 | B47: κηρυγμα ιωνα | C47: κηρυγμα του ιωνα | F47: Yes | G47: Addition | I47: 1 | J47: 3 | K47: Article | L47: Absent | P47: 11843 | AD47: No
A48: Matt.12.43 | B48: εξηλθη απο | C48: εξηλθεν απο | G48: Substitution - Form | AD48: No
A49: Matt.13.4 | B49: επεσεν | C49: επεσον | G49: Substitution - Form | T49: Disharmonizing | AD49: No
A50: Matt.13.5 | B50: α δε επεσεν | C50: α μεν επεσεν | G50: Substitution - Word | Q50: -1874 | R50: 1966 | S50: 92 | AD50: No
A51: Matt.13.14 | B51: και ου μη συνηται | C51: και μη συνηται | G51: Omission | I51: 1 | J51: 2 | K51: Particle | L51: NA | P51: 887 | AD51: No
A52: Matt.13.21 | B52: τον λογον ευθεως σκανδαλιζεται (22) ο δε | C52: τον λογον σκανδαλιζεται ευθεως (22) ο δε | G52: Transposition | AD52: No
A53: Matt.13.23 | B53: συνιεις | C53: συνεις | G53: Substitution - Form | AD53: No
A54: Matt.13.24 | B54: εν τω ιδιω αγρω | C54: εν τω αγρω ιδιω | G54: Transposition | AD54: No
A55: Matt.13.48 | B55: ανεβιβασαν | C55: αναβιβασαν | G55: Substitution - Form | AD55: No
A56: Matt.13.51 | B56: παντα λεγουσιν αυτω ναι (52) λεγει αυτοις δια τουτο | C56: παντα λεγει αυτοις (52) λεγουσιν αυτω ναι δια τουτο | G56: Transposition | AD56: No
A57: Matt.14.5 | B57: τον οχλον οτι | C57: τον λαον οτι | G57: Substitution - Word | Q57: -68 | R57: 171 | S57: 103 | AD57: No
A58: Matt.14.8 | B58: ωδε κεφαλην ιωαννου του βαπτιστου | C58: ωδε την κεφαλην του βαπτιστου | G58: Omission | I58: 1 | J58: 7 | K58: Noun | L58: Absent | P58: 131 | AD58: No
A59: Matt.14.9 | B59: (8) βαπτιστου (9) και λυπηθεις | C59: (8) βαπτιστου (9) λυπηθεις | G59: Omission | I59: 1 | J59: 3 | K59: Conjunction | L59: Absent | P59: 5676 | AD59: No
A60: Matt.14.32 | B60: εις το πλοιον | C60: εις πλοιον | G60: Omission | I60: 1 | J60: 2 | K60: Article | L60: NA | P60: 11843 | AD60: No
A61: Matt.14.34 | B61: διαπερασαντες | C61: διαπρασαντες | G61: Substitution - Word | Q61: -6 | R61: 6 | S61: 0 | AD61: No
A62: Matt.15.11 | B62: κοινωνι τον ανθρωπον αλλα | C62: κοινωνει αλλα | G62: Omission | I62: 2 | J62: 11 | L62: Present | M62: AC | N62: 3 | P62: 371 | T62: Disharmonizing | AD62: No
A63: Matt.15.11 | B63: κοινωνει τον ανθρωπον (12) τοτε | C63: κοινωνει ανθρωπον (12) τοτε | G63: Omission | I63: 1 | J63: 3 | K63: Article | L63: Absent | P63: 11843 | T63: Disharmonizing | AD63: No
A64: Matt.15.14 | B64: αφετε τους τυφλους τυφλοι εισιν | C64: αφετε τυφλοι εισιν | G64: Omission | I64: 2 | J64: 11 | L64: Present | M64: CD | N64: 5 | P64: 47 | AD64: No
A65: Matt.15.27 | B65: τραπεζης των κυναριων αυτων | C65: τραπεζης κυριων αυτων | G65: Omission | I65: 1 | J65: 3 | K65: Article | L65: Absent | P65: 11843 | AD65: No
A66: Matt.16.9 | B66: ουδε | C66: ουτε | G66: Substitution - Word | Q66: -50 | R66: 87 | S66: 37 | AD66: No
A67: Matt.16.13 | B67: ανθρωποι λεγουσιν ειναι υιον | C67: ανθρωποι ειναι λεγουσιν υιον | G67: Transposition | T67: Disharmonizing | AD67: No
A68: Matt.16.16 | B68: αποκριθεις δε σιμων πετρος | C68: αποκριθεις δε πετρος σιμων πετρος | F68: Yes | G68: Addition | I68: 1 | J68: 6 | K68: Noun | L68: Absent | P68: 152 | AD68: No
A69: Matt.16.20 | B69: οτι ουτος εστιν ο χρς ιης (21) απο | C69: οτι εστιν χριστος ο ις (21) απο | G69: Omission | I69: 1 | J69: 5 | K69: Pronoun | L69: Absent | P69: 930 | AD69: No
A70: Matt.16.20 | B70: οτι ουτος εστιν ο χρς ιης (21) απο | C70: οτι εστιν χριστος ο ις (21) απο | G70: Transposition | AD70: No
A71: Matt.16.21 | B71: ηρξατο ιης δικνυειν τοις μαθηταις αυτου | C71: ηρξατο ο ις δεικνυειν τοις μαθηταις τοις μαθηταις αυτου | G71: Addition | I71: 2 | J71: 12 | L71: Present | M71: AB:AC | N71: 12:12 | O71: Dittography | P71: 261 | AD71: No
A72: Matt.16.23 | B72: σκανδαλον ει εμοι | C72: σκανδαλον εμοι ει | G72: Transposition | AD72: Partial
A73: Matt.16.25 | B73: θελη | C73: θελει | G73: Substitution - Form | AD73: No
A74: Matt.16.25 | B74: απολεσει | C74: απολεση | G74: Substitution - Form | AD74: No
A75: Matt.17.3 | B75: και ιδου ωφθη | C75: και ιδε ωφθη | G75: Substitution - Form | AD75: No
A76: Matt.17.8 | B76: ει μη μονον | C76: ει μονον | F76: Yes | G76: Omission | I76: 1 | J76: 2 | K76: Particle | L76: NA | P76: 526 | AD76: No
A77: Matt.17.15 | B77: και ενιοτε εις το υδωρ | C77: και εις το υδωρ | G77: Omission | I77: 1 | J77: 6 | K77: Adverb | L77: Absent | P77: 0 | AD77: No
A78: Matt.17.23 | B78: αποκτεινουσιν αυτον και μετα | C78: αποκτενουσιν και μετα | G78: Omission | I78: 1 | J78: 5 | K78: Pronoun | L78: Present | M78: AB:AC | N78: 4:4 | P78: 4240 | AD78: No
A79: Matt.17.24 | B79: ελθοντων αυτων | C79: ελθοντως αυτων | G79: Substitution - Form | AD79: No
A80: Matt.17.24 | B80: διδραγματα | C80: διδραχματα | G80: Substitution - Form | AD80: Partial
A81: Matt.18.7 | B81: πλην δε ουαι | C81: πλην ουαι | G81: Omission | I81: 1 | J81: 2 | K81: Conjunction | L81: NA | P81: 1966 | AD81: Partial
A82: Matt.18.8 | B82: σκανδαλιζει σε | C82: σκανδαλισει σε | G82: Substitution - Form | T82: Disharmonizing | AD82: No
A83: Matt.18.9 | B83: σκανδαλιζει σε | C83: σκανδαλιζη σε | G83: Substitution - Form | AD83: No
A84: Matt.18.10 | B84: ενος τουτων | C84: ενα τουτων | G84: Substitution - Form | AD84: No
A85: Matt.18.17 | B85: εαν δε παρακουση | C85: εαν δε μη παρακουση | G85: Addition | I85: 1 | J85: 2 | K85: Particle | L85: NA | P85: 526 | AD85: No
A86: Matt.18.19 | B86: εαν συνφωνησουσιν εξ υμων επι της γης | C86: εαν εκ υμων συμφωνησωσιν επι της γης | G86: Transposition | AD86: No
A87: Matt.18.21 | B87: προσελθων πετρος | C87: προσελθων ο πετρος | G87: Addition | I87: 1 | J87: 1 | K87: Article | L87: NA | P87: 11843 | AD87: Partial
A88: Matt.18.25 | B88: αυτου αποδουναι | C88: αυτω δουναι | G88: Substitution - Form | AD88: No
A89: Matt.18.25 | B89: αυτου αποδουναι | C89: αυτω δουναι | G89: Substitution - Word | Q89: 234 | R89: 31 | S89: 265 | AD89: No
A90: Matt.18.25 | B90: εκελευσεν αυτον ο κς πραθηναι και | C90: εκελυσεν ο κυριος πραθηναι αυτον και | G90: Transposition | AD90: No
A91: Matt.19.5 | B91: καταλειψει ανθρωπος τον πατερα | C91: καταλειψει τον πατερα | G91: Omission | I91: 1 | J91: 8 | K91: Noun | L91: Absent | P91: 371 | AD91: No
A92: Matt.19.6 | B92: αλλα μεια σαρξ ο ουν ο θς συνεζευξεν εις εν ανθρωπος | C92: αλλα σαρξ μεια εις εν ο ου ο θεος συνεζευξεν ανθρωπος | G92: Transposition | AD92: No
A93: Matt.19.24 | B93: βασιλειαν του θυ | C93: βασιλειαν των ουρανων | G93: Substitution - Word | Q93: -293 | R93: 472 | S93: 179 | T93: Harmonizing | AD93: No
A94: Matt.19.29 | B94: η αδελφας η μητερα η τεκνα | C94: η αδελφας η τεκνα | G94: Omission | I94: 2 | J94: 7 | L94: Absent | P94: 75 | AD94: No
A95: Matt.20.3 | B95: περι ωραν | C95: περι την ωραν | G95: Addition | I95: 1 | J95: 3 | K95: Article | L95: Absent | P95: 11843 | T95: Disharmonizing | AD95: Partial
A96: Matt.20.15 | B96: εμοις η ο οφθαλμος | C96: εμοις ει ο οφθαλμος | G96: Substitution - Word | Q96: -34 | R96: 227 | S96: 193 | AD96: No
A97: Matt.20.23 | B97: καθεισαι εκ δεξιων μου και εξ ευωνυμων ουκ εστιν εμον τουτο δουναι | C97: καθισαι εκ δεξιων ουκ εστιν τουτο δουναι | F97: Yes, partially | G97: Omission | I97: 4 | J97: 16 | L97: Present | M97: AC | N97: 3 | P97: 8 | T97: Disharmonizing | AD97: No
A98: Matt.20.23 | B98: καθεισαι εκ δεξιων μου και εξ ευωνυμων ουκ εστιν εμον τουτο δουναι | C98: καθισαι εκ δεξιων ουκ εστιν τουτο δουναι | G98: Omission | I98: 1 | J98: 4 | K98: Pronoun | L98: Absent | P98: 50 | AD98: No
A99: Matt.20.31 | B99: λεγοντες κε ελεησον ημας υιε δαυειδ | C99: λεγοντες κε υιε δαβειδ ελεησον ημας | G99: Transposition | T99: Disharmonizing | AD99: No
A100: Matt.20.33 | B100: ινα ανυγωσιν οι οφθαλμοι ημων | C100: ινα οφθαλμοι ημων ανυγωσιν | G100: Omission | I100: 1 | J100: 2 | K100: Article | L100: NA | P100: 11843 | AD100: No
...

Sheet AddOmits_2
A1: Verse Ref | B1: Autograph | C1: Apograph | D1: Exclusion Grounds | E1: Corrector Followed | F1: Apograph Corrected | G1: Basic Type | H1: Phrase Length | I1: Words Length | J1: Letters Length | K1: Speech Part Add/Omitted | L1: Visual Cues | M1: Cue Regions | N1: Cue Length | O1: Duplicate Material | P1: AO Word Frequency | Q1: SUB Frequency Difference | R1: SUB_Aut_Freq | S1: SUB_Apog_Freq | T1: Harmonization - Context | U1: Parallel Present | V1: Harmonization - Parallel | W1: Singularity | X1: Secondary | Y1: Minutiae | Z1: Orthographic - General | AA1: Mere Minutiae | AB1: Nonsense | AC1: Review | AD1: TR_Reading
A2: Matt.2.20 | B2: γαρ οι ζητουντες | C2: γαρ ζητουντες | F2: Yes | G2: Omission | I2: 1 | J2: 2 | K2: Article | L2: NA | P2: 11843 | AD2: No
A3: Matt.3.16 | B3: ως περιστεραν και ερχομενον εις αυτον (17) και ιδου | C3: ωσπερ ιστεραν (17) και ιδου | G3: Omission | I3: 4 | J3: 20 | L3: Present | M3: BD | N3: 3 | P3: 507 | AD3: No
A4: Matt.4.1 | B4: υπο του διαβολου | C4: υπο διαβολου | G4: Omission | I4: 1 | J4: 3 | K4: Article | L4: Absent | P4: 11843 | AD4: No
A5: Matt.4.22 | B5: πατερα αυτων ηκολουθησαν αυτω (23) και περιηγεν | C5: πατερα αυτων (23) και περιηγεν | G5: Omission | I5: 2 | J5: 15 | L5: Present | M5: AC | N5: 4 | P5: 83 | AD5: No
A6: Matt.5.12 | B6: εδιωξαν τους προφητας | C6: εδιωξαν προφητας | F6: Yes | G6: Omission | I6: 1 | J6: 4 | K6: Article | L6: Absent | P6: 11843 | AD6: No
A7: Matt.5.19 | B7: ος ουν λυσει | C7: ος δε ουν λυσει | E7: No | G7: Addition | I7: 1 | J7: 2 | K7: Conjunction | L7: NA | P7: 1966 | AD7: No
A8: Matt.6.4 | B8: οπως η ελεημοσυνη | C8: οπως ελεημοσυνη | G8: Omission | I8: 1 | J8: 1 | K8: Article | L8: NA | P8: 11843 | AD8: No
A9: Matt.6.5 | B9: ως οι υποκριται | C9: ως υποκριται | G9: Omission | I9: 1 | J9: 2 | K9: Article | L9: NA | P9: 11843 | T9: Disharmonizing | AD9: No
A10: Matt.6.17 | B10: και το προσωπον | C10: και προσωπον | G10: Omission | I10: 1 | J10: 2 | K10: Article | L10: NA | P10: 11843 | AD10: No
A11: Matt.9.17 | B11: παλαιους ει δε μη γε ρησσει ο οινος | C11: παλαιους ρησει ο οινος | G11: Omission | I11: 4 | J11: 8 | L11: Absent | P11: 16 | AD11: No
A12: Matt.9.36 | B12: ιδων δε τους οχλους | C12: ιδων δε οχλους | F12: Yes | G12: Omission | I12: 1 | J12: 4 | K12: Article | L12: Present | M12: BD:CD | N12: 3:3 | P12: 11843 | AD12: No
A13: Matt.9.37 | B13: οι δε εργαται | C13: οι εργαται | G13: Omission | I13: 1 | J13: 2 | K13: Conjunction | L13: NA | P13: 1966 | AD13: No
A14: Matt.10.8 | B14: καθαρεισατε και δαιμονια εκβαλετε | C14: καθαριζετε δαιμονια εκβαλετε | G14: Omission | I14: 1 | J14: 3 | K14: Conjunction | L14: Present | M14: AB:AC | N14: 3:3 | P14: 5676 | AD14: No
A15: Matt.10.16 | B15: ως αι περιστεραι | C15: ως περιστεραι | G15: Omission | I15: 1 | J15: 2 | K15: Article | L15: NA | P15: 11843 | AD15: No
A16: Matt.10.27 | B16: ο λεγω υμειν | C16: ο δε λεγω υμειν | G16: Addition | I16: 1 | J16: 2 | K16: Conjunction | L16: NA | P16: 1966 | AD16: No
A17: Matt.10.35 | B17: μητρος αυτης και νυμφην κατα της πενθερας αυτης (36) και εκθροι | C17: μητρος αυτης (36) και εκθροι | G17: Omission | I17: 6 | J17: 29 | L17: Present | M17: AC:BD | N17: 7:3 | P17: 4 | AD17: No
A18: Matt.11.1 | B18: διατασσων τοις δωδεκα | C18: διατασσων δωδεκα | F18: Yes | G18: Omission | I18: 1 | J18: 4 | K18: Article | L18: Absent | P18: 11843 | AD18: No
A19: Matt.11.4 | B19: απαγγειλατε ιωαννει | C19: απαγγειλατε τω ιωανει | G19: Addition | I19: 1 | J19: 2 | K19: Article | L19: NA | P19: 11843 | AD19: No
A20: Matt.11.16 | B20: προσφωνουντα τοις ετεροις | C20: προσφωνουντα ετεροις | G20: Omission | I20: 1 | J20: 4 | K20: Article | L20: Present | M20: BD:CD | N20: 4:4 | P20: 11843 | AD20: No
A21: Matt.11.27 | B21: πατερα τις επιγεινωσκει ει μη | C21: πατερα επιγεινωσκει ει μη | G21: Omission | I21: 1 | J21: 3 | K21: Pronoun | L21: Absent | P21: 301 | AD21: No
A22: Matt.12.1 | B22: ηρξαντο του σταχυας τιλλειν | C22: ηρξαντο σταχυας τιλλειν | G22: Omission | I22: 1 | J22: 3 | K22: Article | L22: Absent | P22: 11843 | AD22: No
A23: Matt.12.5 | B23: η ουκ ανεγνωτε | C23: η μεν ουκ ανεγνωτε | G23: Addition | I23: 1 | J23: 3 | K23: Particle | L23: Absent | P23: 92 | AD23: No
A24: Matt.12.6 | B24: ιερου μειζον εστιν | C24: ιερου ο μειζων εστιν | G24: Addition | I24: 1 | J24: 1 | K24: Article | L24: NA | P24: 11843 | AD24: No
A25: Matt.12.22 | B25: ωστε τον κωφον | C25: ωστε κωφον | G25: Omission | I25: 1 | J25: 3 | K25: Article | L25: Absent | P25: 11843 | AD25: No
A26: Matt.12.23 | B26: υιος δαυειδ | C26: υιος του δαβειδ | G26: Addition | I26: 1 | J26: 3 | K26: Article | L26: Absent | P26: 11843 | AD26: No
A27: Matt.12.28 | B27: πνι θυ εγω | C27: πνευματι εγω | G27: Omission | I27: 1 | J27: 2 | K27: Noun | L27: NA | P27: 472 | AD27: No
A28: Matt.12.41 | B28: κηρυγμα ιωνα | C28: κηρυγμα του ιωνα | F28: Yes | G28: Addition | I28: 1 | J28: 3 | K28: Article | L28: Absent | P28: 11843 | AD28: No
A29: Matt.13.14 | B29: και ου μη συνηται | C29: και μη συνηται | G29: Omission | I29: 1 | J29: 2 | K29: Particle | L29: NA | P29: 887 | AD29: No
A30: Matt.14.8 | B30: ωδε κεφαλην ιωαννου του βαπτιστου | C30: ωδε την κεφαλην του βαπτιστου | G30: Omission | I30: 1 | J30: 7 | K30: Noun | L30: Absent | P30: 131 | AD30: No
A31: Matt.14.9 | B31: (8) βαπτιστου (9) και λυπηθεις | C31: (8) βαπτιστου (9) λυπηθεις | G31: Omission | I31: 1 | J31: 3 | K31: Conjunction | L31: Absent | P31: 5676 | AD31: No
A32: Matt.14.32 | B32: εις το πλοιον | C32: εις πλοιον | G32: Omission | I32: 1 | J32: 2 | K32: Article | L32: NA | P32: 11843 | AD32: No
A33: Matt.15.11 | B33: κοινωνι τον ανθρωπον αλλα | C33: κοινωνει αλλα | G33: Omission | I33: 2 | J33: 11 | L33: Present | M33: AC | N33: 3 | P33: 371 | T33: Disharmonizing | AD33: No
A34: Matt.15.11 | B34: κοινωνει τον ανθρωπον (12) τοτε | C34: κοινωνει ανθρωπον (12) τοτε | G34: Omission | I34: 1 | J34: 3 | K34: Article | L34: Absent | P34: 11843 | T34: Disharmonizing | AD34: No
A35: Matt.15.14 | B35: αφετε τους τυφλους τυφλοι εισιν | C35: αφετε τυφλοι εισιν | G35: Omission | I35: 2 | J35: 11 | L35: Present | M35: CD | N35: 5 | P35: 47 | AD35: No
A36: Matt.15.27 | B36: τραπεζης των κυναριων αυτων | C36: τραπεζης κυριων αυτων | G36: Omission | I36: 1 | J36: 3 | K36: Article | L36: Absent | P36: 11843 | AD36: No
A37: Matt.16.16 | B37: αποκριθεις δε σιμων πετρος | C37: αποκριθεις δε πετρος σιμων πετρος | F37: Yes | G37: Addition | I37: 1 | J37: 6 | K37: Noun | L37: Absent | P37: 152 | AD37: No
A38: Matt.16.20 | B38: οτι ουτος εστιν ο χρς ιης (21) απο | C38: οτι εστιν χριστος ο ις (21) απο | G38: Omission | I38: 1 | J38: 5 | K38: Pronoun | L38: Absent | P38: 930 | AD38: No
A39: Matt.16.21 | B39: ηρξατο ιης δικνυειν τοις μαθηταις αυτου | C39: ηρξατο ο ις δεικνυειν τοις μαθηταις τοις μαθηταις αυτου | G39: Addition | I39: 2 | J39: 12 | L39: Present | M39: AB:AC | N39: 12:12 | O39: Dittography | P39: 261 | AD39: No
A40: Matt.17.8 | B40: ει μη μονον | C40: ει μονον | F40: Yes | G40: Omission | I40: 1 | J40: 2 | K40: Particle | L40: NA | P40: 526 | AD40: No
A41: Matt.17.15 | B41: και ενιοτε εις το υδωρ | C41: και εις το υδωρ | G41: Omission | I41: 1 | J41: 6 | K41: Adverb | L41: Absent | P41: 0 | AD41: No
A42: Matt.17.23 | B42: αποκτεινουσιν αυτον και μετα | C42: αποκτενουσιν και μετα | G42: Omission | I42: 1 | J42: 5 | K42: Pronoun | L42: Present | M42: AB:AC | N42: 4:4 | P42: 4240 | AD42: No
A43: Matt.18.7 | B43: πλην δε ουαι | C43: πλην ουαι | G43: Omission | I43: 1 | J43: 2 | K43: Conjunction | L43: NA | P43: 1966 | AD43: Partial
A44: Matt.18.17 | B44: εαν δε παρακουση | C44: εαν δε μη παρακουση | G44: Addition | I44: 1 | J44: 2 | K44: Particle | L44: NA | P44: 526 | AD44: No
A45: Matt.18.21 | B45: προσελθων πετρος | C45: προσελθων ο πετρος | G45: Addition | I45: 1 | J45: 1 | K45: Article | L45: NA | P45: 11843 | AD45: Partial
A46: Matt.19.5 | B46: καταλειψει ανθρωπος τον πατερα | C46: καταλειψει τον πατερα | G46: Omission | I46: 1 | J46: 8 | K46: Noun | L46: Absent | P46: 371 | AD46: No
A47: Matt.19.29 | B47: η αδελφας η μητερα η τεκνα | C47: η αδελφας η τεκνα | G47: Omission | I47: 2 | J47: 7 | L47: Absent | P47: 75 | AD47: No
A48: Matt.20.3 | B48: περι ωραν | C48: περι την ωραν | G48: Addition | I48: 1 | J48: 3 | K48: Article | L48: Absent | P48: 11843 | T48: Disharmonizing | AD48: Partial
A49: Matt.20.23 | B49: καθεισαι εκ δεξιων μου και εξ ευωνυμων ουκ εστιν εμον τουτο δουναι | C49: καθισαι εκ δεξιων ουκ εστιν τουτο δουναι | F49: Yes, partially | G49: Omission | I49: 4 | J49: 16 | L49: Present | M49: AC | N49: 3 | P49: 8 | T49: Disharmonizing | AD49: No
A50: Matt.20.23 | B50: καθεισαι εκ δεξιων μου και εξ ευωνυμων ουκ εστιν εμον τουτο δουναι | C50: καθισαι εκ δεξιων ουκ εστιν τουτο δουναι | G50: Omission | I50: 1 | J50: 4 | K50: Pronoun | L50: Absent | P50: 50 | AD50: No
A51: Matt.20.33 | B51: ινα ανυγωσιν οι οφθαλμοι ημων | C51: ινα οφθαλμοι ημων ανυγωσιν | G51: Omission | I51: 1 | J51: 2 | K51: Article | L51: NA | P51: 11843 | AD51: No
A52: Matt.21.7 | B52: επεθηκαν επ αυτον τα ειματεια | C52: επεθηκαν αυτων τα ειματεια | G52: Omission | I52: 1 | J52: 2 | K52: Preposition | L52: NA | P52: 560 | AD52: No
A53: Matt.21.15 | B53: αρχιερεις και οι γραμματεις τα θαυμασια | C53: αρχιερεις τα θαυμασια | G53: Omission | I53: 3 | J53: 15 | L53: Present | M53: AC | N53: 4 | P53: 62 | AD53: No
A54: Matt.21.16 | B54: ανεγνωτε εκ στοματος νηπειων | C54: ανεγνωτε οτι εκ του στοματος νηπειων | G54: Addition | I54: 1 | J54: 3 | K54: Article | L54: Absent | P54: 11843 | AD54: No
A55: Matt.21.30 | B55: ειπεν εγω κε υπαγω και ουκ απηλθεν (31) τις εκ των | C55: ειπεν εγω υπαγω κυριε (31) τις εκ των | G55: Omission | I55: 3 | J55: 13 | L55: Absent | P55: 105 | AD55: No
A56: Matt.22.28 | B56: των επτα γυνη | C56: των επτα και η γυνη | G56: Addition | I56: 2 | J56: 4 | L56: Absent | P56: 5676 | AD56: No
A57: Matt.23.1 | B57: ελαλησεν ο ιης | C57: ελαλησεν ιησους | G57: Omission | I57: 1 | J57: 1 | K57: Article | L57: NA | P57: 11843 | AD57: No
A58: Matt.23.7 | B58: και τους ασπασμους | C58: και ασπασμους | G58: Omission | I58: 1 | J58: 4 | K58: Article | L58: Present | M58: BD:CD | N58: 3:3 | P58: 11843 | AD58: No
A59: Matt.23.38 | B59: οικος []μων ερημος | C59: οικος υμων ο ερημος | G59: Addition | I59: 1 | J59: 1 | K59: Article | L59: NA | P59: 11843 | AD59: No
A60: Matt.24.3 | B60: και τι το σημειον | C60: και τι τι το σημειον | G60: Addition | I60: 1 | J60: 2 | K60: Pronoun | L60: NA | O60: Dittography | P60: 412 | AD60: No
A61: Matt.24.6 | B61: ακοας πολεμων | C61: ακοας των πολεμων | G61: Addition | I61: 1 | J61: 3 | K61: Article | L61: Absent | P61: 11843 | AD61: No
A62: Matt.24.15 | B62: εστως εν τοπω | C62: εστος εν τω τοπω | G62: Addition | I62: 1 | J62: 2 | K62: Article | L62: NA | P62: 11843 | AD62: No
A63: Matt.24.24 | B63: δυνατον και τους εκλεκτους | C63: δυνατον τους εκλεκτους | G63: Omission | I63: 1 | J63: 3 | K63: Conjunction | L63: Absent | P63: 5676 | AD63: No
A64: Matt.24.30 | B64: ανθρωπου του εν ουρανοις | C64: ανθρωπου εν τοις ουρανοις | G64: Addition | I64: 1 | J64: 4 | K64: Article | L64: Present | M64: BD:CD | N64: 3:3 | P64: 11843 | AD64: Partial
A65: Matt.25.15 | B65: ε ταλαντα ω δε β ω δε ενα εκαστω | C65: ε ταλαντα ω δε ενα εκαστω | G65: Omission | I65: 3 | J65: 4 | L65: Present | M65: AC | N65: 3 | P65: 113 | AD65: No
A66: Matt.25.24 | B66: προσελθων δε ο το ενα ταλαντον | C66: προσελθων δε και ο εν ταλαντον | G66: Omission | I66: 1 | J66: 2 | K66: Article | L66: NA | P66: 11843 | AD66: No
A67: Matt.25.27 | B67: εκομισαμην αν το εμον | C67: εκομισαμην το εμον | G67: Omission | I67: 1 | J67: 2 | K67: Particle | L67: NA | P67: 134 | AD67: No
A68: Matt.25.40 | B68: αποκρειθεις ερει αυτοις | C68: αποκριθεις αυτοις | G68: Omission | I68: 1 | J68: 4 | K68: Verb | L68: Present | M68: AB:AC | N68: 3:3 | P68: 2042 | AD68: No
A69: Matt.25.44 | B69: αποκριθησονται και αυτοι | C69: αποκριθησονται αυτοι | G69: Omission | I69: 1 | J69: 3 | K69: Conjunction | L69: Present | M69: AB:AC | N69: 3:3 | P69: 5676 | AD69: No
A70: Matt.26.7 | B70: επι της κεφαλης αυτου ανακειμενου | C70: επι την κεφαλην ανακειμενου | G70: Omission | I70: 1 | J70: 5 | K70: Pronoun | L70: Present | M70: BD:CD | N70: 3:3 | P70: 4240 | AD70: No
A71: Matt.26.9 | B71: γαρ τουτο πραθηναι | C71: γαρ πραθηναι | G71: Omission | I71: 1 | J71: 5 | K71: Pronoun | L71: Absent | P71: 930 | AD71: No
A72: Matt.26.35 | B72: ομοιως και παντες | C72: ομοιως δε και παντες | G72: Addition | I72: 1 | J72: 2 | K72: Conjunction | L72: NA | P72: 1966 | AD72: No
A73: Matt.26.53 | B73: πατερα μου και παραστησει μοι πλειω ιβ λεγειωνης αγγελων | C73: πατερα μου και πλειω η δωδεκα λεγειωνας αγγελων | G73: Omission | I73: 2 | J73: 13 | L73: Present | M73: BD | N73: 3 | P73: 25 | AD73: No
A74: Matt.26.60 | B74: (59) θανατωσουσιν (60) και ουκ ευρον το εξης και πολλοι προσηλθον ψευδομαρτυρες και ουκ ευρον το εξης υστερον δε ηλθον δυο ψευδομαρτυρες (61) και ειπον | C74: (59) θανατωσωσιν (60) και ουχ ευρον εξ ης υστερον δε ηλθον δυο ψευδομαρτυρες (61) και ειπον | G74: Omission | I74: 1 | J74: 2 | K74: Article | L74: NA | P74: 11843 | AD74: No
A75: Matt.26.63 | B75: ειπης ει συ ει ο χρς | C75: ειπης ει συ ο χριστος | G75: Omission | I75: 1 | J75: 2 | K75: Verb | L75: NA | P75: 1565 | AD75: No
A76: Matt.27.13 | B76: ακουεις τοσα καταμαρτυρουσιν σου (14) και ουκ | C76: ακουεις ποσα σου καταμαρτυρουσιν σου (14) και ουκ | G76: Addition | I76: 1 | J76: 3 | K76: Pronoun | L76: Absent | P76: 1741 | AD76: Partial
A77: Matt.27.20 | B77: τους οχλους ινα αιτησωνται | C77: τους λαους ινα και αιτησωνται | G77: Addition | I77: 1 | J77: 3 | K77: Conjunction | L77: Absent | P77: 5676 | AD77: No
A78: Matt.27.24 | B78: κατεναντι του οχλου | C78: κατεναντι οχλου | F78: Yes | G78: Omission | I78: 1 | J78: 3 | K78: Article | L78: Absent | P78: 11843 | AD78: No
A79: Matt.27.28 | B79: πορφυρουν και χλαμυδαν κοκκινην | C79: πορφυρουν κλαμυδα κοκκινην | G79: Omission | I79: 1 | J79: 3 | K79: Conjunction | L79: Absent | P79: 5676 | AD79: No
A80: Matt.27.29 | B80: εν τη δεξεια αυτου | C80: εν δεξια αυτου | G80: Omission | I80: 1 | J80: 2 | K80: Article | L80: NA | P80: 11843 | AD80: No
A81: Matt.27.41 | B81: μετα των γραμματαιων | C81: μετα γραμματαιων | G81: Omission | I81: 1 | J81: 3 | K81: Article | L81: Present | M81: BD:CD | N81: 3:3 | P81: 11843 | AD81: No
A82: Matt.27.64 | B82: εως ημερας | C82: εως της ημερας | F82: Yes | G82: Addition | I82: 1 | J82: 3 | K82: Article | L82: Absent | P82: 11843 | AD82: Partial
A83: Matt.28.9 | B83: (8) αυτου (9) και ιδου ο ιης | C83: (8) αυτου (9) ιδου ιησους | F83: Yes | G83: Omission | I83: 1 | J83: 3 | K83: Conjunction | L83: Absent | P83: 5676 | AD83: No
A84: Matt.28.9 | B84: (8) αυτου (9) και ιδου ο ιης | C84: (8) αυτου (9) ιδου ιησους | G84: Omission | I84: 1 | J84: 1 | K84: Article | L84: NA | P84: 11843 | AD84: No
A85: Mark.1.6 | B85: ην δε ιωαννης | C85: ην δε ο ιωαννης | F85: Yes | G85: Addition | I85: 1 | J85: 1 | K85: Article | L85: NA | P85: 11843 | AD85: No
A86: Mark.1.14 | B86: (13) αυτω (14) και μετα το παραδοθηναι τον ιωαννην | C86: (13) αυτω (14) μετα δε το παραδοθηναι ιωαννην | F86: Yes | G86: Omission | I86: 1 | J86: 3 | K86: Article | L86: Absent | P86: 11843 | AD86: No
A87: Mark.1.17 | B87: γενεσθαι αλιεις ανθρωπων | C87: γενεσθαι αλιεις αλιεις ανθρωπων | G87: Addition | I87: 1 | J87: 6 | K87: Noun | L87: Present | M87: AB:AC | N87: 6:6 | O87: Dittography | P87: 5 | AD87: No
A88: Mark.1.26 | B88: ακαθαρτον σπαραξας αυτον και κραξας φωνη μεγαλη εξηλθεν απ αυτου (27) και εθαμβησαν | C88: ακαθαρτον κραξας φωνη μεγαλη και σπαραξας αυτον (27) και εθαμβησαν | F88: Yes, partially | G88: Omission | I88: 3 | J88: 14 | L88: Absent | P88: 186 | AD88: No
A89: Mark.1.31 | B89: χειρα κρατησας ηγειρεν αυτην και ευθεως αφηκεν αυτην | C89: χειρα ηγειρεν και αφηκεν αυτην | F89: Yes | G89: Omission | I89: 1 | J89: 8 | K89: Participle | L89: Absent | P89: 35 | AD89: No
A90: Mark.1.31 | B90: χειρα κρατησας ηγειρεν αυτην και ευθεως αφηκεν αυτην | C90: χειρα ηγειρεν και αφηκεν αυτην | F90: Yes | G90: Omission | I90: 1 | J90: 5 | K90: Pronoun | L90: Absent | P90: 4240 | AD90: No
A91: Mark.1.31 | B91: χειρα κρατησας ηγειρεν αυτην και ευθεως αφηκεν αυτην | C91: χειρα ηγειρεν και αφηκεν αυτην | F91: Yes | G91: Omission | I91: 1 | J91: 6 | K91: Adverb | L91: Absent | P91: 32 | AD91: No
A92: Mark.1.45 | B92: εις πολιν | C92: εις την πολιν | G92: Addition | I92: 1 | J92: 3 | K92: Article | L92: Absent | P92: 11843 | AD92: No
A93: Mark.2.13 | B93: εδιδασκεν αυτους (14) και παραγων | C93: εδιδασκεν (14) και παραγων | G93: Omission | I93: 1 | J93: 6 | K93: Pronoun | L93: Absent | P93: 4240 | AD93: No
A94: Mark.2.16 | B94: και των τελωνων και | C94: και τελωνων και | G94: Omission | I94: 1 | J94: 3 | K94: Article | L94: Present | M94: BD:CD | N94: 3:3 | P94: 11843 | AD94: No
A95: Mark.2.16 | B95: και των τελωνων εσθιει | C95: και τελωνων εσθιει | G95: Omission | I95: 1 | J95: 3 | K95: Article | L95: Present | M95: BD:CD | N95: 3:3 | P95: 11843 | AD95: No
A96: Mark.2.26 | B96: τους αρτους της προσθεσεως | C96: τους αρτους τους της προσθεσεως | G96: Addition | I96: 1 | J96: 3 | K96: Article | L96: Present | M96: AB:AC | N96: 3:3 | O96: Dittography | P96: 11843 | AD96: No
A97: Mark.3.8 | B97: και οι περαν του ιορδανου και οι περι τυρον και οι περι σιδωνα | C97: και περαν του ιορδανου και οι περι σιδωνα | G97: Omission | I97: 4 | J97: 14 | L97: Present | M97: BD | N97: 10 | P97: 11 | AD97: No
A98: Mark.3.24 | B98: μερισθη ου δυναται | C98: μερισθη ου ου δυναται | G98: Addition | I98: 1 | J98: 2 | K98: Particle | L98: NA | O98: Dittography | P98: 887 | T98: Disharmonizing | AD98: No
A99: Mark.4.19 | B99: αι μεριμναις του βιου και απαται | C99: αι μεριμναι του αιωνος και αι απαται | G99: Addition | I99: 1 | J99: 2 | K99: Article | L99: NA | P99: 11843 | AD99: Partial
A100: Mark.4.24 | B100: (23) ακουειν ακουετω (24) και ελεγεν αυτοις βλεπετε τα ακουετε εν ω μετρω | C100: (23) ακουειν ακουετω (24) εν ω μετρω | G100: Omission | I100: 6 | J100: 31 | L100: Present | M100: AC | N100: 6 | P100: 81 | AD100: No
...

Sheet WF_AO_LM_2
A1: Verse Ref | B1: Autograph | C1: Apograph | D1: Exclusion Grounds | E1: Corrector Followed | F1: Apograph Corrected | G1: Basic Type | H1: Phrase Length | I1: Words Length | J1: Letters Length | K1: Speech Part Add/Omitted | L1: Visual Cues | M1: Cue Regions | N1: Cue Length | O1: Duplicate Material | P1: AO Word Frequency | Q1: SUB Frequency Difference | R1: SUB_Aut_Freq | S1: SUB_Apog_Freq | T1: Harmonization - Context | U1: Parallel Present | V1: Harmonization - Parallel | W1: Singularity | X1: Secondary | Y1: Minutiae | Z1: Orthographic - General | AA1: Mere Minutiae | AB1: Nonsense | AC1: Review | AD1: TR_Reading
A2: Matt.2.20 | B2: γαρ οι ζητουντες | C2: γαρ ζητουντες | F2: Yes | G2: Omission | I2: 1 | J2: 2 | K2: Article | L2: NA | P2: 11843 | AD2: No
A3: Matt.4.1 | B3: υπο του διαβολου | C3: υπο διαβολου | G3: Omission | I3: 1 | J3: 3 | K3: Article | L3: Absent | P3: 11843 | AD3: No
A4: Matt.5.12 | B4: εδιωξαν τους προφητας | C4: εδιωξαν προφητας | F4: Yes | G4: Omission | I4: 1 | J4: 4 | K4: Article | L4: Absent | P4: 11843 | AD4: No
A5: Matt.5.19 | B5: ος ουν λυσει | C5: ος δε ουν λυσει | E5: No | G5: Addition | I5: 1 | J5: 2 | K5: Conjunction | L5: NA | P5: 1966 | AD5: No
A6: Matt.6.4 | B6: οπως η ελεημοσυνη | C6: οπως ελεημοσυνη | G6: Omission | I6: 1 | J6: 1 | K6: Article | L6: NA | P6: 11843 | AD6: No
