Workbook

Sheet Unfiltered Data
A1: Verse Ref | B1: Phys Loc 1 | C1: Phys Loc 2 | D1: Autograph | E1: Apograph | F1: Exclusion Grounds | G1: Corrector Followed | H1: Apograph Corrected | I1: Detail | J1: Basic Type | K1: Phrase Length | L1: Words Length | M1: Letters Length | N1: Speech Part Add/Omitted | O1: Visual Cues | P1: Cue Regions | Q1: Cue Length | R1: Duplicate Material | S1: AO Word Frequency | T1: SUB Frequency Difference | U1: SUB_Aut_Freq | V1: SUB_Apog_Freq | W1: Harmonization - Context | X1: Parallel Present | Y1: Harmonization - Parallel | Z1: Singularity | AA1: Secondary | AB1: Minutiae | AC1: Orthographic - General | AD1: Mere Minutiae | AE1: Nonsense | AF1: Review | AG1: Oo.VI.9.8 | AH1: Barocci | AI1: Smith
A2: TLev.3.3 | D2: εκδικησιν εν τοις πνασι | E2: εκδικησιν τοις πνευμασι | J2: Omission | L2: 1 | M2: 2 | N2: Preposition | O2: NA | S2: 613 | U2: =IF(ISNUMBER(T2),VALUE(MID(_xlfn.FORMULATEXT(T2),SEARCH("-",_xlfn.FORMULATEXT(T2))+1,LEN(_xlfn.FORMULATEXT(T2))-SEARCH("-",_xlfn.FORMULATEXT(T2)))), "") | V2: =IF(ISNUMBER(T2), VALUE(MID(_xlfn.FORMULATEXT(T2), 2, SEARCH("-", _xlfn.FORMULATEXT(T2)) - 2)), "") | AG2: Yes | AJ2: {=_xlfn.IFS(AG2="Yes",1,AG2="No",0,AG2="","")} -> 1
A3: TLev.3.3 | D3: οι δε εις τον τεταρτον | E3: οι δε εις τεταρτον | J3: Omission | L3: 1 | M3: 3 | N3: Article | O3: Present | P3: BD:CD | Q3: 3:3 | S3: 2475 | U3: =IF(ISNUMBER(T3),VALUE(MID(_xlfn.FORMULATEXT(T3),SEARCH("-",_xlfn.FORMULATEXT(T3))+1,LEN(_xlfn.FORMULATEXT(T3))-SEARCH("-",_xlfn.FORMULATEXT(T3)))), "") | V3: =IF(ISNUMBER(T3), VALUE(MID(_xlfn.FORMULATEXT(T3), 2, SEARCH("-", _xlfn.FORMULATEXT(T3)) - 2)), "") | AG3: Yes | AJ3: {=_xlfn.IFS(AG3="Yes",1,AG3="No",0,AG3="","")} -> 1
A4: TLev.3.4 | D4: εν τω ανωτερω | E4: εν ανωτερω | J4: Omission | L4: 1 | M4: 2 | N4: Article | O4: NA | S4: 2475 | U4: =IF(ISNUMBER(T4),VALUE(MID(_xlfn.FORMULATEXT(T4),SEARCH("-",_xlfn.FORMULATEXT(T4))+1,LEN(_xlfn.FORMULATEXT(T4))-SEARCH("-",_xlfn.FORMULATEXT(T4)))), "") | V4: =IF(ISNUMBER(T4), VALUE(MID(_xlfn.FORMULATEXT(T4), 2, SEARCH("-", _xlfn.FORMULATEXT(T4)) - 2)), "") | AG4: Yes | AJ4: {=_xlfn.IFS(AG4="Yes",1,AG4="No",0,AG4="","")} -> 1
A5: TLev.3.4 | D5: η μεγαλη | E5: η μηγαλη | H5: Yes | J5: Substitution - Word | T5: NA | U5: =IF(ISNUMBER(T5),VALUE(MID(_xlfn.FORMULATEXT(T5),SEARCH("-",_xlfn.FORMULATEXT(T5))+1,LEN(_xlfn.FORMULATEXT(T5))-SEARCH("-",_xlfn.FORMULATEXT(T5)))), "") | V5: =IF(ISNUMBER(T5), VALUE(MID(_xlfn.FORMULATEXT(T5), 2, SEARCH("-", _xlfn.FORMULATEXT(T5)) - 2)), "") | AC5: ε-η | AD5: Yes | AE5: Generated - strict | AG5: No | AJ5: {=_xlfn.IFS(AG5="Yes",1,AG5="No",0,AG5="","")} -> 0
A6: TLev.3.6 | D6: ευωδιας | E6: ευοδιας | F6: Apograph unclear | H6: Yes | J6: Substitution - Word | T6: =0-1 -> -1 | U6: =IF(ISNUMBER(T6),VALUE(MID(_xlfn.FORMULATEXT(T6),SEARCH("-",_xlfn.FORMULATEXT(T6))+1,LEN(_xlfn.FORMULATEXT(T6))-SEARCH("-",_xlfn.FORMULATEXT(T6)))), "") -> 1 | V6: =IF(ISNUMBER(T6), VALUE(MID(_xlfn.FORMULATEXT(T6), 2, SEARCH("-", _xlfn.FORMULATEXT(T6)) - 2)), "") -> 0 | AC6: ω-ο | AD6: Yes | AG6: Yes | AJ6: {=_xlfn.IFS(AG6="Yes",1,AG6="No",0,AG6="","")} -> 1
A7: TLev.3.8 | D7: εν ω υμνοι αει τω θεω | E7: εν ω αει υμνοι τω θεω | I7: 1.0.1 transposition | J7: Transposition | U7: =IF(ISNUMBER(T7),VALUE(MID(_xlfn.FORMULATEXT(T7),SEARCH("-",_xlfn.FORMULATEXT(T7))+1,LEN(_xlfn.FORMULATEXT(T7))-SEARCH("-",_xlfn.FORMULATEXT(T7)))), "") | V7: =IF(ISNUMBER(T7), VALUE(MID(_xlfn.FORMULATEXT(T7), 2, SEARCH("-", _xlfn.FORMULATEXT(T7)) - 2)), "") | AG7: Yes | AJ7: {=_xlfn.IFS(AG7="Yes",1,AG7="No",0,AG7="","")} -> 1
A8: TLev.3.9 | D8: επιβλεψη κς | E8: επιβλεψη ο κυριος | J8: Addition | L8: 1 | M8: 1 | N8: Article | O8: NA | S8: 2475 | U8: =IF(ISNUMBER(T8),VALUE(MID(_xlfn.FORMULATEXT(T8),SEARCH("-",_xlfn.FORMULATEXT(T8))+1,LEN(_xlfn.FORMULATEXT(T8))-SEARCH("-",_xlfn.FORMULATEXT(T8)))), "") | V8: =IF(ISNUMBER(T8), VALUE(MID(_xlfn.FORMULATEXT(T8), 2, SEARCH("-", _xlfn.FORMULATEXT(T8)) - 2)), "") | AG8: Yes | AJ8: {=_xlfn.IFS(AG8="Yes",1,AG8="No",0,AG8="","")} -> 1
A9: TLev.3.9 | D9: και οι αβυσσοι | E9: και αι αβυσσοι | J9: Substitution - Form | U9: =IF(ISNUMBER(T9),VALUE(MID(_xlfn.FORMULATEXT(T9),SEARCH("-",_xlfn.FORMULATEXT(T9))+1,LEN(_xlfn.FORMULATEXT(T9))-SEARCH("-",_xlfn.FORMULATEXT(T9)))), "") | V9: =IF(ISNUMBER(T9), VALUE(MID(_xlfn.FORMULATEXT(T9), 2, SEARCH("-", _xlfn.FORMULATEXT(T9)) - 2)), "") | AE9: Removed - contextual | AG9: Yes | AJ9: {=_xlfn.IFS(AG9="Yes",1,AG9="No",0,AG9="","")} -> 1
A10: TLev.3.10 | D10: αναισθητουντες | E10: αναισθετουντες | H10: Yes | J10: Substitution - Word | T10: NA | U10: =IF(ISNUMBER(T10),VALUE(MID(_xlfn.FORMULATEXT(T10),SEARCH("-",_xlfn.FORMULATEXT(T10))+1,LEN(_xlfn.FORMULATEXT(T10))-SEARCH("-",_xlfn.FORMULATEXT(T10)))), "") | V10: =IF(ISNUMBER(T10), VALUE(MID(_xlfn.FORMULATEXT(T10), 2, SEARCH("-", _xlfn.FORMULATEXT(T10)) - 2)), "") | AC10: η-ε | AD10: Yes | AE10: Generated - strict | AG10: No | AJ10: {=_xlfn.IFS(AG10="Yes",1,AG10="No",0,AG10="","")} -> 0
A11: TLev.4.1 | D11: οτι των πετρων | E11: οτε των πετρων | J11: Substitution - Word | T11: =31-280 -> -249 | U11: =IF(ISNUMBER(T11),VALUE(MID(_xlfn.FORMULATEXT(T11),SEARCH("-",_xlfn.FORMULATEXT(T11))+1,LEN(_xlfn.FORMULATEXT(T11))-SEARCH("-",_xlfn.FORMULATEXT(T11)))), "") -> 280 | V11: =IF(ISNUMBER(T11), VALUE(MID(_xlfn.FORMULATEXT(T11), 2, SEARCH("-", _xlfn.FORMULATEXT(T11)) - 2)), "") -> 31 | AG11: Yes | AJ11: {=_xlfn.IFS(AG11="Yes",1,AG11="No",0,AG11="","")} -> 1
A12: TLev.18.11 | D12: αγιωσυνης | E12: αγιoσυνης | H12: Yes | J12: Substitution - Word | T12: ΝΑ | U12: =IF(ISNUMBER(T12),VALUE(MID(_xlfn.FORMULATEXT(T12),SEARCH("-",_xlfn.FORMULATEXT(T12))+1,LEN(_xlfn.FORMULATEXT(T12))-SEARCH("-",_xlfn.FORMULATEXT(T12)))), "") | V12: =IF(ISNUMBER(T12), VALUE(MID(_xlfn.FORMULATEXT(T12), 2, SEARCH("-", _xlfn.FORMULATEXT(T12)) - 2)), "") | AC12: ω-ο | AD12: Yes | AE12: Generated - strict | AG12: No | AJ12: {=_xlfn.IFS(AG12="Yes",1,AG12="No",0,AG12="","")} -> 0
A13: TLev.18.12 | D13: δεθησεται | E13: δεθεσεται | H13: Yes | J13: Substitution - Word | T13: ΝΑ | U13: =IF(ISNUMBER(T13),VALUE(MID(_xlfn.FORMULATEXT(T13),SEARCH("-",_xlfn.FORMULATEXT(T13))+1,LEN(_xlfn.FORMULATEXT(T13))-SEARCH("-",_xlfn.FORMULATEXT(T13)))), "") | V13: =IF(ISNUMBER(T13), VALUE(MID(_xlfn.FORMULATEXT(T13), 2, SEARCH("-", _xlfn.FORMULATEXT(T13)) - 2)), "") | AC13: η-ε | AD13: Yes | AE13: Generated - strict | AG13: No | AJ13: {=_xlfn.IFS(AG13="Yes",1,AG13="No",0,AG13="","")} -> 0
A14: TLev.18.12 | D14: τεκνοις αυτου του πατειν | E14: τεκνοις αυτου πατειν | J14: Omission | L14: 1 | M14: 3 | N14: Article | O14: Present | P14: AB:AC | Q14: 3:3 | S14: 2475 | U14: =IF(ISNUMBER(T14),VALUE(MID(_xlfn.FORMULATEXT(T14),SEARCH("-",_xlfn.FORMULATEXT(T14))+1,LEN(_xlfn.FORMULATEXT(T14))-SEARCH("-",_xlfn.FORMULATEXT(T14)))), "") | V14: =IF(ISNUMBER(T14), VALUE(MID(_xlfn.FORMULATEXT(T14), 2, SEARCH("-", _xlfn.FORMULATEXT(T14)) - 2)), "") | AG14: Yes | AJ14: {=_xlfn.IFS(AG14="Yes",1,AG14="No",0,AG14="","")} -> 1
A15: TLev.18.13 | D15: τοις τεκνοις | E15: τοις αγαπητοις τεκνοις | H15: Yes | J15: Addition | L15: 1 | M15: 9 | N15: Adjective | O15: Present | P15: AB:AC:BD:CD | Q15: 4:4:4:4 | S15: 4 | U15: =IF(ISNUMBER(T15),VALUE(MID(_xlfn.FORMULATEXT(T15),SEARCH("-",_xlfn.FORMULATEXT(T15))+1,LEN(_xlfn.FORMULATEXT(T15))-SEARCH("-",_xlfn.FORMULATEXT(T15)))), "") | V15: =IF(ISNUMBER(T15), VALUE(MID(_xlfn.FORMULATEXT(T15), 2, SEARCH("-", _xlfn.FORMULATEXT(T15)) - 2)), "") | AG15: No | AJ15: {=_xlfn.IFS(AG15="Yes",1,AG15="No",0,AG15="","")} -> 0
A16: TLev.18.14 | D16: αγαλλιασεται | E16: αγαλλιαζεται | H16: Yes | J16: Substitution - Word | T16: ΝΑ | U16: =IF(ISNUMBER(T16),VALUE(MID(_xlfn.FORMULATEXT(T16),SEARCH("-",_xlfn.FORMULATEXT(T16))+1,LEN(_xlfn.FORMULATEXT(T16))-SEARCH("-",_xlfn.FORMULATEXT(T16)))), "") | V16: =IF(ISNUMBER(T16), VALUE(MID(_xlfn.FORMULATEXT(T16), 2, SEARCH("-", _xlfn.FORMULATEXT(T16)) - 2)), "") | AE16: Generated - strict | AG16: No | AJ16: {=_xlfn.IFS(AG16="Yes",1,AG16="No",0,AG16="","")} -> 0
A17: TLev.18.14 | D17: χαρισομαι | E17: χαρησομαι | J17: Substitution - Word | T17: =8-1 -> 7 | U17: =IF(ISNUMBER(T17),VALUE(MID(_xlfn.FORMULATEXT(T17),SEARCH("-",_xlfn.FORMULATEXT(T17))+1,LEN(_xlfn.FORMULATEXT(T17))-SEARCH("-",_xlfn.FORMULATEXT(T17)))), "") -> 1 | V17: =IF(ISNUMBER(T17), VALUE(MID(_xlfn.FORMULATEXT(T17), 2, SEARCH("-", _xlfn.FORMULATEXT(T17)) - 2)), "") -> 8 | AG17: No | AJ17: {=_xlfn.IFS(AG17="Yes",1,AG17="No",0,AG17="","")} -> 0
A18: TLev.19.1 | D18: ηκουσατε | E18: ησουσατε | J18: Substitution - Word | T18: ΝΑ | U18: =IF(ISNUMBER(T18),VALUE(MID(_xlfn.FORMULATEXT(T18),SEARCH("-",_xlfn.FORMULATEXT(T18))+1,LEN(_xlfn.FORMULATEXT(T18))-SEARCH("-",_xlfn.FORMULATEXT(T18)))), "") | V18: =IF(ISNUMBER(T18), VALUE(MID(_xlfn.FORMULATEXT(T18), 2, SEARCH("-", _xlfn.FORMULATEXT(T18)) - 2)), "") | AE18: Generated - strict | AG18: No | AJ18: {=_xlfn.IFS(AG18="Yes",1,AG18="No",0,AG18="","")} -> 0
A19: TLev.19.1 | D19: η νομον κυ | E19: η τον νομον του κυριου | J19: Addition | L19: 1 | M19: 3 | N19: Article | O19: Absent | S19: 2475 | U19: =IF(ISNUMBER(T19),VALUE(MID(_xlfn.FORMULATEXT(T19),SEARCH("-",_xlfn.FORMULATEXT(T19))+1,LEN(_xlfn.FORMULATEXT(T19))-SEARCH("-",_xlfn.FORMULATEXT(T19)))), "") | V19: =IF(ISNUMBER(T19), VALUE(MID(_xlfn.FORMULATEXT(T19), 2, SEARCH("-", _xlfn.FORMULATEXT(T19)) - 2)), "") | AG19: Yes | AJ19: {=_xlfn.IFS(AG19="Yes",1,AG19="No",0,AG19="","")} -> 1
A20: TLev.19.1 | D20: η νομον κυ | E20: η τον νομον του κυριου | J20: Addition | L20: 1 | M20: 3 | N20: Article | O20: Absent | S20: 2475 | U20: =IF(ISNUMBER(T20),VALUE(MID(_xlfn.FORMULATEXT(T20),SEARCH("-",_xlfn.FORMULATEXT(T20))+1,LEN(_xlfn.FORMULATEXT(T20))-SEARCH("-",_xlfn.FORMULATEXT(T20)))), "") | V20: =IF(ISNUMBER(T20), VALUE(MID(_xlfn.FORMULATEXT(T20), 2, SEARCH("-", _xlfn.FORMULATEXT(T20)) - 2)), "") | AG20: Yes | AJ20: {=_xlfn.IFS(AG20="Yes",1,AG20="No",0,AG20="","")} -> 1
A21: TLev.19.1 | D21: εργα βελιαρ | E21: εργα του βελιαρ | J21: Addition | L21: 1 | M21: 3 | N21: Article | O21: Absent | S21: 2475 | U21: =IF(ISNUMBER(T21),VALUE(MID(_xlfn.FORMULATEXT(T21),SEARCH("-",_xlfn.FORMULATEXT(T21))+1,LEN(_xlfn.FORMULATEXT(T21))-SEARCH("-",_xlfn.FORMULATEXT(T21)))), "") | V21: =IF(ISNUMBER(T21), VALUE(MID(_xlfn.FORMULATEXT(T21), 2, SEARCH("-", _xlfn.FORMULATEXT(T21)) - 2)), "") | AG21: Yes | AJ21: {=_xlfn.IFS(AG21="Yes",1,AG21="No",0,AG21="","")} -> 1
A22: TLev.19.2 | D22: απεκριθημεν | E22: απεκριθομεν | J22: Substitution - Form | U22: =IF(ISNUMBER(T22),VALUE(MID(_xlfn.FORMULATEXT(T22),SEARCH("-",_xlfn.FORMULATEXT(T22))+1,LEN(_xlfn.FORMULATEXT(T22))-SEARCH("-",_xlfn.FORMULATEXT(T22)))), "") | V22: =IF(ISNUMBER(T22), VALUE(MID(_xlfn.FORMULATEXT(T22), 2, SEARCH("-", _xlfn.FORMULATEXT(T22)) - 2)), "") | AE22: Generated - strict | AG22: Yes | AJ22: {=_xlfn.IFS(AG22="Yes",1,AG22="No",0,AG22="","")} -> 1
A23: TLev.19.2 | D23: πορευσωμεθα | E23: πορευσομεθα | J23: Substitution - Form | U23: =IF(ISNUMBER(T23),VALUE(MID(_xlfn.FORMULATEXT(T23),SEARCH("-",_xlfn.FORMULATEXT(T23))+1,LEN(_xlfn.FORMULATEXT(T23))-SEARCH("-",_xlfn.FORMULATEXT(T23)))), "") | V23: =IF(ISNUMBER(T23), VALUE(MID(_xlfn.FORMULATEXT(T23), 2, SEARCH("-", _xlfn.FORMULATEXT(T23)) - 2)), "") | AC23: ω-ο | AD23: Yes | AG23: Yes | AJ23: {=_xlfn.IFS(AG23="Yes",1,AG23="No",0,AG23="","")} -> 1
A24: TLev.19.3 | D24: ειπωμεν | E24: ειπαμεν | J24: Substitution - Form | U24: =IF(ISNUMBER(T24),VALUE(MID(_xlfn.FORMULATEXT(T24),SEARCH("-",_xlfn.FORMULATEXT(T24))+1,LEN(_xlfn.FORMULATEXT(T24))-SEARCH("-",_xlfn.FORMULATEXT(T24)))), "") | V24: =IF(ISNUMBER(T24), VALUE(MID(_xlfn.FORMULATEXT(T24), 2, SEARCH("-", _xlfn.FORMULATEXT(T24)) - 2)), "") | AG24: Yes | AJ24: {=_xlfn.IFS(AG24="Yes",1,AG24="No",0,AG24="","")} -> 1
A25: TJud.21.5 | D25: εντρυφηματα υιων | E25: εντρυφηματων υιων | F25: Not a variant: apograph transcript error | I25: Queens firsthand = εντρυφηματα υιων, then corrects εντρυφηματα -> εντρυφηματων | U25: =IF(ISNUMBER(T25),VALUE(MID(_xlfn.FORMULATEXT(T25),SEARCH("-",_xlfn.FORMULATEXT(T25))+1,LEN(_xlfn.FORMULATEXT(T25))-SEARCH("-",_xlfn.FORMULATEXT(T25)))), "") | V25: =IF(ISNUMBER(T25), VALUE(MID(_xlfn.FORMULATEXT(T25), 2, SEARCH("-", _xlfn.FORMULATEXT(T25)) - 2)), "") | AJ25: {=_xlfn.IFS(AG25="Yes",1,AG25="No",0,AG25="","")}
A26: TJud.21.6 | D26: ως θαλασσα | E26: ως η θαλασσα | J26: Addition | L26: 1 | M26: 1 | N26: Article | O26: NA | S26: 2475 | U26: =IF(ISNUMBER(T26),VALUE(MID(_xlfn.FORMULATEXT(T26),SEARCH("-",_xlfn.FORMULATEXT(T26))+1,LEN(_xlfn.FORMULATEXT(T26))-SEARCH("-",_xlfn.FORMULATEXT(T26)))), "") | V26: =IF(ISNUMBER(T26), VALUE(MID(_xlfn.FORMULATEXT(T26), 2, SEARCH("-", _xlfn.FORMULATEXT(T26)) - 2)), "") | AG26: Yes | AJ26: {=_xlfn.IFS(AG26="Yes",1,AG26="No",0,AG26="","")} -> 1
A27: TJud.21.6 | D27: ουτως και | E27: ουτω και | J27: Substitution - Form | U27: =IF(ISNUMBER(T27),VALUE(MID(_xlfn.FORMULATEXT(T27),SEARCH("-",_xlfn.FORMULATEXT(T27))+1,LEN(_xlfn.FORMULATEXT(T27))-SEARCH("-",_xlfn.FORMULATEXT(T27)))), "") | V27: =IF(ISNUMBER(T27), VALUE(MID(_xlfn.FORMULATEXT(T27), 2, SEARCH("-", _xlfn.FORMULATEXT(T27)) - 2)), "") | AG27: No | AJ27: {=_xlfn.IFS(AG27="Yes",1,AG27="No",0,AG27="","")} -> 0
A28: TJud.21.6 | D28: κινδυνευουσιν | E28: κινδυνευσουσιν | J28: Substitution - Form | U28: =IF(ISNUMBER(T28),VALUE(MID(_xlfn.FORMULATEXT(T28),SEARCH("-",_xlfn.FORMULATEXT(T28))+1,LEN(_xlfn.FORMULATEXT(T28))-SEARCH("-",_xlfn.FORMULATEXT(T28)))), "") | V28: =IF(ISNUMBER(T28), VALUE(MID(_xlfn.FORMULATEXT(T28), 2, SEARCH("-", _xlfn.FORMULATEXT(T28)) - 2)), "") | AG28: Yes | AJ28: {=_xlfn.IFS(AG28="Yes",1,AG28="No",0,AG28="","")} -> 1
A29: TJud.21.6 | D29: πλουτισουσιν | E29: πλουτουσιν | J29: Substitution - Form | U29: =IF(ISNUMBER(T29),VALUE(MID(_xlfn.FORMULATEXT(T29),SEARCH("-",_xlfn.FORMULATEXT(T29))+1,LEN(_xlfn.FORMULATEXT(T29))-SEARCH("-",_xlfn.FORMULATEXT(T29)))), "") | V29: =IF(ISNUMBER(T29), VALUE(MID(_xlfn.FORMULATEXT(T29), 2, SEARCH("-", _xlfn.FORMULATEXT(T29)) - 2)), "") | AG29: Yes | AJ29: {=_xlfn.IFS(AG29="Yes",1,AG29="No",0,AG29="","")} -> 1
A30: TJud.21.7 | D30: οτι οι βασιλευοντες | E30: οτι βασιλευοντες | J30: Omission | L30: 1 | M30: 2 | N30: Article | O30: NA | S30: 2475 | U30: =IF(ISNUMBER(T30),VALUE(MID(_xlfn.FORMULATEXT(T30),SEARCH("-",_xlfn.FORMULATEXT(T30))+1,LEN(_xlfn.FORMULATEXT(T30))-SEARCH("-",_xlfn.FORMULATEXT(T30)))), "") | V30: =IF(ISNUMBER(T30), VALUE(MID(_xlfn.FORMULATEXT(T30), 2, SEARCH("-", _xlfn.FORMULATEXT(T30)) - 2)), "") | AG30: Yes | AJ30: {=_xlfn.IFS(AG30="Yes",1,AG30="No",0,AG30="","")} -> 1
A31: TJud.21.7 | D31: καταδουλουσιν | E31: καταδουλωσσιν | F31: Not a variant: apograph transcript error | I31: Queens firsthand = καταδουλουσιν, then corrects καταδουλουσιν -> καταδουλωσσιν | U31: =IF(ISNUMBER(T31),VALUE(MID(_xlfn.FORMULATEXT(T31),SEARCH("-",_xlfn.FORMULATEXT(T31))+1,LEN(_xlfn.FORMULATEXT(T31))-SEARCH("-",_xlfn.FORMULATEXT(T31)))), "") | V31: =IF(ISNUMBER(T31), VALUE(MID(_xlfn.FORMULATEXT(T31), 2, SEARCH("-", _xlfn.FORMULATEXT(T31)) - 2)), "") | AJ31: {=_xlfn.IFS(AG31="Yes",1,AG31="No",0,AG31="","")}
A32: TJud.21.7 | D32: αγρους ποιμνια | E32: αγρους και ποιμνια | J32: Addition | L32: 1 | M32: 3 | N32: Conjunction | O32: Absent | S32: 1701 | U32: =IF(ISNUMBER(T32),VALUE(MID(_xlfn.FORMULATEXT(T32),SEARCH("-",_xlfn.FORMULATEXT(T32))+1,LEN(_xlfn.FORMULATEXT(T32))-SEARCH("-",_xlfn.FORMULATEXT(T32)))), "") | V32: =IF(ISNUMBER(T32), VALUE(MID(_xlfn.FORMULATEXT(T32), 2, SEARCH("-", _xlfn.FORMULATEXT(T32)) - 2)), "") | AG32: Yes | AJ32: {=_xlfn.IFS(AG32="Yes",1,AG32="No",0,AG32="","")} -> 1
A33: TJud.21.7 | D33: (7) αρπασουσι (8) και πολλων σαρκας αδικως κορακας και ιβεις χορτασουσι και προκοψουσιν | E33: (7) αρπαζουσι (8) και προκοψουσιν | H33: Yes | J33: Substitution - Form | U33: =IF(ISNUMBER(T33),VALUE(MID(_xlfn.FORMULATEXT(T33),SEARCH("-",_xlfn.FORMULATEXT(T33))+1,LEN(_xlfn.FORMULATEXT(T33))-SEARCH("-",_xlfn.FORMULATEXT(T33)))), "") | V33: =IF(ISNUMBER(T33), VALUE(MID(_xlfn.FORMULATEXT(T33), 2, SEARCH("-", _xlfn.FORMULATEXT(T33)) - 2)), "") | AG33: Yes | AJ33: {=_xlfn.IFS(AG33="Yes",1,AG33="No",0,AG33="","")} -> 1
A34: TJud.21.8 | D34: (7) αρπασουσι (8) και πολλων σαρκας αδικως κορακας και ιβεις χορτασουσι και προκοψουσιν | E34: (7) αρπαζουσι (8) και προκοψουσιν | H34: Yes | I34: freq = κοραξ | J34: Omission | L34: 8 | M34: 46 | O34: Present | P34: AC:BD | Q34: 10:3 | S34: 1 | U34: =IF(ISNUMBER(T34),VALUE(MID(_xlfn.FORMULATEXT(T34),SEARCH("-",_xlfn.FORMULATEXT(T34))+1,LEN(_xlfn.FORMULATEXT(T34))-SEARCH("-",_xlfn.FORMULATEXT(T34)))), "") | V34: =IF(ISNUMBER(T34), VALUE(MID(_xlfn.FORMULATEXT(T34), 2, SEARCH("-", _xlfn.FORMULATEXT(T34)) - 2)), "") | AG34: No | AJ34: {=_xlfn.IFS(AG34="Yes",1,AG34="No",0,AG34="","")} -> 0
A35: TJud.22.2 | D35: σριον ιηλ | E35: σωτηριον τω ισραηλ | J35: Addition | L35: 1 | M35: 2 | N35: Article | O35: NA | S35: 2475 | U35: =IF(ISNUMBER(T35),VALUE(MID(_xlfn.FORMULATEXT(T35),SEARCH("-",_xlfn.FORMULATEXT(T35))+1,LEN(_xlfn.FORMULATEXT(T35))-SEARCH("-",_xlfn.FORMULATEXT(T35)))), "") | V35: =IF(ISNUMBER(T35), VALUE(MID(_xlfn.FORMULATEXT(T35), 2, SEARCH("-", _xlfn.FORMULATEXT(T35)) - 2)), "") | AG35: Yes | AJ35: {=_xlfn.IFS(AG35="Yes",1,AG35="No",0,AG35="","")} -> 1
A36: TJud.22.2 | D36: παντα τα εθνη | E36: παντα εθνη | J36: Omission | L36: 1 | M36: 2 | N36: Article | O36: NA | R36: Dittography | S36: 2475 | U36: =IF(ISNUMBER(T36),VALUE(MID(_xlfn.FORMULATEXT(T36),SEARCH("-",_xlfn.FORMULATEXT(T36))+1,LEN(_xlfn.FORMULATEXT(T36))-SEARCH("-",_xlfn.FORMULATEXT(T36)))), "") | V36: =IF(ISNUMBER(T36), VALUE(MID(_xlfn.FORMULATEXT(T36), 2, SEARCH("-", _xlfn.FORMULATEXT(T36)) - 2)), "") | AG36: Yes | AJ36: {=_xlfn.IFS(AG36="Yes",1,AG36="No",0,AG36="","")} -> 1
A37: TJud.22.3 | D37: εως του αιωνος | E37: εως αιωνος | I37: phrase εως του αιωνος occurs twice in this verse, apograph omits του both times, therefore not counting as disharmonizing | J37: Omission | L37: 1 | M37: 3 | N37: Article | O37: Absent | S37: 2475 | U37: =IF(ISNUMBER(T37),VALUE(MID(_xlfn.FORMULATEXT(T37),SEARCH("-",_xlfn.FORMULATEXT(T37))+1,LEN(_xlfn.FORMULATEXT(T37))-SEARCH("-",_xlfn.FORMULATEXT(T37)))), "") | V37: =IF(ISNUMBER(T37), VALUE(MID(_xlfn.FORMULATEXT(T37), 2, SEARCH("-", _xlfn.FORMULATEXT(T37)) - 2)), "") | AG37: Yes | AJ37: {=_xlfn.IFS(AG37="Yes",1,AG37="No",0,AG37="","")} -> 1
A38: TJud.22.3 | D38: βασιλειον μου και του σπερματος | E38: βασιλειον μου εκ του σπερματος | J38: Substitution - Word | T38: =79-1701 -> -1622 | U38: =IF(ISNUMBER(T38),VALUE(MID(_xlfn.FORMULATEXT(T38),SEARCH("-",_xlfn.FORMULATEXT(T38))+1,LEN(_xlfn.FORMULATEXT(T38))-SEARCH("-",_xlfn.FORMULATEXT(T38)))), "") -> 1701 | V38: =IF(ISNUMBER(T38), VALUE(MID(_xlfn.FORMULATEXT(T38), 2, SEARCH("-", _xlfn.FORMULATEXT(T38)) - 2)), "") -> 79 | AG38: Yes | AJ38: {=_xlfn.IFS(AG38="Yes",1,AG38="No",0,AG38="","")} -> 1
A39: TJud.22.3 | D39: εως του αιωνος | E39: εως αιωνος | J39: Omission | L39: 1 | M39: 3 | N39: Article | O39: Absent | S39: 2475 | U39: =IF(ISNUMBER(T39),VALUE(MID(_xlfn.FORMULATEXT(T39),SEARCH("-",_xlfn.FORMULATEXT(T39))+1,LEN(_xlfn.FORMULATEXT(T39))-SEARCH("-",_xlfn.FORMULATEXT(T39)))), "") | V39: =IF(ISNUMBER(T39), VALUE(MID(_xlfn.FORMULATEXT(T39), 2, SEARCH("-", _xlfn.FORMULATEXT(T39)) - 2)), "") | AG39: Yes | AJ39: {=_xlfn.IFS(AG39="Yes",1,AG39="No",0,AG39="","")} -> 1
A40: TDan.6.7 | D40: το δε ονομα | E40: το ονομα | J40: Omission | L40: 1 | M40: 2 | N40: Conjunction | O40: NA | S40: 171 | U40: =IF(ISNUMBER(T40),VALUE(MID(_xlfn.FORMULATEXT(T40),SEARCH("-",_xlfn.FORMULATEXT(T40))+1,LEN(_xlfn.FORMULATEXT(T40))-SEARCH("-",_xlfn.FORMULATEXT(T40)))), "") | V40: =IF(ISNUMBER(T40), VALUE(MID(_xlfn.FORMULATEXT(T40), 2, SEARCH("-", _xlfn.FORMULATEXT(T40)) - 2)), "") | AG40: Yes | AJ40: {=_xlfn.IFS(AG40="Yes",1,AG40="No",0,AG40="","")} -> 1
A41: TDan.6.8 | D41: διατηρησατε | E41: διατηρησαντε | H41: Yes | J41: Substitution - Form | U41: =IF(ISNUMBER(T41),VALUE(MID(_xlfn.FORMULATEXT(T41),SEARCH("-",_xlfn.FORMULATEXT(T41))+1,LEN(_xlfn.FORMULATEXT(T41))-SEARCH("-",_xlfn.FORMULATEXT(T41)))), "") | V41: =IF(ISNUMBER(T41), VALUE(MID(_xlfn.FORMULATEXT(T41), 2, SEARCH("-", _xlfn.FORMULATEXT(T41)) - 2)), "") | AE41: Generated - strict | AG41: No | AJ41: {=_xlfn.IFS(AG41="Yes",1,AG41="No",0,AG41="","")} -> 0
A42: TDan.6.10 | D42: νομου κυ (11) και θαψατε | E42: νομου του θεου (11) και θαψατε | J42: Addition | L42: 1 | M42: 3 | N42: Article | O42: Absent | S42: 2475 | U42: =IF(ISNUMBER(T42),VALUE(MID(_xlfn.FORMULATEXT(T42),SEARCH("-",_xlfn.FORMULATEXT(T42))+1,LEN(_xlfn.FORMULATEXT(T42))-SEARCH("-",_xlfn.FORMULATEXT(T42)))), "") | V42: =IF(ISNUMBER(T42), VALUE(MID(_xlfn.FORMULATEXT(T42), 2, SEARCH("-", _xlfn.FORMULATEXT(T42)) - 2)), "") | AG42: Yes | AJ42: {=_xlfn.IFS(AG42="Yes",1,AG42="No",0,AG42="","")} -> 1
A43: TDan.6.10 | D43: νομου κυ (11) και θαψατε | E43: νομου του θεου (11) και θαψατε | J43: Substitution - Word | T43: =132-250 -> -118 | U43: =IF(ISNUMBER(T43),VALUE(MID(_xlfn.FORMULATEXT(T43),SEARCH("-",_xlfn.FORMULATEXT(T43))+1,LEN(_xlfn.FORMULATEXT(T43))-SEARCH("-",_xlfn.FORMULATEXT(T43)))), "") -> 250 | V43: =IF(ISNUMBER(T43), VALUE(MID(_xlfn.FORMULATEXT(T43), 2, SEARCH("-", _xlfn.FORMULATEXT(T43)) - 2)), "") -> 132 | AG43: Yes | AJ43: {=_xlfn.IFS(AG43="Yes",1,AG43="No",0,AG43="","")} -> 1
A44: TDan.7.2 | D44: ανηνεγκαν | E44: ανενεγκαν | J44: Substitution - Form | U44: =IF(ISNUMBER(T44),VALUE(MID(_xlfn.FORMULATEXT(T44),SEARCH("-",_xlfn.FORMULATEXT(T44))+1,LEN(_xlfn.FORMULATEXT(T44))-SEARCH("-",_xlfn.FORMULATEXT(T44)))), "") | V44: =IF(ISNUMBER(T44), VALUE(MID(_xlfn.FORMULATEXT(T44), 2, SEARCH("-", _xlfn.FORMULATEXT(T44)) - 2)), "") | AC44: η-ε | AD44: Yes | AE44: Generated - strict | AG44: No | AJ44: {=_xlfn.IFS(AG44="Yes",1,AG44="No",0,AG44="","")} -> 0
A45: TDan.7.3 | D45: επιλαθωνται | E45: επιλαθονται | H45: Yes | J45: Substitution - Form | U45: =IF(ISNUMBER(T45),VALUE(MID(_xlfn.FORMULATEXT(T45),SEARCH("-",_xlfn.FORMULATEXT(T45))+1,LEN(_xlfn.FORMULATEXT(T45))-SEARCH("-",_xlfn.FORMULATEXT(T45)))), "") | V45: =IF(ISNUMBER(T45), VALUE(MID(_xlfn.FORMULATEXT(T45), 2, SEARCH("-", _xlfn.FORMULATEXT(T45)) - 2)), "") | AC45: ω-ο | AD45: Yes | AE45: Generated - strict | AG45: No | AJ45: {=_xlfn.IFS(AG45="Yes",1,AG45="No",0,AG45="","")} -> 0
A46: TNaph.1.1 | D46: νεφθαλειμ ων διεθετο | E46: νεφθαλειμ ης διεθετο | J46: Substitution - Form | U46: =IF(ISNUMBER(T46),VALUE(MID(_xlfn.FORMULATEXT(T46),SEARCH("-",_xlfn.FORMULATEXT(T46))+1,LEN(_xlfn.FORMULATEXT(T46))-SEARCH("-",_xlfn.FORMULATEXT(T46)))), "") | V46: =IF(ISNUMBER(T46), VALUE(MID(_xlfn.FORMULATEXT(T46), 2, SEARCH("-", _xlfn.FORMULATEXT(T46)) - 2)), "") | AE46: Removed - contextual | AG46: Yes | AJ46: {=_xlfn.IFS(AG46="Yes",1,AG46="No",0,AG46="","")} -> 1
A47: TNaph.1.1 | D47: εν ετει εκατοστω τριακοστω δευτερω της ζωης αυτου | E47: εν ετει ρλ ζωης αυτου | J47: Omission | L47: 1 | M47: 7 | N47: Adjective | O47: Absent | S47: 13 | U47: =IF(ISNUMBER(T47),VALUE(MID(_xlfn.FORMULATEXT(T47),SEARCH("-",_xlfn.FORMULATEXT(T47))+1,LEN(_xlfn.FORMULATEXT(T47))-SEARCH("-",_xlfn.FORMULATEXT(T47)))), "") | V47: =IF(ISNUMBER(T47), VALUE(MID(_xlfn.FORMULATEXT(T47), 2, SEARCH("-", _xlfn.FORMULATEXT(T47)) - 2)), "") | AG47: Yes | AJ47: {=_xlfn.IFS(AG47="Yes",1,AG47="No",0,AG47="","")} -> 1
A48: TNaph.1.1 | D48: εν ετει εκατοστω τριακοστω δευτερω της ζωης αυτου | E48: εν ετει ρλ ζωης αυτου | J48: Omission | L48: 1 | M48: 3 | N48: Article | O48: Absent | S48: 2475 | U48: =IF(ISNUMBER(T48),VALUE(MID(_xlfn.FORMULATEXT(T48),SEARCH("-",_xlfn.FORMULATEXT(T48))+1,LEN(_xlfn.FORMULATEXT(T48))-SEARCH("-",_xlfn.FORMULATEXT(T48)))), "") | V48: =IF(ISNUMBER(T48), VALUE(MID(_xlfn.FORMULATEXT(T48), 2, SEARCH("-", _xlfn.FORMULATEXT(T48)) - 2)), "") | AG48: Yes | AJ48: {=_xlfn.IFS(AG48="Yes",1,AG48="No",0,AG48="","")} -> 1
A49: TNaph.1.2 | D49: δειπνον αυτος | E49: δειπνον αυτοις | J49: Substitution - Form | U49: =IF(ISNUMBER(T49),VALUE(MID(_xlfn.FORMULATEXT(T49),SEARCH("-",_xlfn.FORMULATEXT(T49))+1,LEN(_xlfn.FORMULATEXT(T49))-SEARCH("-",_xlfn.FORMULATEXT(T49)))), "") | V49: =IF(ISNUMBER(T49), VALUE(MID(_xlfn.FORMULATEXT(T49), 2, SEARCH("-", _xlfn.FORMULATEXT(T49)) - 2)), "") | AG49: Yes | AJ49: {=_xlfn.IFS(AG49="Yes",1,AG49="No",0,AG49="","")} -> 1
A50: TNaph.1.3 | D50: μετα το εξυπνισθηναι | E50: μετα του εξυπνισθηναι | J50: Substitution - Form | U50: =IF(ISNUMBER(T50),VALUE(MID(_xlfn.FORMULATEXT(T50),SEARCH("-",_xlfn.FORMULATEXT(T50))+1,LEN(_xlfn.FORMULATEXT(T50))-SEARCH("-",_xlfn.FORMULATEXT(T50)))), "") | V50: =IF(ISNUMBER(T50), VALUE(MID(_xlfn.FORMULATEXT(T50), 2, SEARCH("-", _xlfn.FORMULATEXT(T50)) - 2)), "") | AG50: Yes | AJ50: {=_xlfn.IFS(AG50="Yes",1,AG50="No",0,AG50="","")} -> 1
A51: TNaph.1.6 | D51: εποιησε ραχηλ | E51: εποιησεν η ραχηλ | J51: Substitution - Form | U51: =IF(ISNUMBER(T51),VALUE(MID(_xlfn.FORMULATEXT(T51),SEARCH("-",_xlfn.FORMULATEXT(T51))+1,LEN(_xlfn.FORMULATEXT(T51))-SEARCH("-",_xlfn.FORMULATEXT(T51)))), "") | V51: =IF(ISNUMBER(T51), VALUE(MID(_xlfn.FORMULATEXT(T51), 2, SEARCH("-", _xlfn.FORMULATEXT(T51)) - 2)), "") | AB51: Movable ν | AD51: Yes | AG51: Yes | AJ51: {=_xlfn.IFS(AG51="Yes",1,AG51="No",0,AG51="","")} -> 1
A52: TNaph.1.6 | D52: εποιησε ραχηλ | E52: εποιησεν η ραχηλ | J52: Addition | L52: 1 | M52: 1 | N52: Article | O52: NA | S52: 2475 | U52: =IF(ISNUMBER(T52),VALUE(MID(_xlfn.FORMULATEXT(T52),SEARCH("-",_xlfn.FORMULATEXT(T52))+1,LEN(_xlfn.FORMULATEXT(T52))-SEARCH("-",_xlfn.FORMULATEXT(T52)))), "") | V52: =IF(ISNUMBER(T52), VALUE(MID(_xlfn.FORMULATEXT(T52), 2, SEARCH("-", _xlfn.FORMULATEXT(T52)) - 2)), "") | AG52: Yes | AJ52: {=_xlfn.IFS(AG52="Yes",1,AG52="No",0,AG52="","")} -> 1
A53: TNaph.1.6 | D53: ανθ εαυτης | E53: αντ αυτης | J53: Substitution - Form | U53: =IF(ISNUMBER(T53),VALUE(MID(_xlfn.FORMULATEXT(T53),SEARCH("-",_xlfn.FORMULATEXT(T53))+1,LEN(_xlfn.FORMULATEXT(T53))-SEARCH("-",_xlfn.FORMULATEXT(T53)))), "") | V53: =IF(ISNUMBER(T53), VALUE(MID(_xlfn.FORMULATEXT(T53), 2, SEARCH("-", _xlfn.FORMULATEXT(T53)) - 2)), "") | AB53: AltForm | AD53: Yes | AG53: Yes | AJ53: {=_xlfn.IFS(AG53="Yes",1,AG53="No",0,AG53="","")} -> 1
A54: TNaph.1.6 | D54: ανθ εαυτης | E54: αντ αυτης | J54: Substitution - Word | T54: =830-17 -> 813 | U54: =IF(ISNUMBER(T54),VALUE(MID(_xlfn.FORMULATEXT(T54),SEARCH("-",_xlfn.FORMULATEXT(T54))+1,LEN(_xlfn.FORMULATEXT(T54))-SEARCH("-",_xlfn.FORMULATEXT(T54)))), "") -> 17 | V54: =IF(ISNUMBER(T54), VALUE(MID(_xlfn.FORMULATEXT(T54), 2, SEARCH("-", _xlfn.FORMULATEXT(T54)) - 2)), "") -> 830 | AG54: Yes | AJ54: {=_xlfn.IFS(AG54="Yes",1,AG54="No",0,AG54="","")} -> 1
A55: TNaph.1.6 | D55: βαλλαν τω ιακωβ | E55: βαλλαν των ιακωβ | H55: Yes | J55: Substitution - Form | U55: =IF(ISNUMBER(T55),VALUE(MID(_xlfn.FORMULATEXT(T55),SEARCH("-",_xlfn.FORMULATEXT(T55))+1,LEN(_xlfn.FORMULATEXT(T55))-SEARCH("-",_xlfn.FORMULATEXT(T55)))), "") | V55: =IF(ISNUMBER(T55), VALUE(MID(_xlfn.FORMULATEXT(T55), 2, SEARCH("-", _xlfn.FORMULATEXT(T55)) - 2)), "") | AE55: Generated - contextual | AG55: No | AJ55: {=_xlfn.IFS(AG55="Yes",1,AG55="No",0,AG55="","")} -> 0
A56: TNaph.1.6 | D56: ιακωβ και επι των μηρων ραχηλ ετεκε με δια τουτο εκληθην νεφθαλειμ (7) και ηγαπησε με ραχηλ οτι επι των μηρων αυτης εγεννηθην | E56: ιακωβ και επι των μηρων (7) αυτης εγενηθην | H56: Yes | I56: skips 3 lines (239v.2.3-5; visual cues present); freq = μηρος | J56: Omission | L56: 15 | M56: 67 | O56: Present | P56: AC | Q56: 12 | S56: 2 | U56: =IF(ISNUMBER(T56),VALUE(MID(_xlfn.FORMULATEXT(T56),SEARCH("-",_xlfn.FORMULATEXT(T56))+1,LEN(_xlfn.FORMULATEXT(T56))-SEARCH("-",_xlfn.FORMULATEXT(T56)))), "") | V56: =IF(ISNUMBER(T56), VALUE(MID(_xlfn.FORMULATEXT(T56), 2, SEARCH("-", _xlfn.FORMULATEXT(T56)) - 2)), "") | AG56: No | AJ56: {=_xlfn.IFS(AG56="Yes",1,AG56="No",0,AG56="","")} -> 0
A57: TNaph.1.7 | D57: ιακωβ και επι των μηρων ραχηλ ετεκε με δια τουτο εκληθην νεφθαλειμ (7) και ηγαπησε με ραχηλ οτι επι των μηρων αυτης εγεννηθην | E57: ιακωβ και επι των μηρων (7) αυτης εγενηθην | F57: Not a variant: apograph transcript error | J57: Substitution - Word | T57: =49-9 -> 40 | U57: =IF(ISNUMBER(T57),VALUE(MID(_xlfn.FORMULATEXT(T57),SEARCH("-",_xlfn.FORMULATEXT(T57))+1,LEN(_xlfn.FORMULATEXT(T57))-SEARCH("-",_xlfn.FORMULATEXT(T57)))), "") -> 9 | V57: =IF(ISNUMBER(T57), VALUE(MID(_xlfn.FORMULATEXT(T57), 2, SEARCH("-", _xlfn.FORMULATEXT(T57)) - 2)), "") -> 49 | AC57: SimGem | AD57: Yes | AG57: Yes | AJ57: {=_xlfn.IFS(AG57="Yes",1,AG57="No",0,AG57="","")} -> 1
A58: TNaph.1.7 | D58: κατεφιλει | E58: καταφιλει | H58: Yes | J58: Substitution - Form | U58: =IF(ISNUMBER(T58),VALUE(MID(_xlfn.FORMULATEXT(T58),SEARCH("-",_xlfn.FORMULATEXT(T58))+1,LEN(_xlfn.FORMULATEXT(T58))-SEARCH("-",_xlfn.FORMULATEXT(T58)))), "") | V58: =IF(ISNUMBER(T58), VALUE(MID(_xlfn.FORMULATEXT(T58), 2, SEARCH("-", _xlfn.FORMULATEXT(T58)) - 2)), "") | AG58: No | AJ58: {=_xlfn.IFS(AG58="Yes",1,AG58="No",0,AG58="","")} -> 0
A59: TNaph.1.8 | D59: πασιν ο ιωσηφ | E59: πασιν ιωσηφ | J59: Omission | L59: 1 | M59: 1 | N59: Article | O59: NA | S59: 2475 | U59: =IF(ISNUMBER(T59),VALUE(MID(_xlfn.FORMULATEXT(T59),SEARCH("-",_xlfn.FORMULATEXT(T59))+1,LEN(_xlfn.FORMULATEXT(T59))-SEARCH("-",_xlfn.FORMULATEXT(T59)))), "") | V59: =IF(ISNUMBER(T59), VALUE(MID(_xlfn.FORMULATEXT(T59), 2, SEARCH("-", _xlfn.FORMULATEXT(T59)) - 2)), "") | AG59: Yes | AJ59: {=_xlfn.IFS(AG59="Yes",1,AG59="No",0,AG59="","")} -> 1
A60: TNaph.1.9 | D60: ρωθεου | E60: ρουθεου | J60: Substitution - Word | T60: ΝΑ | U60: =IF(ISNUMBER(T60),VALUE(MID(_xlfn.FORMULATEXT(T60),SEARCH("-",_xlfn.FORMULATEXT(T60))+1,LEN(_xlfn.FORMULATEXT(T60))-SEARCH("-",_xlfn.FORMULATEXT(T60)))), "") | V60: =IF(ISNUMBER(T60), VALUE(MID(_xlfn.FORMULATEXT(T60), 2, SEARCH("-", _xlfn.FORMULATEXT(T60)) - 2)), "") | AB60: Name Spelling | AD60: Yes | AG60: Yes | AJ60: {=_xlfn.IFS(AG60="Yes",1,AG60="No",0,AG60="","")} -> 1
A61: TNaph.1.9 | D61: και η ραχηλ | E61: και ραχηλ | J61: Omission | L61: 1 | M61: 1 | N61: Article | O61: NA | S61: 2475 | U61: =IF(ISNUMBER(T61),VALUE(MID(_xlfn.FORMULATEXT(T61),SEARCH("-",_xlfn.FORMULATEXT(T61))+1,LEN(_xlfn.FORMULATEXT(T61))-SEARCH("-",_xlfn.FORMULATEXT(T61)))), "") | V61: =IF(ISNUMBER(T61), VALUE(MID(_xlfn.FORMULATEXT(T61), 2, SEARCH("-", _xlfn.FORMULATEXT(T61)) - 2)), "") | AG61: Yes | AJ61: {=_xlfn.IFS(AG61="Yes",1,AG61="No",0,AG61="","")} -> 1
A62: TNaph.1.10 | D62: ροθεος | E62: ρουθεος | J62: Substitution - Word | T62: ΝΑ | U62: =IF(ISNUMBER(T62),VALUE(MID(_xlfn.FORMULATEXT(T62),SEARCH("-",_xlfn.FORMULATEXT(T62))+1,LEN(_xlfn.FORMULATEXT(T62))-SEARCH("-",_xlfn.FORMULATEXT(T62)))), "") | V62: =IF(ISNUMBER(T62), VALUE(MID(_xlfn.FORMULATEXT(T62), 2, SEARCH("-", _xlfn.FORMULATEXT(T62)) - 2)), "") | AB62: Name Spelling | AD62: Yes | AG62: Yes | AJ62: {=_xlfn.IFS(AG62="Yes",1,AG62="No",0,AG62="","")} -> 1
A63: TNaph.1.10 | D63: γενους ην αβρααμ | E63: γενους αβρααμ | J63: Omission | L63: 1 | M63: 2 | N63: Verb | O63: NA | S63: 295 | U63: =IF(ISNUMBER(T63),VALUE(MID(_xlfn.FORMULATEXT(T63),SEARCH("-",_xlfn.FORMULATEXT(T63))+1,LEN(_xlfn.FORMULATEXT(T63))-SEARCH("-",_xlfn.FORMULATEXT(T63)))), "") | V63: =IF(ISNUMBER(T63), VALUE(MID(_xlfn.FORMULATEXT(T63), 2, SEARCH("-", _xlfn.FORMULATEXT(T63)) - 2)), "") | AG63: Yes | AJ63: {=_xlfn.IFS(AG63="Yes",1,AG63="No",0,AG63="","")} -> 1
A64: TNaph.1.11 | D64: αιναν | E64: ανναν | H64: Yes | J64: Substitution - Word | T64: NA | U64: =IF(ISNUMBER(T64),VALUE(MID(_xlfn.FORMULATEXT(T64),SEARCH("-",_xlfn.FORMULATEXT(T64))+1,LEN(_xlfn.FORMULATEXT(T64))-SEARCH("-",_xlfn.FORMULATEXT(T64)))), "") | V64: =IF(ISNUMBER(T64), VALUE(MID(_xlfn.FORMULATEXT(T64), 2, SEARCH("-", _xlfn.FORMULATEXT(T64)) - 2)), "") | AB64: Name Spelling | AD64: Yes | AG64: No | AJ64: {=_xlfn.IFS(AG64="Yes",1,AG64="No",0,AG64="","")} -> 0
A65: TNaph.1.11 | D65: παιδισκην αυτου εις γυναικα | E65: παιδισκην αυτου γυναικα | J65: Omission | L65: 1 | M65: 3 | N65: Preposition | O65: Absent | S65: 210 | U65: =IF(ISNUMBER(T65),VALUE(MID(_xlfn.FORMULATEXT(T65),SEARCH("-",_xlfn.FORMULATEXT(T65))+1,LEN(_xlfn.FORMULATEXT(T65))-SEARCH("-",_xlfn.FORMULATEXT(T65)))), "") | V65: =IF(ISNUMBER(T65), VALUE(MID(_xlfn.FORMULATEXT(T65), 2, SEARCH("-", _xlfn.FORMULATEXT(T65)) - 2)), "") | AG65: Yes | AJ65: {=_xlfn.IFS(AG65="Yes",1,AG65="No",0,AG65="","")} -> 1
A66: TNaph.1.12 | D66: (11) ηχμαλωτευθη (12) εξ ης ετεκε | E66: (11) ηχμαλωτευθη (12) και εξης ετεκε | J66: Addition | L66: 1 | M66: 3 | N66: Conjunction | O66: Absent | S66: 1701 | U66: =IF(ISNUMBER(T66),VALUE(MID(_xlfn.FORMULATEXT(T66),SEARCH("-",_xlfn.FORMULATEXT(T66))+1,LEN(_xlfn.FORMULATEXT(T66))-SEARCH("-",_xlfn.FORMULATEXT(T66)))), "") | V66: =IF(ISNUMBER(T66), VALUE(MID(_xlfn.FORMULATEXT(T66), 2, SEARCH("-", _xlfn.FORMULATEXT(T66)) - 2)), "") | AG66: Yes | AJ66: {=_xlfn.IFS(AG66="Yes",1,AG66="No",0,AG66="","")} -> 1
A67: TNaph.1.12 | D67: καινοσπουδος | E67: καινοπουδος | H67: Yes | J67: Substitution - Word | T67: ΝΑ | U67: =IF(ISNUMBER(T67),VALUE(MID(_xlfn.FORMULATEXT(T67),SEARCH("-",_xlfn.FORMULATEXT(T67))+1,LEN(_xlfn.FORMULATEXT(T67))-SEARCH("-",_xlfn.FORMULATEXT(T67)))), "") | V67: =IF(ISNUMBER(T67), VALUE(MID(_xlfn.FORMULATEXT(T67), 2, SEARCH("-", _xlfn.FORMULATEXT(T67)) - 2)), "") | AE67: Generated - strict | AG67: No | AJ67: {=_xlfn.IFS(AG67="Yes",1,AG67="No",0,AG67="","")} -> 0
A68: TNaph.2.1 | D68: επειδη κουφος | E68: επει δε κουφος | J68: Substitution - Word | T68: =1-8 -> -7 | U68: =IF(ISNUMBER(T68),VALUE(MID(_xlfn.FORMULATEXT(T68),SEARCH("-",_xlfn.FORMULATEXT(T68))+1,LEN(_xlfn.FORMULATEXT(T68))-SEARCH("-",_xlfn.FORMULATEXT(T68)))), "") -> 8 | V68: =IF(ISNUMBER(T68), VALUE(MID(_xlfn.FORMULATEXT(T68), 2, SEARCH("-", _xlfn.FORMULATEXT(T68)) - 2)), "") -> 1 | AC68: η-ε | AD68: Yes | AG68: Yes | AJ68: {=_xlfn.IFS(AG68="Yes",1,AG68="No",0,AG68="","")} -> 1
A69: TNaph.2.1 | D69: τοις ποσι μου ως ελαφος | E69: τοις ποσιν ως ελαφος | J69: Substitution - Form | U69: =IF(ISNUMBER(T69),VALUE(MID(_xlfn.FORMULATEXT(T69),SEARCH("-",_xlfn.FORMULATEXT(T69))+1,LEN(_xlfn.FORMULATEXT(T69))-SEARCH("-",_xlfn.FORMULATEXT(T69)))), "") | V69: =IF(ISNUMBER(T69), VALUE(MID(_xlfn.FORMULATEXT(T69), 2, SEARCH("-", _xlfn.FORMULATEXT(T69)) - 2)), "") | AB69: Movable ν | AD69: Yes | AG69: Yes | AJ69: {=_xlfn.IFS(AG69="Yes",1,AG69="No",0,AG69="","")} -> 1
A70: TNaph.2.1 | D70: τοις ποσι μου ως ελαφος | E70: τοις ποσιν ως ελαφος | J70: Omission | L70: 1 | M70: 3 | N70: Pronoun | O70: Absent | S70: 743 | U70: =IF(ISNUMBER(T70),VALUE(MID(_xlfn.FORMULATEXT(T70),SEARCH("-",_xlfn.FORMULATEXT(T70))+1,LEN(_xlfn.FORMULATEXT(T70))-SEARCH("-",_xlfn.FORMULATEXT(T70)))), "") | V70: =IF(ISNUMBER(T70), VALUE(MID(_xlfn.FORMULATEXT(T70), 2, SEARCH("-", _xlfn.FORMULATEXT(T70)) - 2)), "") | AG70: Yes | AJ70: {=_xlfn.IFS(AG70="Yes",1,AG70="No",0,AG70="","")} -> 1
A71: TNaph.2.2 | D71: φερει πηλον | E71: φερει πηλον | F71: Not a variant, but correction is | I71: Queens adds τον between these words | U71: =IF(ISNUMBER(T71),VALUE(MID(_xlfn.FORMULATEXT(T71),SEARCH("-",_xlfn.FORMULATEXT(T71))+1,LEN(_xlfn.FORMULATEXT(T71))-SEARCH("-",_xlfn.FORMULATEXT(T71)))), "") | V71: =IF(ISNUMBER(T71), VALUE(MID(_xlfn.FORMULATEXT(T71), 2, SEARCH("-", _xlfn.FORMULATEXT(T71)) - 2)), "") | AJ71: {=_xlfn.IFS(AG71="Yes",1,AG71="No",0,AG71="","")}
A72: TNaph.2.3 | D72: τριχος | E72: τρικος | H72: Yes | J72: Substitution - Word | T72: ΝΑ | U72: =IF(ISNUMBER(T72),VALUE(MID(_xlfn.FORMULATEXT(T72),SEARCH("-",_xlfn.FORMULATEXT(T72))+1,LEN(_xlfn.FORMULATEXT(T72))-SEARCH("-",_xlfn.FORMULATEXT(T72)))), "") | V72: =IF(ISNUMBER(T72), VALUE(MID(_xlfn.FORMULATEXT(T72), 2, SEARCH("-", _xlfn.FORMULATEXT(T72)) - 2)), "") | AC72: AspChan | AD72: Yes | AE72: Generated - strict | AG72: Yes | AJ72: {=_xlfn.IFS(AG72="Yes",1,AG72="No",0,AG72="","")} -> 1
A73: TNaph.2.4 | D73: ουτω και | E73: ουτως και | I73: the phrase ουτω και occurs 6x more in the near context (cf. v. 6), always without the sigma; apograph disharmonizes | J73: Substitution - Form | U73: =IF(ISNUMBER(T73),VALUE(MID(_xlfn.FORMULATEXT(T73),SEARCH("-",_xlfn.FORMULATEXT(T73))+1,LEN(_xlfn.FORMULATEXT(T73))-SEARCH("-",_xlfn.FORMULATEXT(T73)))), "") | V73: =IF(ISNUMBER(T73), VALUE(MID(_xlfn.FORMULATEXT(T73), 2, SEARCH("-", _xlfn.FORMULATEXT(T73)) - 2)), "") | W73: Disharmonizing | AG73: Yes | AJ73: {=_xlfn.IFS(AG73="Yes",1,AG73="No",0,AG73="","")} -> 1
A74: TNaph.2.4 | D74: διαρκεσει εν αγαθω | E74: διακρεσεν εν αγαθω | H74: Yes, partially | I74: Queens corrects διακρεσεν -> διαρκεσεν | J74: Substitution - Form | U74: =IF(ISNUMBER(T74),VALUE(MID(_xlfn.FORMULATEXT(T74),SEARCH("-",_xlfn.FORMULATEXT(T74))+1,LEN(_xlfn.FORMULATEXT(T74))-SEARCH("-",_xlfn.FORMULATEXT(T74)))), "") | V74: =IF(ISNUMBER(T74), VALUE(MID(_xlfn.FORMULATEXT(T74), 2, SEARCH("-", _xlfn.FORMULATEXT(T74)) - 2)), "") | AE74: Generated - strict | AG74: Yes | AJ74: {=_xlfn.IFS(AG74="Yes",1,AG74="No",0,AG74="","")} -> 1
A75: TNaph.2.4 | D75: αρχεται | E75: αρχηται | H75: Yes | J75: Substitution - Form | U75: =IF(ISNUMBER(T75),VALUE(MID(_xlfn.FORMULATEXT(T75),SEARCH("-",_xlfn.FORMULATEXT(T75))+1,LEN(_xlfn.FORMULATEXT(T75))-SEARCH("-",_xlfn.FORMULATEXT(T75)))), "") | V75: =IF(ISNUMBER(T75), VALUE(MID(_xlfn.FORMULATEXT(T75), 2, SEARCH("-", _xlfn.FORMULATEXT(T75)) - 2)), "") | AC75: ε-η | AD75: Yes | AG75: No | AJ75: {=_xlfn.IFS(AG75="Yes",1,AG75="No",0,AG75="","")} -> 0
A76: TNaph.2.6 | D76: εργον αυτου και | E76: εργον αυτους και | H76: Yes | J76: Substitution - Form | U76: =IF(ISNUMBER(T76),VALUE(MID(_xlfn.FORMULATEXT(T76),SEARCH("-",_xlfn.FORMULATEXT(T76))+1,LEN(_xlfn.FORMULATEXT(T76))-SEARCH("-",_xlfn.FORMULATEXT(T76)))), "") | V76: =IF(ISNUMBER(T76), VALUE(MID(_xlfn.FORMULATEXT(T76), 2, SEARCH("-", _xlfn.FORMULATEXT(T76)) - 2)), "") | AE76: Generated - contextual | AG76: No | AJ76: {=_xlfn.IFS(AG76="Yes",1,AG76="No",0,AG76="","")} -> 0
A77: TNaph.2.7 | D77: ως κεχωρισται | E77: ως χκεχωρισται | H77: Yes | J77: Substitution - Form | U77: =IF(ISNUMBER(T77),VALUE(MID(_xlfn.FORMULATEXT(T77),SEARCH("-",_xlfn.FORMULATEXT(T77))+1,LEN(_xlfn.FORMULATEXT(T77))-SEARCH("-",_xlfn.FORMULATEXT(T77)))), "") | V77: =IF(ISNUMBER(T77), VALUE(MID(_xlfn.FORMULATEXT(T77), 2, SEARCH("-", _xlfn.FORMULATEXT(T77)) - 2)), "") | AE77: Generated - strict | AG77: No | AJ77: {=_xlfn.IFS(AG77="Yes",1,AG77="No",0,AG77="","")} -> 0
A78: TNaph.2.8 | D78: αισθησεις εν τη κεφαλη και τον τραχηλον συναπτει τη κεφαλη και τριχας | E78: αισθησεις τη κεφαλη και τριχας | I78: skips 1.5 lines (240v.1.16-18; visual cues present) | J78: Omission | L78: 7 | M78: 32 | O78: Present | P78: AC:BD | Q78: 3:12 | U78: =IF(ISNUMBER(T78),VALUE(MID(_xlfn.FORMULATEXT(T78),SEARCH("-",_xlfn.FORMULATEXT(T78))+1,LEN(_xlfn.FORMULATEXT(T78))-SEARCH("-",_xlfn.FORMULATEXT(T78)))), "") | V78: =IF(ISNUMBER(T78), VALUE(MID(_xlfn.FORMULATEXT(T78), 2, SEARCH("-", _xlfn.FORMULATEXT(T78)) - 2)), "") | AG78: No | AJ78: {=_xlfn.IFS(AG78="Yes",1,AG78="No",0,AG78="","")} -> 0
A79: TNaph.2.8 | D79: καλαμος | E79: καλαμος | F79: Not a variant, but correction is | I79: Queens corrects to καλαμον | U79: =IF(ISNUMBER(T79),VALUE(MID(_xlfn.FORMULATEXT(T79),SEARCH("-",_xlfn.FORMULATEXT(T79))+1,LEN(_xlfn.FORMULATEXT(T79))-SEARCH("-",_xlfn.FORMULATEXT(T79)))), "") | V79: =IF(ISNUMBER(T79), VALUE(MID(_xlfn.FORMULATEXT(T79), 2, SEARCH("-", _xlfn.FORMULATEXT(T79)) - 2)), "") | AJ79: {=_xlfn.IFS(AG79="Yes",1,AG79="No",0,AG79="","")}
A80: TNaph.2.8 | D80: νεφρους | E80: νεφους | H80: Yes | J80: Substitution - Word | T80: =0-1 -> -1 | U80: =IF(ISNUMBER(T80),VALUE(MID(_xlfn.FORMULATEXT(T80),SEARCH("-",_xlfn.FORMULATEXT(T80))+1,LEN(_xlfn.FORMULATEXT(T80))-SEARCH("-",_xlfn.FORMULATEXT(T80)))), "") -> 1 | V80: =IF(ISNUMBER(T80), VALUE(MID(_xlfn.FORMULATEXT(T80), 2, SEARCH("-", _xlfn.FORMULATEXT(T80)) - 2)), "") -> 0 | AG80: Yes | AJ80: {=_xlfn.IFS(AG80="Yes",1,AG80="No",0,AG80="","")} -> 1
A81: TNaph.2.10 | D81: (9) καιρου αυτου (10) οτι εαν ειπης τω οφθαλμω ακουσαι ου δυναται ουτως | E81: (9) καιρου αυτου (10) ου δυναται ουν οτι εαν ειπης τω οφθαλμω ακουσασαι ουτως | I81: 6.0.2 transposition | J81: Transposition | U81: =IF(ISNUMBER(T81),VALUE(MID(_xlfn.FORMULATEXT(T81),SEARCH("-",_xlfn.FORMULATEXT(T81))+1,LEN(_xlfn.FORMULATEXT(T81))-SEARCH("-",_xlfn.FORMULATEXT(T81)))), "") | V81: =IF(ISNUMBER(T81), VALUE(MID(_xlfn.FORMULATEXT(T81), 2, SEARCH("-", _xlfn.FORMULATEXT(T81)) - 2)), "") | AG81: Yes | AJ81: {=_xlfn.IFS(AG81="Yes",1,AG81="No",0,AG81="","")} -> 1
A82: TNaph.2.10 | D82: (9) καιρου αυτου (10) οτι εαν ειπης τω οφθαλμω ακουσαι ου δυναται ουτως | E82: (9) καιρου αυτου (10) ου δυναται ουν οτι εαν ειπης τω οφθαλμω ακουσασαι ουτως | J82: Addition | L82: 1 | M82: 3 | N82: Conjunction | O82: Absent | S82: 86 | U82: =IF(ISNUMBER(T82),VALUE(MID(_xlfn.FORMULATEXT(T82),SEARCH("-",_xlfn.FORMULATEXT(T82))+1,LEN(_xlfn.FORMULATEXT(T82))-SEARCH("-",_xlfn.FORMULATEXT(T82)))), "") | V82: =IF(ISNUMBER(T82), VALUE(MID(_xlfn.FORMULATEXT(T82), 2, SEARCH("-", _xlfn.FORMULATEXT(T82)) - 2)), "") | AG82: Yes | AJ82: {=_xlfn.IFS(AG82="Yes",1,AG82="No",0,AG82="","")} -> 1
A83: TNaph.2.10 | D83: (9) καιρου αυτου (10) οτι εαν ειπης τω οφθαλμω ακουσαι ου δυναται ουτως | E83: (9) καιρου αυτου (10) ου δυναται ουν οτι εαν ειπης τω οφθαλμω ακουσασαι ουτως | H83: Yes | J83: Substitution - Form | U83: =IF(ISNUMBER(T83),VALUE(MID(_xlfn.FORMULATEXT(T83),SEARCH("-",_xlfn.FORMULATEXT(T83))+1,LEN(_xlfn.FORMULATEXT(T83))-SEARCH("-",_xlfn.FORMULATEXT(T83)))), "") | V83: =IF(ISNUMBER(T83), VALUE(MID(_xlfn.FORMULATEXT(T83), 2, SEARCH("-", _xlfn.FORMULATEXT(T83)) - 2)), "") | AE83: Generated - contextual | AG83: No | AJ83: {=_xlfn.IFS(AG83="Yes",1,AG83="No",0,AG83="","")} -> 0
A84: TNaph.2.10 | D84: ουδε εν σκοτει δυνησεσθε ποιησαι εργα φωτος | E84: ουδε εν σκοτεις ποιειν εργα φωτος | J84: Substitution - Form | U84: =IF(ISNUMBER(T84),VALUE(MID(_xlfn.FORMULATEXT(T84),SEARCH("-",_xlfn.FORMULATEXT(T84))+1,LEN(_xlfn.FORMULATEXT(T84))-SEARCH("-",_xlfn.FORMULATEXT(T84)))), "") | V84: =IF(ISNUMBER(T84), VALUE(MID(_xlfn.FORMULATEXT(T84), 2, SEARCH("-", _xlfn.FORMULATEXT(T84)) - 2)), "") | AE84: Generated - contextual | AG84: No | AJ84: {=_xlfn.IFS(AG84="Yes",1,AG84="No",0,AG84="","")} -> 0
A85: TNaph.2.10 | D85: ουδε εν σκοτει δυνησεσθε ποιησαι εργα φωτος | E85: ουδε εν σκοτεις ποιειν εργα φωτος | J85: Omission | L85: 1 | M85: 9 | N85: Verb | O85: Absent | S85: 18 | U85: =IF(ISNUMBER(T85),VALUE(MID(_xlfn.FORMULATEXT(T85),SEARCH("-",_xlfn.FORMULATEXT(T85))+1,LEN(_xlfn.FORMULATEXT(T85))-SEARCH("-",_xlfn.FORMULATEXT(T85)))), "") | V85: =IF(ISNUMBER(T85), VALUE(MID(_xlfn.FORMULATEXT(T85), 2, SEARCH("-", _xlfn.FORMULATEXT(T85)) - 2)), "") | AG85: Yes | AJ85: {=_xlfn.IFS(AG85="Yes",1,AG85="No",0,AG85="","")} -> 1
A86: TNaph.2.10 | D86: ουδε εν σκοτει δυνησεσθε ποιησαι εργα φωτος | E86: ουδε εν σκοτεις ποιειν εργα φωτος | J86: Substitution - Form | U86: =IF(ISNUMBER(T86),VALUE(MID(_xlfn.FORMULATEXT(T86),SEARCH("-",_xlfn.FORMULATEXT(T86))+1,LEN(_xlfn.FORMULATEXT(T86))-SEARCH("-",_xlfn.FORMULATEXT(T86)))), "") | V86: =IF(ISNUMBER(T86), VALUE(MID(_xlfn.FORMULATEXT(T86), 2, SEARCH("-", _xlfn.FORMULATEXT(T86)) - 2)), "") | AG86: Yes | AJ86: {=_xlfn.IFS(AG86="Yes",1,AG86="No",0,AG86="","")} -> 1
A87: TNaph.3.1 | D87: δυνησεται | E87: δυνησετε | G87: Yes | J87: Substitution - Form | U87: =IF(ISNUMBER(T87),VALUE(MID(_xlfn.FORMULATEXT(T87),SEARCH("-",_xlfn.FORMULATEXT(T87))+1,LEN(_xlfn.FORMULATEXT(T87))-SEARCH("-",_xlfn.FORMULATEXT(T87)))), "") | V87: =IF(ISNUMBER(T87), VALUE(MID(_xlfn.FORMULATEXT(T87), 2, SEARCH("-", _xlfn.FORMULATEXT(T87)) - 2)), "") | AG87: Yes | AJ87: {=_xlfn.IFS(AG87="Yes",1,AG87="No",0,AG87="","")} -> 1
A88: TNaph.3.2 | D88: αλλοιωσετε | E88: αλλοιωσητε | J88: Substitution - Form | U88: =IF(ISNUMBER(T88),VALUE(MID(_xlfn.FORMULATEXT(T88),SEARCH("-",_xlfn.FORMULATEXT(T88))+1,LEN(_xlfn.FORMULATEXT(T88))-SEARCH("-",_xlfn.FORMULATEXT(T88)))), "") | V88: =IF(ISNUMBER(T88), VALUE(MID(_xlfn.FORMULATEXT(T88), 2, SEARCH("-", _xlfn.FORMULATEXT(T88)) - 2)), "") | AC88: ε-η | AD88: Yes | AG88: Yes | AJ88: {=_xlfn.IFS(AG88="Yes",1,AG88="No",0,AG88="","")} -> 1
A89: TNaph.3.3 | D89: αφεντα τον κν ηλλοιωσαν | E89: αφεντα κυριον κλλοιωσαν | J89: Omission | L89: 1 | M89: 3 | N89: Article | O89: Absent | S89: 2475 | U89: =IF(ISNUMBER(T89),VALUE(MID(_xlfn.FORMULATEXT(T89),SEARCH("-",_xlfn.FORMULATEXT(T89))+1,LEN(_xlfn.FORMULATEXT(T89))-SEARCH("-",_xlfn.FORMULATEXT(T89)))), "") | V89: =IF(ISNUMBER(T89), VALUE(MID(_xlfn.FORMULATEXT(T89), 2, SEARCH("-", _xlfn.FORMULATEXT(T89)) - 2)), "") | AG89: Yes | AJ89: {=_xlfn.IFS(AG89="Yes",1,AG89="No",0,AG89="","")} -> 1
A90: TNaph.3.3 | D90: αφεντα τον κν ηλλοιωσαν | E90: αφεντα κυριον κλλοιωσαν | F90: Apograph unclear (but clear enough) | H90: Yes | J90: Substitution - Word | T90: NA | U90: =IF(ISNUMBER(T90),VALUE(MID(_xlfn.FORMULATEXT(T90),SEARCH("-",_xlfn.FORMULATEXT(T90))+1,LEN(_xlfn.FORMULATEXT(T90))-SEARCH("-",_xlfn.FORMULATEXT(T90)))), "") | V90: =IF(ISNUMBER(T90), VALUE(MID(_xlfn.FORMULATEXT(T90), 2, SEARCH("-", _xlfn.FORMULATEXT(T90)) - 2)), "") | AE90: Generated - strict | AG90: No | AJ90: {=_xlfn.IFS(AG90="Yes",1,AG90="No",0,AG90="","")} -> 0
A91: TNaph.3.3 | D91: επηκολουθησαν | E91: επεικολουθησαν | H91: Yes | J91: Substitution - Word | U91: =IF(ISNUMBER(T91),VALUE(MID(_xlfn.FORMULATEXT(T91),SEARCH("-",_xlfn.FORMULATEXT(T91))+1,LEN(_xlfn.FORMULATEXT(T91))-SEARCH("-",_xlfn.FORMULATEXT(T91)))), "") | V91: =IF(ISNUMBER(T91), VALUE(MID(_xlfn.FORMULATEXT(T91), 2, SEARCH("-", _xlfn.FORMULATEXT(T91)) - 2)), "") | AE91: Generated - strict | AG91: No | AJ91: {=_xlfn.IFS(AG91="Yes",1,AG91="No",0,AG91="","")} -> 0
A92: TNaph.3.4 | D92: υμεις δε μη ουτως | E92: υμεις μη ουτως | J92: Omission | L92: 1 | M92: 2 | N92: Conjunction | O92: NA | S92: 171 | U92: =IF(ISNUMBER(T92),VALUE(MID(_xlfn.FORMULATEXT(T92),SEARCH("-",_xlfn.FORMULATEXT(T92))+1,LEN(_xlfn.FORMULATEXT(T92))-SEARCH("-",_xlfn.FORMULATEXT(T92)))), "") | V92: =IF(ISNUMBER(T92), VALUE(MID(_xlfn.FORMULATEXT(T92), 2, SEARCH("-", _xlfn.FORMULATEXT(T92)) - 2)), "") | AG92: Yes | AJ92: {=_xlfn.IFS(AG92="Yes",1,AG92="No",0,AG92="","")} -> 1
A93: TNaph.3.4 | D93: και εν θαλασση | E93: και θαλασση | J93: Omission | L93: 1 | M93: 2 | N93: Preposition | O93: NA | S93: 613 | U93: =IF(ISNUMBER(T93),VALUE(MID(_xlfn.FORMULATEXT(T93),SEARCH("-",_xlfn.FORMULATEXT(T93))+1,LEN(_xlfn.FORMULATEXT(T93))-SEARCH("-",_xlfn.FORMULATEXT(T93)))), "") | V93: =IF(ISNUMBER(T93), VALUE(MID(_xlfn.FORMULATEXT(T93), 2, SEARCH("-", _xlfn.FORMULATEXT(T93)) - 2)), "") | AG93: Yes | AJ93: {=_xlfn.IFS(AG93="Yes",1,AG93="No",0,AG93="","")} -> 1
A94: TNaph.3.4 | D94: ποιησαντα ταυτα παντα | E94: ποιησαντα τα παντα | J94: Substitution - Word | T94: =2475-150 -> 2325 | U94: =IF(ISNUMBER(T94),VALUE(MID(_xlfn.FORMULATEXT(T94),SEARCH("-",_xlfn.FORMULATEXT(T94))+1,LEN(_xlfn.FORMULATEXT(T94))-SEARCH("-",_xlfn.FORMULATEXT(T94)))), "") -> 150 | V94: =IF(ISNUMBER(T94), VALUE(MID(_xlfn.FORMULATEXT(T94), 2, SEARCH("-", _xlfn.FORMULATEXT(T94)) - 2)), "") -> 2475 | AG94: Yes | AJ94: {=_xlfn.IFS(AG94="Yes",1,AG94="No",0,AG94="","")} -> 1
A95: TNaph.3.5 | D95: εγγρηγορες | E95: ερρηγορες | H95: Yes, partially | I95: Queens corrects to εγρηγορες | J95: Substitution - Word | T95: ΝΑ | U95: =IF(ISNUMBER(T95),VALUE(MID(_xlfn.FORMULATEXT(T95),SEARCH("-",_xlfn.FORMULATEXT(T95))+1,LEN(_xlfn.FORMULATEXT(T95))-SEARCH("-",_xlfn.FORMULATEXT(T95)))), "") | V95: =IF(ISNUMBER(T95), VALUE(MID(_xlfn.FORMULATEXT(T95), 2, SEARCH("-", _xlfn.FORMULATEXT(T95)) - 2)), "") | AE95: Generated - strict | AG95: No | AJ95: {=_xlfn.IFS(AG95="Yes",1,AG95="No",0,AG95="","")} -> 0
A96: TNaph.3.5 | D96: ους και κατηρασατο | E96: ους κατηρασατο | J96: Omission | L96: 1 | M96: 3 | N96: Conjunction | O96: Absent | S96: 1701 | U96: =IF(ISNUMBER(T96),VALUE(MID(_xlfn.FORMULATEXT(T96),SEARCH("-",_xlfn.FORMULATEXT(T96))+1,LEN(_xlfn.FORMULATEXT(T96))-SEARCH("-",_xlfn.FORMULATEXT(T96)))), "") | V96: =IF(ISNUMBER(T96), VALUE(MID(_xlfn.FORMULATEXT(T96), 2, SEARCH("-", _xlfn.FORMULATEXT(T96)) - 2)), "") | AG96: Yes | AJ96: {=_xlfn.IFS(AG96="Yes",1,AG96="No",0,AG96="","")} -> 1
A97: TNaph.4.1 | D97: οτι ανεγνων | E97: οτι εγνων | J97: Substitution - Word | T97: =31-5 -> 26 | U97: =IF(ISNUMBER(T97),VALUE(MID(_xlfn.FORMULATEXT(T97),SEARCH("-",_xlfn.FORMULATEXT(T97))+1,LEN(_xlfn.FORMULATEXT(T97))-SEARCH("-",_xlfn.FORMULATEXT(T97)))), "") -> 5 | V97: =IF(ISNUMBER(T97), VALUE(MID(_xlfn.FORMULATEXT(T97), 2, SEARCH("-", _xlfn.FORMULATEXT(T97)) - 2)), "") -> 31 | AG97: Yes | AJ97: {=_xlfn.IFS(AG97="Yes",1,AG97="No",0,AG97="","")} -> 1
A98: TNaph.4.1 | D98: καιγε και υμεις | E98: καιγε υμεις | J98: Omission | L98: 1 | M98: 3 | N98: Conjunction | O98: Absent | S98: 1701 | U98: =IF(ISNUMBER(T98),VALUE(MID(_xlfn.FORMULATEXT(T98),SEARCH("-",_xlfn.FORMULATEXT(T98))+1,LEN(_xlfn.FORMULATEXT(T98))-SEARCH("-",_xlfn.FORMULATEXT(T98)))), "") | V98: =IF(ISNUMBER(T98), VALUE(MID(_xlfn.FORMULATEXT(T98), 2, SEARCH("-", _xlfn.FORMULATEXT(T98)) - 2)), "") | AG98: Yes | AJ98: {=_xlfn.IFS(AG98="Yes",1,AG98="No",0,AG98="","")} -> 1
A99: TNaph.4.2 | D99: εως αν αναλωση | E99: εως αναλωση | J99: Omission | L99: 1 | M99: 2 | N99: Particle | O99: NA | S99: 10 | U99: =IF(ISNUMBER(T99),VALUE(MID(_xlfn.FORMULATEXT(T99),SEARCH("-",_xlfn.FORMULATEXT(T99))+1,LEN(_xlfn.FORMULATEXT(T99))-SEARCH("-",_xlfn.FORMULATEXT(T99)))), "") | V99: =IF(ISNUMBER(T99), VALUE(MID(_xlfn.FORMULATEXT(T99), 2, SEARCH("-", _xlfn.FORMULATEXT(T99)) - 2)), "") | AG99: Yes | AJ99: {=_xlfn.IFS(AG99="Yes",1,AG99="No",0,AG99="","")} -> 1
A100: TNaph.4.4 | D100: εν γη πρων αυτων | E100: εν γη πατρωση αυτων | H100: Yes, to another error | I100: Queens corrects πατρωση -> πατρωη; this error looks familiar, was it made in other copies? | J100: Substitution - Word | T100: ΝΑ | U100: =IF(ISNUMBER(T100),VALUE(MID(_xlfn.FORMULATEXT(T100),SEARCH("-",_xlfn.FORMULATEXT(T100))+1,LEN(_xlfn.FORMULATEXT(T100))-SEARCH("-",_xlfn.FORMULATEXT(T100)))), "") | V100: =IF(ISNUMBER(T100), VALUE(MID(_xlfn.FORMULATEXT(T100), 2, SEARCH("-", _xlfn.FORMULATEXT(T100)) - 2)), "") | AE100: Generated - strict | AG100: No | AJ100: {=_xlfn.IFS(AG100="Yes",1,AG100="No",0,AG100="","")} -> 0
...

Sheet Gen-filters
A1: Verse Ref | B1: Autograph | C1: Apograph | D1: Exclusion Grounds | E1: Corrector Followed | F1: Apograph Corrected | G1: Basic Type | H1: Phrase Length | I1: Words Length | J1: Letters Length | K1: Speech Part Add/Omitted | L1: Visual Cues | M1: Cue Regions | N1: Cue Length | O1: Duplicate Material | P1: AO Word Frequency | Q1: SUB Frequency Difference | R1: SUB_Aut_Freq | S1: SUB_Apog_Freq | T1: Harmonization - Context | U1: Parallel Present | V1: Harmonization - Parallel | W1: Singularity | X1: Secondary | Y1: Minutiae | Z1: Orthographic - General | AA1: Mere Minutiae | AB1: Nonsense | AC1: Review | AD1: Oo.VI.9.8 | AE1: Barocci | AF1: Smith
A2: TLev.3.3 | B2: εκδικησιν εν τοις πνασι | C2: εκδικησιν τοις πνευμασι | G2: Omission | I2: 1 | J2: 2 | K2: Preposition | L2: NA | P2: 613 | AD2: Yes | AE2: Yes | AG2: 1
A3: TLev.3.3 | B3: οι δε εις τον τεταρτον | C3: οι δε εις τεταρτον | G3: Omission | I3: 1 | J3: 3 | K3: Article | L3: Present | M3: BD:CD | N3: 3:3 | P3: 2475 | AD3: Yes | AE3: No | AG3: 1
A4: TLev.3.4 | B4: εν τω ανωτερω | C4: εν ανωτερω | G4: Omission | I4: 1 | J4: 2 | K4: Article | L4: NA | P4: 2475 | AD4: Yes | AE4: No | AG4: 1
A5: TLev.3.8 | B5: εν ω υμνοι αει τω θεω | C5: εν ω αει υμνοι τω θεω | G5: Transposition | AD5: Yes | AE5: Yes | AG5: 1
A6: TLev.3.9 | B6: επιβλεψη κς | C6: επιβλεψη ο κυριος | G6: Addition | I6: 1 | J6: 1 | K6: Article | L6: NA | P6: 2475 | AD6: Yes | AE6: No | AG6: 1
A7: TLev.4.1 | B7: οτι των πετρων | C7: οτε των πετρων | G7: Substitution - Word | Q7: -249 | R7: 280 | S7: 31 | AD7: Yes | AE7: No | AG7: 1
A8: TLev.18.12 | B8: τεκνοις αυτου του πατειν | C8: τεκνοις αυτου πατειν | G8: Omission | I8: 1 | J8: 3 | K8: Article | L8: Present | M8: AB:AC | N8: 3:3 | P8: 2475 | AD8: Yes | AE8: No | AG8: 1
A9: TLev.18.13 | B9: τοις τεκνοις | C9: τοις αγαπητοις τεκνοις | F9: Yes | G9: Addition | I9: 1 | J9: 9 | K9: Adjective | L9: Present | M9: AB:AC:BD:CD | N9: 4:4:4:4 | P9: 4 | AD9: No | AE9: No | AG9: 0
A10: TLev.18.14 | B10: χαρισομαι | C10: χαρησομαι | G10: Substitution - Word | Q10: 7 | R10: 1 | S10: 8 | AD10: No | AE10: No | AG10: 0
A11: TLev.19.1 | B11: η νομον κυ | C11: η τον νομον του κυριου | G11: Addition | I11: 1 | J11: 3 | K11: Article | L11: Absent | P11: 2475 | AD11: Yes | AE11: Yes | AG11: 1
A12: TLev.19.1 | B12: η νομον κυ | C12: η τον νομον του κυριου | G12: Addition | I12: 1 | J12: 3 | K12: Article | L12: Absent | P12: 2475 | AD12: Yes | AE12: No | AG12: 1
A13: TLev.19.1 | B13: εργα βελιαρ | C13: εργα του βελιαρ | G13: Addition | I13: 1 | J13: 3 | K13: Article | L13: Absent | P13: 2475 | AD13: Yes | AE13: Yes | AG13: 1
A14: TLev.19.3 | B14: ειπωμεν | C14: ειπαμεν | G14: Substitution - Form | AD14: Yes | AE14: No | AG14: 1
A15: TJud.21.6 | B15: ως θαλασσα | C15: ως η θαλασσα | G15: Addition | I15: 1 | J15: 1 | K15: Article | L15: NA | P15: 2475 | AD15: Yes | AE15: Yes | AG15: 1
A16: TJud.21.6 | B16: ουτως και | C16: ουτω και | G16: Substitution - Form | AD16: No | AE16: Yes | AG16: 0
A17: TJud.21.6 | B17: κινδυνευουσιν | C17: κινδυνευσουσιν | G17: Substitution - Form | AD17: Yes | AE17: Yes | AG17: 1
A18: TJud.21.6 | B18: πλουτισουσιν | C18: πλουτουσιν | G18: Substitution - Form | AD18: Yes | AE18: Yes | AG18: 1
A19: TJud.21.7 | B19: οτι οι βασιλευοντες | C19: οτι βασιλευοντες | G19: Omission | I19: 1 | J19: 2 | K19: Article | L19: NA | P19: 2475 | AD19: Yes | AE19: Yes | AG19: 1
A20: TJud.21.7 | B20: αγρους ποιμνια | C20: αγρους και ποιμνια | G20: Addition | I20: 1 | J20: 3 | K20: Conjunction | L20: Absent | P20: 1701 | AD20: Yes | AE20: No | AG20: 1
A21: TJud.21.7 | B21: (7) αρπασουσι (8) και πολλων σαρκας αδικως κορακας και ιβεις χορτασουσι και προκοψουσιν | C21: (7) αρπαζουσι (8) και προκοψουσιν | F21: Yes | G21: Substitution - Form | AD21: Yes | AE21: No | AG21: 1
A22: TJud.21.8 | B22: (7) αρπασουσι (8) και πολλων σαρκας αδικως κορακας και ιβεις χορτασουσι και προκοψουσιν | C22: (7) αρπαζουσι (8) και προκοψουσιν | F22: Yes | G22: Omission | I22: 8 | J22: 46 | L22: Present | M22: AC:BD | N22: 10:3 | P22: 1 | AD22: No | AE22: No | AG22: 0
A23: TJud.22.2 | B23: σριον ιηλ | C23: σωτηριον τω ισραηλ | G23: Addition | I23: 1 | J23: 2 | K23: Article | L23: NA | P23: 2475 | AD23: Yes | AE23: No | AG23: 1
A24: TJud.22.2 | B24: παντα τα εθνη | C24: παντα εθνη | G24: Omission | I24: 1 | J24: 2 | K24: Article | L24: NA | O24: Dittography | P24: 2475 | AD24: Yes | AE24: No | AG24: 1
A25: TJud.22.3 | B25: εως του αιωνος | C25: εως αιωνος | G25: Omission | I25: 1 | J25: 3 | K25: Article | L25: Absent | P25: 2475 | AD25: Yes | AE25: Yes | AG25: 1
A26: TJud.22.3 | B26: βασιλειον μου και του σπερματος | C26: βασιλειον μου εκ του σπερματος | G26: Substitution - Word | Q26: -1622 | R26: 1701 | S26: 79 | AD26: Yes | AE26: Yes | AG26: 1
A27: TJud.22.3 | B27: εως του αιωνος | C27: εως αιωνος | G27: Omission | I27: 1 | J27: 3 | K27: Article | L27: Absent | P27: 2475 | AD27: Yes | AE27: Yes | AG27: 1
A28: TDan.6.7 | B28: το δε ονομα | C28: το ονομα | G28: Omission | I28: 1 | J28: 2 | K28: Conjunction | L28: NA | P28: 171 | AD28: Yes | AE28: No | AG28: 1
A29: TDan.6.10 | B29: νομου κυ (11) και θαψατε | C29: νομου του θεου (11) και θαψατε | G29: Addition | I29: 1 | J29: 3 | K29: Article | L29: Absent | P29: 2475 | AD29: Yes | AE29: No | AG29: 1
A30: TDan.6.10 | B30: νομου κυ (11) και θαψατε | C30: νομου του θεου (11) και θαψατε | G30: Substitution - Word | Q30: -118 | R30: 250 | S30: 132 | AD30: Yes | AE30: Yes | AG30: 1
A31: TNaph.1.1 | B31: εν ετει εκατοστω τριακοστω δευτερω της ζωης αυτου | C31: εν ετει ρλ ζωης αυτου | G31: Omission | I31: 1 | J31: 7 | K31: Adjective | L31: Absent | P31: 13 | AD31: Yes | AE31: Yes | AG31: 1
A32: TNaph.1.1 | B32: εν ετει εκατοστω τριακοστω δευτερω της ζωης αυτου | C32: εν ετει ρλ ζωης αυτου | G32: Omission | I32: 1 | J32: 3 | K32: Article | L32: Absent | P32: 2475 | AD32: Yes | AE32: Yes | AG32: 1
A33: TNaph.1.2 | B33: δειπνον αυτος | C33: δειπνον αυτοις | G33: Substitution - Form | AD33: Yes | AE33: Yes | AG33: 1
A34: TNaph.1.3 | B34: μετα το εξυπνισθηναι | C34: μετα του εξυπνισθηναι | G34: Substitution - Form | AD34: Yes | AE34: No | AG34: 1
A35: TNaph.1.6 | B35: εποιησε ραχηλ | C35: εποιησεν η ραχηλ | G35: Addition | I35: 1 | J35: 1 | K35: Article | L35: NA | P35: 2475 | AD35: Yes | AE35: Yes | AG35: 1
A36: TNaph.1.6 | B36: ανθ εαυτης | C36: αντ αυτης | G36: Substitution - Word | Q36: 813 | R36: 17 | S36: 830 | AD36: Yes | AE36: Yes | AG36: 1
A37: TNaph.1.6 | B37: ιακωβ και επι των μηρων ραχηλ ετεκε με δια τουτο εκληθην νεφθαλειμ (7) και ηγαπησε με ραχηλ οτι επι των μηρων αυτης εγεννηθην | C37: ιακωβ και επι των μηρων (7) αυτης εγενηθην | F37: Yes | G37: Omission | I37: 15 | J37: 67 | L37: Present | M37: AC | N37: 12 | P37: 2 | AD37: No | AE37: No | AG37: 0
A38: TNaph.1.7 | B38: κατεφιλει | C38: καταφιλει | F38: Yes | G38: Substitution - Form | AD38: No | AE38: No | AG38: 0
A39: TNaph.1.8 | B39: πασιν ο ιωσηφ | C39: πασιν ιωσηφ | G39: Omission | I39: 1 | J39: 1 | K39: Article | L39: NA | P39: 2475 | AD39: Yes | AE39: Yes | AG39: 1
A40: TNaph.1.9 | B40: και η ραχηλ | C40: και ραχηλ | G40: Omission | I40: 1 | J40: 1 | K40: Article | L40: NA | P40: 2475 | AD40: Yes | AE40: No | AG40: 1
A41: TNaph.1.10 | B41: γενους ην αβρααμ | C41: γενους αβρααμ | G41: Omission | I41: 1 | J41: 2 | K41: Verb | L41: NA | P41: 295 | AD41: Yes | AE41: Yes | AG41: 1
A42: TNaph.1.11 | B42: παιδισκην αυτου εις γυναικα | C42: παιδισκην αυτου γυναικα | G42: Omission | I42: 1 | J42: 3 | K42: Preposition | L42: Absent | P42: 210 | AD42: Yes | AE42: No | AG42: 1
A43: TNaph.1.12 | B43: (11) ηχμαλωτευθη (12) εξ ης ετεκε | C43: (11) ηχμαλωτευθη (12) και εξης ετεκε | G43: Addition | I43: 1 | J43: 3 | K43: Conjunction | L43: Absent | P43: 1701 | AD43: Yes | AE43: Yes | AG43: 1
A44: TNaph.2.1 | B44: τοις ποσι μου ως ελαφος | C44: τοις ποσιν ως ελαφος | G44: Omission | I44: 1 | J44: 3 | K44: Pronoun | L44: Absent | P44: 743 | AD44: Yes | AE44: Yes | AG44: 1
A45: TNaph.2.4 | B45: ουτω και | C45: ουτως και | G45: Substitution - Form | T45: Disharmonizing | AD45: Yes | AE45: No | AG45: 1
A46: TNaph.2.8 | B46: αισθησεις εν τη κεφαλη και τον τραχηλον συναπτει τη κεφαλη και τριχας | C46: αισθησεις τη κεφαλη και τριχας | G46: Omission | I46: 7 | J46: 32 | L46: Present | M46: AC:BD | N46: 3:12 | AD46: No | AE46: No | AG46: 0
A47: TNaph.2.8 | B47: νεφρους | C47: νεφους | F47: Yes | G47: Substitution - Word | Q47: -1 | R47: 1 | S47: 0 | AD47: Yes | AE47: No | AG47: 1
A48: TNaph.2.10 | B48: (9) καιρου αυτου (10) οτι εαν ειπης τω οφθαλμω ακουσαι ου δυναται ουτως | C48: (9) καιρου αυτου (10) ου δυναται ουν οτι εαν ειπης τω οφθαλμω ακουσασαι ουτως | G48: Transposition | AD48: Yes | AE48: Yes | AG48: 1
A49: TNaph.2.10 | B49: (9) καιρου αυτου (10) οτι εαν ειπης τω οφθαλμω ακουσαι ου δυναται ουτως | C49: (9) καιρου αυτου (10) ου δυναται ουν οτι εαν ειπης τω οφθαλμω ακουσασαι ουτως | G49: Addition | I49: 1 | J49: 3 | K49: Conjunction | L49: Absent | P49: 86 | AD49: Yes | AE49: Yes | AG49: 1
A50: TNaph.2.10 | B50: ουδε εν σκοτει δυνησεσθε ποιησαι εργα φωτος | C50: ουδε εν σκοτεις ποιειν εργα φωτος | G50: Omission | I50: 1 | J50: 9 | K50: Verb | L50: Absent | P50: 18 | AD50: Yes | AE50: No | AG50: 1
A51: TNaph.2.10 | B51: ουδε εν σκοτει δυνησεσθε ποιησαι εργα φωτος | C51: ουδε εν σκοτεις ποιειν εργα φωτος | G51: Substitution - Form | AD51: Yes | AE51: Yes | AG51: 1
A52: TNaph.3.3 | B52: αφεντα τον κν ηλλοιωσαν | C52: αφεντα κυριον κλλοιωσαν | G52: Omission | I52: 1 | J52: 3 | K52: Article | L52: Absent | P52: 2475 | AD52: Yes | AE52: Yes | AG52: 1
A53: TNaph.3.4 | B53: υμεις δε μη ουτως | C53: υμεις μη ουτως | G53: Omission | I53: 1 | J53: 2 | K53: Conjunction | L53: NA | P53: 171 | AD53: Yes | AE53: No | AG53: 1
A54: TNaph.3.4 | B54: και εν θαλασση | C54: και θαλασση | G54: Omission | I54: 1 | J54: 2 | K54: Preposition | L54: NA | P54: 613 | AD54: Yes | AE54: Yes | AG54: 1
A55: TNaph.3.4 | B55: ποιησαντα ταυτα παντα | C55: ποιησαντα τα παντα | G55: Substitution - Word | Q55: 2325 | R55: 150 | S55: 2475 | AD55: Yes | AE55: Yes | AG55: 1
A56: TNaph.3.5 | B56: ους και κατηρασατο | C56: ους κατηρασατο | G56: Omission | I56: 1 | J56: 3 | K56: Conjunction | L56: Absent | P56: 1701 | AD56: Yes | AE56: Yes | AG56: 1
A57: TNaph.4.1 | B57: οτι ανεγνων | C57: οτι εγνων | G57: Substitution - Word | Q57: 26 | R57: 5 | S57: 31 | AD57: Yes | AE57: Yes | AG57: 1
A58: TNaph.4.1 | B58: καιγε και υμεις | C58: καιγε υμεις | G58: Omission | I58: 1 | J58: 3 | K58: Conjunction | L58: Absent | P58: 1701 | AD58: Yes | AE58: Yes | AG58: 1
A59: TNaph.4.2 | B59: εως αν αναλωση | C59: εως αναλωση | G59: Omission | I59: 1 | J59: 2 | K59: Particle | L59: NA | P59: 10 | AD59: Yes | AE59: No | AG59: 1
A60: TNaph.4.4 | B60: επιλαθωνται κυ και | C60: επιλαθωνται κυριον και | G60: Substitution - Form | AD60: Yes | AE60: No | AG60: 1
A61: TNaph.5.3 | B61: και ο λευι | C61: και λευι | G61: Omission | I61: 1 | J61: 1 | K61: Article | L61: NA | P61: 2475 | AD61: Yes | AE61: Yes | AG61: 1
A62: TNaph.5.3 | B62: και ο ιουδας | C62: και ιουδας | G62: Omission | I62: 1 | J62: 1 | K62: Article | L62: NA | P62: 2475 | AD62: Yes | AE62: Yes | AG62: 1
A63: TNaph.5.4 | B63: του λευι ως ηλιου | C63: του λευι εκρατησε τον ηλιον ως ηλιου | F63: Yes | G63: Addition | I63: 3 | J63: 16 | L63: Absent | O63: Repetition | P63: 9 | AD63: No | AE63: No | AG63: 0
A64: TNaph.5.4 | B64: ποδας αυτου ησαν | C64: ποδας αυτων ησαν | G64: Substitution - Form | AD64: Yes | AE64: Yes | AG64: 1
A65: TNaph.5.5 | B65: και ιουδας | C65: και ο ιουδας | G65: Addition | I65: 1 | J65: 1 | K65: Article | L65: NA | P65: 2475 | AD65: Yes | AE65: Yes | AG65: 1
A66: TNaph.5.6 | B66: πτερυγες | C66: πτερυγας | G66: Substitution - Form | AD66: Yes | AG66: 1
A67: TNaph.5.6 | B67: θελοντες πιασαι αυτον ουκ ηδυνηθημεν | C67: θελοντες αυτον πιασαι ουκ ηδυνηθημεν | G67: Transposition | AD67: Yes | AE67: No | AG67: 1
A68: TNaph.5.7 | B68: φθασας γαρ ιωσηφ | C68: φθασας δε ιωσηφ | G68: Substitution - Word | Q68: -15 | R68: 186 | S68: 171 | AD68: Yes | AE68: Yes | AG68: 1
A69: TNaph.5.7 | B69: συνανηλθεν αυτω εις υψος (8) και ειδον | C69: συνηλθεν αυτω εις υψος εις υψος (8) και ειδον | G69: Substitution - Word | Q69: 3 | R69: 1 | S69: 4 | AD69: Yes | AE69: Yes | AG69: 1
F73: =COUNTIF(F2:F69,"Yes") -> 7

Sheet AddOmits
A1: Verse Ref | B1: Autograph | C1: Apograph | D1: Exclusion Grounds | E1: Corrector Followed | F1: Apograph Corrected | G1: Basic Type | H1: Phrase Length | I1: Words Length | J1: Letters Length | K1: Speech Part Add/Omitted | L1: Visual Cues | M1: Cue Regions | N1: Cue Length | O1: Duplicate Material | P1: AO Word Frequency | Q1: Freq-per-10000 | R1: SUB Frequency Difference | S1: SUB_Aut_Freq | T1: SUB_Apog_Freq | U1: Harmonization - Context | V1: Parallel Present | W1: Harmonization - Parallel | X1: Singularity | Y1: Secondary | Z1: Minutiae | AA1: Orthographic - General | AB1: Mere Minutiae | AC1: Nonsense | AD1: Review | AE1: Oo.VI.9.8 | AF1: Barocci | AG1: Smith
A2: TLev.3.3 | B2: εκδικησιν εν τοις πνασι | C2: εκδικησιν τοις πνευμασι | G2: Omission | I2: 1 | J2: 2 | K2: Preposition | L2: NA | P2: 613 | Q2: =IF(ISNUMBER(P2), (P2/$F$95)*10000, "") -> 301.40623 | AE2: Yes | AF2: Yes | AH2: 1
A3: TLev.3.3 | B3: οι δε εις τον τεταρτον | C3: οι δε εις τεταρτον | G3: Omission | I3: 1 | J3: 3 | K3: Article | L3: Present | M3: BD:CD | N3: 3:3 | P3: 2475 | Q3: =IF(ISNUMBER(P3), (P3/$F$95)*10000, "") -> 1216.9338 | AE3: Yes | AF3: No | AH3: 1
A4: TLev.3.4 | B4: εν τω ανωτερω | C4: εν ανωτερω | G4: Omission | I4: 1 | J4: 2 | K4: Article | L4: NA | P4: 2475 | Q4: =IF(ISNUMBER(P4), (P4/$F$95)*10000, "") -> 1216.9338 | AE4: Yes | AF4: No | AH4: 1
A5: TLev.3.9 | B5: επιβλεψη κς | C5: επιβλεψη ο κυριος | G5: Addition | I5: 1 | J5: 1 | K5: Article | L5: NA | P5: 2475 | Q5: =IF(ISNUMBER(P5), (P5/$F$95)*10000, "") -> 1216.9338 | AE5: Yes | AF5: No | AH5: 1
A6: TLev.18.12 | B6: τεκνοις αυτου του πατειν | C6: τεκνοις αυτου πατειν | G6: Omission | I6: 1 | J6: 3 | K6: Article | L6: Present | M6: AB:AC | N6: 3:3 | P6: 2475 | Q6: =IF(ISNUMBER(P6), (P6/$F$95)*10000, "") -> 1216.9338 | AE6: Yes | AF6: No | AH6: 1
A7: TLev.18.13 | B7: τοις τεκνοις | C7: τοις αγαπητοις τεκνοις | F7: Yes | G7: Addition | I7: 1 | J7: 9 | K7: Adjective | L7: Present | M7: AB:AC:BD:CD | N7: 4:4:4:4 | P7: 4 | Q7: =IF(ISNUMBER(P7), (P7/$F$95)*10000, "") -> 1.9667617 | AE7: No | AF7: No | AH7: 0
A8: TLev.19.1 | B8: η νομον κυ | C8: η τον νομον του κυριου | G8: Addition | I8: 1 | J8: 3 | K8: Article | L8: Absent | P8: 2475 | Q8: =IF(ISNUMBER(P8), (P8/$F$95)*10000, "") -> 1216.9338 | AE8: Yes | AF8: Yes | AH8: 1
A9: TLev.19.1 | B9: η νομον κυ | C9: η τον νομον του κυριου | G9: Addition | I9: 1 | J9: 3 | K9: Article | L9: Absent | P9: 2475 | Q9: =IF(ISNUMBER(P9), (P9/$F$95)*10000, "") -> 1216.9338 | AE9: Yes | AF9: No | AH9: 1
A10: TLev.19.1 | B10: εργα βελιαρ | C10: εργα του βελιαρ | G10: Addition | I10: 1 | J10: 3 | K10: Article | L10: Absent | P10: 2475 | Q10: =IF(ISNUMBER(P10), (P10/$F$95)*10000, "") -> 1216.9338 | AE10: Yes | AF10: Yes | AH10: 1
A11: TJud.21.6 | B11: ως θαλασσα | C11: ως η θαλασσα | G11: Addition | I11: 1 | J11: 1 | K11: Article | L11: NA | P11: 2475 | Q11: =IF(ISNUMBER(P11), (P11/$F$95)*10000, "") -> 1216.9338 | AE11: Yes | AF11: Yes | AH11: 1
A12: TJud.21.7 | B12: οτι οι βασιλευοντες | C12: οτι βασιλευοντες | G12: Omission | I12: 1 | J12: 2 | K12: Article | L12: NA | P12: 2475 | Q12: =IF(ISNUMBER(P12), (P12/$F$95)*10000, "") -> 1216.9338 | AE12: Yes | AF12: Yes | AH12: 1
A13: TJud.21.7 | B13: αγρους ποιμνια | C13: αγρους και ποιμνια | G13: Addition | I13: 1 | J13: 3 | K13: Conjunction | L13: Absent | P13: 1701 | Q13: =IF(ISNUMBER(P13), (P13/$F$95)*10000, "") -> 836.36542 | AE13: Yes | AF13: No | AH13: 1
A14: TJud.21.8 | B14: (7) αρπασουσι (8) και πολλων σαρκας αδικως κορακας και ιβεις χορτασουσι και προκοψουσιν | C14: (7) αρπαζουσι (8) και προκοψουσιν | F14: Yes | G14: Omission | I14: 8 | J14: 46 | L14: Present | M14: AC:BD | N14: 10:3 | P14: 1 | Q14: =IF(ISNUMBER(P14), (P14/$F$95)*10000, "") -> 0.49169043 | AE14: No | AF14: No | AH14: 0
A15: TJud.22.2 | B15: σριον ιηλ | C15: σωτηριον τω ισραηλ | G15: Addition | I15: 1 | J15: 2 | K15: Article | L15: NA | P15: 2475 | Q15: =IF(ISNUMBER(P15), (P15/$F$95)*10000, "") -> 1216.9338 | AE15: Yes | AF15: No | AH15: 1
A16: TJud.22.2 | B16: παντα τα εθνη | C16: παντα εθνη | G16: Omission | I16: 1 | J16: 2 | K16: Article | L16: NA | O16: Dittography | P16: 2475 | Q16: =IF(ISNUMBER(P16), (P16/$F$95)*10000, "") -> 1216.9338 | AE16: Yes | AF16: No | AH16: 1
A17: TJud.22.3 | B17: εως του αιωνος | C17: εως αιωνος | G17: Omission | I17: 1 | J17: 3 | K17: Article | L17: Absent | P17: 2475 | Q17: =IF(ISNUMBER(P17), (P17/$F$95)*10000, "") -> 1216.9338 | AE17: Yes | AF17: Yes | AH17: 1
A18: TJud.22.3 | B18: εως του αιωνος | C18: εως αιωνος | G18: Omission | I18: 1 | J18: 3 | K18: Article | L18: Absent | P18: 2475 | Q18: =IF(ISNUMBER(P18), (P18/$F$95)*10000, "") -> 1216.9338 | AE18: Yes | AF18: Yes | AH18: 1
A19: TDan.6.7 | B19: το δε ονομα | C19: το ονομα | G19: Omission | I19: 1 | J19: 2 | K19: Conjunction | L19: NA | P19: 171 | Q19: =IF(ISNUMBER(P19), (P19/$F$95)*10000, "") -> 84.079064 | AE19: Yes | AF19: No | AH19: 1
A20: TDan.6.10 | B20: νομου κυ (11) και θαψατε | C20: νομου του θεου (11) και θαψατε | G20: Addition | I20: 1 | J20: 3 | K20: Article | L20: Absent | P20: 2475 | Q20: =IF(ISNUMBER(P20), (P20/$F$95)*10000, "") -> 1216.9338 | AE20: Yes | AF20: No | AH20: 1
A21: TNaph.1.1 | B21: εν ετει εκατοστω τριακοστω δευτερω της ζωης αυτου | C21: εν ετει ρλ ζωης αυτου | G21: Omission | I21: 1 | J21: 7 | K21: Adjective | L21: Absent | P21: 13 | Q21: =IF(ISNUMBER(P21), (P21/$F$95)*10000, "") -> 6.3919756 | AE21: Yes | AF21: Yes | AH21: 1
A22: TNaph.1.1 | B22: εν ετει εκατοστω τριακοστω δευτερω της ζωης αυτου | C22: εν ετει ρλ ζωης αυτου | G22: Omission | I22: 1 | J22: 3 | K22: Article | L22: Absent | P22: 2475 | Q22: =IF(ISNUMBER(P22), (P22/$F$95)*10000, "") -> 1216.9338 | AE22: Yes | AF22: Yes | AH22: 1
A23: TNaph.1.6 | B23: εποιησε ραχηλ | C23: εποιησεν η ραχηλ | G23: Addition | I23: 1 | J23: 1 | K23: Article | L23: NA | P23: 2475 | Q23: =IF(ISNUMBER(P23), (P23/$F$95)*10000, "") -> 1216.9338 | AE23: Yes | AF23: Yes | AH23: 1
A24: TNaph.1.6 | B24: ιακωβ και επι των μηρων ραχηλ ετεκε με δια τουτο εκληθην νεφθαλειμ (7) και ηγαπησε με ραχηλ οτι επι των μηρων αυτης εγεννηθην | C24: ιακωβ και επι των μηρων (7) αυτης εγενηθην | F24: Yes | G24: Omission | I24: 15 | J24: 67 | L24: Present | M24: AC | N24: 12 | P24: 2 | Q24: =IF(ISNUMBER(P24), (P24/$F$95)*10000, "") -> 0.98338086 | AE24: No | AF24: No | AH24: 0
A25: TNaph.1.8 | B25: πασιν ο ιωσηφ | C25: πασιν ιωσηφ | G25: Omission | I25: 1 | J25: 1 | K25: Article | L25: NA | P25: 2475 | Q25: =IF(ISNUMBER(P25), (P25/$F$95)*10000, "") -> 1216.9338 | AE25: Yes | AF25: Yes | AH25: 1
A26: TNaph.1.9 | B26: και η ραχηλ | C26: και ραχηλ | G26: Omission | I26: 1 | J26: 1 | K26: Article | L26: NA | P26: 2475 | Q26: =IF(ISNUMBER(P26), (P26/$F$95)*10000, "") -> 1216.9338 | AE26: Yes | AF26: No | AH26: 1
A27: TNaph.1.10 | B27: γενους ην αβρααμ | C27: γενους αβρααμ | G27: Omission | I27: 1 | J27: 2 | K27: Verb | L27: NA | P27: 295 | Q27: =IF(ISNUMBER(P27), (P27/$F$95)*10000, "") -> 145.04868 | AE27: Yes | AF27: Yes | AH27: 1
A28: TNaph.1.11 | B28: παιδισκην αυτου εις γυναικα | C28: παιδισκην αυτου γυναικα | G28: Omission | I28: 1 | J28: 3 | K28: Preposition | L28: Absent | P28: 210 | Q28: =IF(ISNUMBER(P28), (P28/$F$95)*10000, "") -> 103.25499 | AE28: Yes | AF28: No | AH28: 1
A29: TNaph.1.12 | B29: (11) ηχμαλωτευθη (12) εξ ης ετεκε | C29: (11) ηχμαλωτευθη (12) και εξης ετεκε | G29: Addition | I29: 1 | J29: 3 | K29: Conjunction | L29: Absent | P29: 1701 | Q29: =IF(ISNUMBER(P29), (P29/$F$95)*10000, "") -> 836.36542 | AE29: Yes | AF29: Yes | AH29: 1
A30: TNaph.2.1 | B30: τοις ποσι μου ως ελαφος | C30: τοις ποσιν ως ελαφος | G30: Omission | I30: 1 | J30: 3 | K30: Pronoun | L30: Absent | P30: 743 | Q30: =IF(ISNUMBER(P30), (P30/$F$95)*10000, "") -> 365.32599 | AE30: Yes | AF30: Yes | AH30: 1
A31: TNaph.2.8 | B31: αισθησεις εν τη κεφαλη και τον τραχηλον συναπτει τη κεφαλη και τριχας | C31: αισθησεις τη κεφαλη και τριχας | G31: Omission | I31: 7 | J31: 32 | L31: Present | M31: AC:BD | N31: 3:12 | Q31: =IF(ISNUMBER(P31), (P31/$F$95)*10000, "") | AE31: No | AF31: No | AH31: 0
A32: TNaph.2.10 | B32: (9) καιρου αυτου (10) οτι εαν ειπης τω οφθαλμω ακουσαι ου δυναται ουτως | C32: (9) καιρου αυτου (10) ου δυναται ουν οτι εαν ειπης τω οφθαλμω ακουσασαι ουτως | G32: Addition | I32: 1 | J32: 3 | K32: Conjunction | L32: Absent | P32: 86 | Q32: =IF(ISNUMBER(P32), (P32/$F$95)*10000, "") -> 42.285377 | AE32: Yes | AF32: Yes | AH32: 1
A33: TNaph.2.10 | B33: ουδε εν σκοτει δυνησεσθε ποιησαι εργα φωτος | C33: ουδε εν σκοτεις ποιειν εργα φωτος | G33: Omission | I33: 1 | J33: 9 | K33: Verb | L33: Absent | P33: 18 | Q33: =IF(ISNUMBER(P33), (P33/$F$95)*10000, "") -> 8.8504278 | AE33: Yes | AF33: No | AH33: 1
A34: TNaph.3.3 | B34: αφεντα τον κν ηλλοιωσαν | C34: αφεντα κυριον κλλοιωσαν | G34: Omission | I34: 1 | J34: 3 | K34: Article | L34: Absent | P34: 2475 | Q34: =IF(ISNUMBER(P34), (P34/$F$95)*10000, "") -> 1216.9338 | AE34: Yes | AF34: Yes | AH34: 1
A35: TNaph.3.4 | B35: υμεις δε μη ουτως | C35: υμεις μη ουτως | G35: Omission | I35: 1 | J35: 2 | K35: Conjunction | L35: NA | P35: 171 | Q35: =IF(ISNUMBER(P35), (P35/$F$95)*10000, "") -> 84.079064 | AE35: Yes | AF35: No | AH35: 1
A36: TNaph.3.4 | B36: και εν θαλασση | C36: και θαλασση | G36: Omission | I36: 1 | J36: 2 | K36: Preposition | L36: NA | P36: 613 | Q36: =IF(ISNUMBER(P36), (P36/$F$95)*10000, "") -> 301.40623 | AE36: Yes | AF36: Yes | AH36: 1
A37: TNaph.3.5 | B37: ους και κατηρασατο | C37: ους κατηρασατο | G37: Omission | I37: 1 | J37: 3 | K37: Conjunction | L37: Absent | P37: 1701 | Q37: =IF(ISNUMBER(P37), (P37/$F$95)*10000, "") -> 836.36542 | AE37: Yes | AF37: Yes | AH37: 1
A38: TNaph.4.1 | B38: καιγε και υμεις | C38: καιγε υμεις | G38: Omission | I38: 1 | J38: 3 | K38: Conjunction | L38: Absent | P38: 1701 | Q38: =IF(ISNUMBER(P38), (P38/$F$95)*10000, "") -> 836.36542 | AE38: Yes | AF38: Yes | AH38: 1
A39: TNaph.4.2 | B39: εως αν αναλωση | C39: εως αναλωση | G39: Omission | I39: 1 | J39: 2 | K39: Particle | L39: NA | P39: 10 | Q39: =IF(ISNUMBER(P39), (P39/$F$95)*10000, "") -> 4.9169043 | AE39: Yes | AF39: No | AH39: 1
A40: TNaph.5.3 | B40: και ο λευι | C40: και λευι | G40: Omission | I40: 1 | J40: 1 | K40: Article | L40: NA | P40: 2475 | Q40: =IF(ISNUMBER(P40), (P40/$F$95)*10000, "") -> 1216.9338 | AE40: Yes | AF40: Yes | AH40: 1
A41: TNaph.5.3 | B41: και ο ιουδας | C41: και ιουδας | G41: Omission | I41: 1 | J41: 1 | K41: Article | L41: NA | P41: 2475 | Q41: =IF(ISNUMBER(P41), (P41/$F$95)*10000, "") -> 1216.9338 | AE41: Yes | AF41: Yes | AH41: 1
A42: TNaph.5.4 | B42: του λευι ως ηλιου | C42: του λευι εκρατησε τον ηλιον ως ηλιου | F42: Yes | G42: Addition | I42: 3 | J42: 16 | L42: Absent | O42: Repetition | P42: 9 | Q42: =IF(ISNUMBER(P42), (P42/$F$95)*10000, "") -> 4.4252139 | AE42: No | AF42: No | AH42: 0
A43: TNaph.5.5 | B43: και ιουδας | C43: και ο ιουδας | G43: Addition | I43: 1 | J43: 1 | K43: Article | L43: NA | P43: 2475 | Q43: =IF(ISNUMBER(P43), (P43/$F$95)*10000, "") -> 1216.9338 | AE43: Yes | AF43: Yes | AH43: 1
E46: adds: | F46: =COUNTIF(G:G,"Addition") -> 14
B47: LM | C47: HM | E47: omits: | F47: =COUNTIF(G:G,"Omission") -> 28
B48: Article | C48: Adjective | E48: Add rate: | F48: =F46/(F46+F47) -> 0.33333333
B49: Conjunction | C49: Adverb
B50: Pronoun | C50: Noun
B51: Preposition | C51: Participle | E51: LM-adds: | F51: =COUNTIFS(G:G,"Addition", K:K,"Article")+COUNTIFS(G:G,"Addition", K:K,"Conjunction")+COUNTIFS(G:G,"Addition", K:K,"Pronoun")+COUNTIFS(G:G,"Addition", K:K,"Preposition")+COUNTIFS(G:G,"Addition", K:K,"Particle")+COUNTIFS(G:G,"Addition", K:K,"Vocative") -> 12
B52: Particle | C52: Verb | E52: LM-omits: | F52: =COUNTIFS(G:G,"Omission", K:K,"Article")+COUNTIFS(G:G,"Omission", K:K,"Conjunction")+COUNTIFS(G:G,"Omission", K:K,"Pronoun")+COUNTIFS(G:G,"Omission", K:K,"Preposition")+COUNTIFS(G:G,"Omission", K:K,"Particle")+COUNTIFS(G:G,"Omission", K:K,"Vocative") -> 22
B53: Vocative | E53: LM-add rate: | F53: =F51/(F51+F52) -> 0.35294118
E56: HM-adds: | F56: =COUNTIFS(G:G,"Addition", K:K,"Adjective")+COUNTIFS(G:G,"Addition", K:K,"Adverb")+COUNTIFS(G:G,"Addition", K:K,"Noun")+COUNTIFS(G:G,"Addition", K:K,"Participle")+COUNTIFS(G:G,"Addition", K:K,"Verb") -> 1
E57: HM-omits: | F57: =COUNTIFS(G:G,"Omission", K:K,"Adjective")+COUNTIFS(G:G,"Omission", K:K,"Adverb")+COUNTIFS(G:G,"Omission", K:K,"Noun")+COUNTIFS(G:G,"Omission", K:K,"Participle")+COUNTIFS(G:G,"Omission", K:K,"Verb") -> 3
E58: HM-add rate: | F58: =F56/(F56+F57) -> 0.25
E59: Add ratio diff. | F59: =F58-F53 -> -0.10294118
D62: Cues
D63: Present | E63: Not | F63: % present
C64: Adds | D64: =COUNTIFS(G:G,"Addition", L:L, "Present") -> 1 | E64: =COUNTIFS(G:G,"Addition", L:L, "Absent") -> 8 | F64: =D64/(D64+E64) -> 0.11111111
C65: Omits | D65: =COUNTIFS(G:G,"Omission", L:L, "Present") -> 5 | E65: =COUNTIFS(G:G,"Omission", L:L, "Absent") -> 10 | F65: =D65/(D65+E65) -> 0.33333333
C66: Total | D66: =SUM(D64+D65) -> 6 | E66: =SUM(E64+E65) -> 18 | F66: =D66/(D66+E66) -> 0.25
D69: Adds | E69: Omits | F69: Add Ratio
C70: Cues Abs. | D70: =COUNTIFS(G:G,"Addition", L:L, "Absent") -> 8 | E70: =COUNTIFS(G:G,"Omission", L:L, "Absent") -> 10 | F70: =D70/(D70+E70) -> 0.44444444
C71: Cues Pres. | D71: =COUNTIFS(G:G,"Addition", L:L, "Present") -> 1 | E71: =COUNTIFS(G:G,"Omission", L:L, "Present") -> 5 | F71: =D71/(D71+E71) -> 0.16666667
E72: Diff.: | F72: =F71-F70 -> -0.27777778
D75: Adds | E75: Omits | F75: Add Ratio
C76: Non-ditt. | D76: =COUNTIFS(G:G,"Addition", O:O, "") -> 13 | E76: =COUNTIFS(G:G,"Omission", O:O, "") -> 27 | F76: =D76/(D76+E76) -> 0.325
C77: Ditt. | D77: =COUNTIFS(G:G,"Addition", O:O, "Dittography") -> 0 | E77: =COUNTIFS(G:G,"Omission", O:O, "Dittography") -> 1 | F77: =D77/(D77+E77) -> 0
E78: Diff.: | F78: =F77-F76 -> -0.325
C81: Length | D81: Adds | E81: Omits | F81: Add Ratio
C82: 1 | D82: =COUNTIFS(G:G,"Addition", I:I, 1) -> 13 | E82: =COUNTIFS(G:G,"Omission", I:I, 1) -> 25 | F82: =D82/(D82+E82) -> 0.34210526
C83: 2-3 | D83: =COUNTIFS(G:G,"Addition", I:I, ">=2", I:I, "<=3") -> 1 | E83: =COUNTIFS(G:G,"Omission", I:I, ">=2", I:I, "<=3") -> 0 | F83: =D83/(D83+E83) -> 1
C84: 4+ | D84: =COUNTIFS(G:G,"Addition", I:I, ">=4") -> 0 | E84: =COUNTIFS(G:G,"Omission", I:I, ">=4") -> 3 | F84: =D84/(D84+E84) -> 0
C87: Length | D87: Adds | E87: Omits | F87: AddRate
C88: 1 | D88: =COUNTIFS(G:G,"Addition", I:I, C88) -> 13 | E88: =COUNTIFS(G:G,"Omission", I:I, C88) -> 25 | F88: =D88/(D88+E88) -> 0.34210526
C89: 2 | D89: =COUNTIFS(G:G,"Addition", I:I, C89) -> 0 | E89: =COUNTIFS(G:G,"Omission", I:I, C89) -> 0 | F89: =D89/(D89+E89) -> #DIV/0!
C90: 3 | D90: =COUNTIFS(G:G,"Addition", I:I, C90) -> 1 | E90: =COUNTIFS(G:G,"Omission", I:I, C90) -> 0 | F90: =D90/(D90+E90) -> 1
C91: 4 | D91: =COUNTIFS(G:G,"Addition", I:I, C91) -> 0 | E91: =COUNTIFS(G:G,"Omission", I:I, C91) -> 0 | F91: =D91/(D91+E91) -> #DIV/0!
C92: >=5 | D92: =COUNTIFS(G:G,"Addition", I:I, C92) -> 0 | E92: =COUNTIFS(G:G,"Omission", I:I, C92) -> 3 | F92: =D92/(D92+E92) -> 0
E95: Words in corpus (Genesis - Deuteronomy) | F95: 20338

Sheet WF_AO_LM
A1: Verse Ref | B1: Autograph | C1: Apograph | D1: Exclusion Grounds | E1: Corrector Followed | F1: Apograph Corrected | G1: Basic Type | H1: Phrase Length | I1: Words Length | J1: Letters Length | K1: Speech Part Add/Omitted | L1: Visual Cues | M1: Cue Regions | N1: Cue Length | O1: Duplicate Material | P1: AO Word Frequency | Q1: Freq-per-10000 | R1: SUB Frequency Difference | S1: SUB_Aut_Freq | T1: SUB_Apog_Freq | U1: Harmonization - Context | V1: Parallel Present | W1: Harmonization - Parallel | X1: Singularity | Y1: Secondary | Z1: Minutiae | AA1: Orthographic - General | AB1: Mere Minutiae | AC1: Nonsense | AD1: Review | AE1: Oo.VI.9.8 | AF1: Barocci | AG1: Smith
A2: TLev.3.3 | B2: εκδικησιν εν τοις πνασι | C2: εκδικησιν τοις πνευμασι | G2: Omission | I2: 1 | J2: 2 | K2: Preposition | L2: NA | P2: 613 | Q2: 301.40623 | AE2: Yes | AF2: Yes | AH2: 1
A3: TLev.3.3 | B3: οι δε εις τον τεταρτον | C3: οι δε εις τεταρτον | G3: Omission | I3: 1 | J3: 3 | K3: Article | L3: Present | M3: BD:CD | N3: 3:3 | P3: 2475 | Q3: 1216.9338 | AE3: Yes | AF3: No | AH3: 1
A4: TLev.3.4 | B4: εν τω ανωτερω | C4: εν ανωτερω | G4: Omission | I4: 1 | J4: 2 | K4: Article | L4: NA | P4: 2475 | Q4: 1216.9338 | AE4: Yes | AF4: No | AH4: 1
A5: TLev.3.9 | B5: επιβλεψη κς | C5: επιβλεψη ο κυριος | G5: Addition | I5: 1 | J5: 1 | K5: Article | L5: NA | P5: 2475 | Q5: 1216.9338 | AE5: Yes | AF5: No | AH5: 1
A6: TLev.18.12 | B6: τεκνοις αυτου του πατειν | C6: τεκνοις αυτου πατειν | G6: Omission | I6: 1 | J6: 3 | K6: Article | L6: Present | M6: AB:AC | N6: 3:3 | P6: 2475 | Q6: 1216.9338 | AE6: Yes | AF6: No | AH6: 1
A7: TLev.19.1 | B7: η νομον κυ | C7: η τον νομον του κυριου | G7: Addition | I7: 1 | J7: 3 | K7: Article | L7: Absent | P7: 2475 | Q7: 1216.9338 | AE7: Yes | AF7: Yes | AH7: 1
A8: TLev.19.1 | B8: η νομον κυ | C8: η τον νομον του κυριου | G8: Addition | I8: 1 | J8: 3 | K8: Article | L8: Absent | P8: 2475 | Q8: 1216.9338 | AE8: Yes | AF8: No | AH8: 1
A9: TLev.19.1 | B9: εργα βελιαρ | C9: εργα του βελιαρ | G9: Addition | I9: 1 | J9: 3 | K9: Article | L9: Absent | P9: 2475 | Q9: 1216.9338 | AE9: Yes | AF9: Yes | AH9: 1
A10: TJud.21.6 | B10: ως θαλασσα | C10: ως η θαλασσα | G10: Addition | I10: 1 | J10: 1 | K10: Article | L10: NA | P10: 2475 | Q10: 1216.9338 | AE10: Yes | AF10: Yes | AH10: 1
A11: TJud.21.7 | B11: οτι οι βασιλευοντες | C11: οτι βασιλευοντες | G11: Omission | I11: 1 | J11: 2 | K11: Article | L11: NA | P11: 2475 | Q11: 1216.9338 | AE11: Yes | AF11: Yes | AH11: 1
A12: TJud.21.7 | B12: αγρους ποιμνια | C12: αγρους και ποιμνια | G12: Addition | I12: 1 | J12: 3 | K12: Conjunction | L12: Absent | P12: 1701 | Q12: 836.36542 | AE12: Yes | AF12: No | AH12: 1
A13: TJud.22.2 | B13: σριον ιηλ | C13: σωτηριον τω ισραηλ | G13: Addition | I13: 1 | J13: 2 | K13: Article | L13: NA | P13: 2475 | Q13: 1216.9338 | AE13: Yes | AF13: No | AH13: 1
A14: TJud.22.2 | B14: παντα τα εθνη | C14: παντα εθνη | G14: Omission | I14: 1 | J14: 2 | K14: Article | L14: NA | O14: Dittography | P14: 2475 | Q14: 1216.9338 | AE14: Yes | AF14: No | AH14: 1
A15: TJud.22.3 | B15: εως του αιωνος | C15: εως αιωνος | G15: Omission | I15: 1 | J15: 3 | K15: Article | L15: Absent | P15: 2475 | Q15: 1216.9338 | AE15: Yes | AF15: Yes | AH15: 1
A16: TJud.22.3 | B16: εως του αιωνος | C16: εως αιωνος | G16: Omission | I16: 1 | J16: 3 | K16: Article | L16: Absent | P16: 2475 | Q16: 1216.9338 | AE16: Yes | AF16: Yes | AH16: 1
A17: TDan.6.7 | B17: το δε ονομα | C17: το ονομα | G17: Omission | I17: 1 | J17: 2 | K17: Conjunction | L17: NA | P17: 171 | Q17: 84.079064 | AE17: Yes | AF17: No | AH17: 1
A18: TDan.6.10 | B18: νομου κυ (11) και θαψατε | C18: νομου του θεου (11) και θαψατε | G18: Addition | I18: 1 | J18: 3 | K18: Article | L18: Absent | P18: 2475 | Q18: 1216.9338 | AE18: Yes | AF18: No | AH18: 1
A19: TNaph.1.1 | B19: εν ετει εκατοστω τριακοστω δευτερω της ζωης αυτου | C19: εν ετει ρλ ζωης αυτου | G19: Omission | I19: 1 | J19: 3 | K19: Article | L19: Absent | P19: 2475 | Q19: 1216.9338 | AE19: Yes | AF19: Yes | AH19: 1
A20: TNaph.1.6 | B20: εποιησε ραχηλ | C20: εποιησεν η ραχηλ | G20: Addition | I20: 1 | J20: 1 | K20: Article | L20: NA | P20: 2475 | Q20: 1216.9338 | AE20: Yes | AF20: Yes | AH20: 1
A21: TNaph.1.8 | B21: πασιν ο ιωσηφ | C21: πασιν ιωσηφ | G21: Omission | I21: 1 | J21: 1 | K21: Article | L21: NA | P21: 2475 | Q21: 1216.9338 | AE21: Yes | AF21: Yes | AH21: 1
A22: TNaph.1.9 | B22: και η ραχηλ | C22: και ραχηλ | G22: Omission | I22: 1 | J22: 1 | K22: Article | L22: NA | P22: 2475 | Q22: 1216.9338 | AE22: Yes | AF22: No | AH22: 1
A23: TNaph.1.11 | B23: παιδισκην αυτου εις γυναικα | C23: παιδισκην αυτου γυναικα | G23: Omission | I23: 1 | J23: 3 | K23: Preposition | L23: Absent | P23: 210 | Q23: 103.25499 | AE23: Yes | AF23: No | AH23: 1
A24: TNaph.1.12 | B24: (11) ηχμαλωτευθη (12) εξ ης ετεκε | C24: (11) ηχμαλωτευθη (12) και εξης ετεκε | G24: Addition | I24: 1 | J24: 3 | K24: Conjunction | L24: Absent | P24: 1701 | Q24: 836.36542 | AE24: Yes | AF24: Yes | AH24: 1
A25: TNaph.2.1 | B25: τοις ποσι μου ως ελαφος | C25: τοις ποσιν ως ελαφος | G25: Omission | I25: 1 | J25: 3 | K25: Pronoun | L25: Absent | P25: 743 | Q25: 365.32599 | AE25: Yes | AF25: Yes | AH25: 1
A26: TNaph.2.10 | B26: (9) καιρου αυτου (10) οτι εαν ειπης τω οφθαλμω ακουσαι ου δυναται ουτως | C26: (9) καιρου αυτου (10) ου δυναται ουν οτι εαν ειπης τω οφθαλμω ακουσασαι ουτως | G26: Addition | I26: 1 | J26: 3 | K26: Conjunction | L26: Absent | P26: 86 | Q26: 42.285377 | AE26: Yes | AF26: Yes | AH26: 1
... A35: TNaph.5.5 | B35: και ιουδας | C35: και ο ιουδας | G35: Addition | I35: 1 | J35: 1 | K35: Article | L35: NA | P35: 2475 | Q35: 1216.9338 | AE35: Yes | AF35: Yes | AH35: 1
D40: Words in corpus (Genesis - Deuteronomy) | E40: 20338
D41: Med-word-freq | E41: =MEDIAN(Q:Q) -> 1216.9338
D44: HF-adds | E44: =COUNTIFS(G:G, "Addition", Q:Q, ">=" & $E$41) -> 9 | F44: just articles
D45: HF-omits | E45: =COUNTIFS(G:G, "Omission", Q:Q, ">=" & $E$41) -> 13
D46: HF-add-ratio | E46: =E44/(E44+E45) -> 0.40909091
D47: LF-adds | E47: =COUNTIFS(G:G, "Addition", Q:Q, "<" & $E$41) -> 3
D48: LF-omits | E48: =COUNTIFS(G:G, "Omission", Q:Q, "<" & $E$41) -> 9
D49: LF-add-ratio | E49: =E47/(E47+E48) -> 0.25
D52: art-adds | E52: =COUNTIFS(G:G, "Addition", K:K, "Article") -> 9
D53: art-omits | E53: =COUNTIFS(G:G, "Omission", K:K, "Article") -> 13
D54: art-add-rate | E54: =COUNTIFS(G:G, "Addition", K:K, "Article")/(COUNTIFS(G:G, "Addition", K:K, "Article") + COUNTIFS(G:G, "Omission", K:K, "Article")) -> 0.40909091

Sheet WF_AO_HM
A1: Verse Ref | B1: Autograph | C1: Apograph | D1: Exclusion Grounds | E1: Corrector Followed | F1: Apograph Corrected | G1: Basic Type | H1: Phrase Length | I1: Words Length | J1: Letters Length | K1: Speech Part Add/Omitted | L1: Visual Cues | M1: Cue Regions | N1: Cue Length | O1: Duplicate Material | P1: AO Word Frequency | Q1: Freq-per-10000 | R1: SUB Frequency Difference | S1: SUB_Aut_Freq | T1: SUB_Apog_Freq | U1: Harmonization - Context | V1: Parallel Present | W1: Harmonization - Parallel | X1: Singularity | Y1: Secondary | Z1: Minutiae | AA1: Orthographic - General | AB1: Mere Minutiae | AC1: Nonsense | AD1: Review | AE1: Oo.VI.9.8 | AF1: Barocci | AG1: Smith
A2: TLev.18.13 | B2: τοις τεκνοις | C2: τοις αγαπητοις τεκνοις | F2: Yes | G2: Addition | I2: 1 | J2: 9 | K2: Adjective | L2: Present | M2: AB:AC:BD:CD | N2: 4:4:4:4 | P2: 4 | Q2: 1.9667617 | AE2: No | AF2: No | AH2: 0
A3: TNaph.1.1 | B3: εν ετει εκατοστω τριακοστω δευτερω της ζωης αυτου | C3: εν ετει ρλ ζωης αυτου | G3: Omission | I3: 1 | J3: 7 | K3: Adjective | L3: Absent | P3: 13 | Q3: 6.3919756 | AE3: Yes | AF3: Yes | AH3: 1
A4: TNaph.1.10 | B4: γενους ην αβρααμ | C4: γενους αβρααμ | G4: Omission | I4: 1 | J4: 2 | K4: Verb | L4: NA | P4: 295 | Q4: 145.04868 | AE4: Yes | AF4: Yes | AH4: 1
A5: TNaph.2.10 | B5: ουδε εν σκοτει δυνησεσθε ποιησαι εργα φωτος | C5: ουδε εν σκοτεις ποιειν εργα φωτος | G5: Omission | I5: 1 | J5: 9 | K5: Verb | L5: Absent | P5: 18 | Q5: 8.8504278 | AE5: Yes | AF5: No | AH5: 1
D8: Words in corpus (Genesis - Deuteronomy) | E8: 20338
D9: Med-word-freq | E9: =MEDIAN(Q:Q) -> 7.6212017
D12: HF-adds | E12: =COUNTIFS(G:G, "Addition", Q:Q, ">=" & $E$9) -> 0 | F12: not enough data
D13: HF-omits | E13: =COUNTIFS(G:G, "Omission", Q:Q, ">=" & $E$9) -> 2
D14: HF-add-ratio | E14: =E12/(E12+E13) -> 0
D15: LF-adds | E15: =COUNTIFS(G:G, "Addition", Q:Q, "<" & $E$9) -> 1
D16: LF-omits | E16: =COUNTIFS(G:G, "Omission", Q:Q, "<" & $E$9) -> 1
D17: LF-add-ratio | E17: =E15/(E15+E16) -> 0.5
D18: AddRatioDiff | E18: =E14-E17 -> -0.5

Sheet WF_SUB
A1: Verse Ref | B1: Autograph | C1: Apograph | D1: Exclusion Grounds | E1: Corrector Followed | F1: Apograph Corrected | G1: Basic Type | H1: Phrase Length | I1: Words Length | J1: Letters Length | K1: Speech Part Add/Omitted | L1: Visual Cues | M1: Cue Regions | N1: Cue Length | O1: Duplicate Material | P1: AO Word Frequency | Q1: SUB Frequency Difference | R1: SUB_Aut_Freq | S1: SUB_Apog_Freq | T1: Aut_P10K_Freq | U1: Apog_P10K_Freq | V1: P10K_Freq_Diff | W1: Harmonization - Context | X1: Parallel Present | Y1: Harmonization - Parallel | Z1: Singularity | AA1: Secondary | AB1: Minutiae | AC1: Orthographic - General | AD1: Mere Minutiae | AE1: Nonsense | AF1: Review | AG1: Oo.VI.9.8 | AH1: Barocci | AI1: Smith
A2: TLev.4.1 | B2: οτι των πετρων | C2: οτε των πετρων | G2: Substitution - Word | Q2: -249 | R2: 280 | S2: 31 | T2: =IF(ISNUMBER(R2), (R2/$E$14)*10000, "") -> 137.67332 | U2: =IF(ISNUMBER(S2), (S2/$E$14)*10000, "") -> 15.242403 | V2: =IF(ISNUMBER(Q2), U2-T2, "") -> -122.43092 | AG2: Yes | AH2: No | AJ2: 1
A3: TLev.18.14 | B3: χαρισομαι | C3: χαρησομαι | G3: Substitution - Word | Q3: 7 | R3: 1 | S3: 8 | T3: =IF(ISNUMBER(R3), (R3/$E$14)*10000, "") -> 0.49169043 | U3: =IF(ISNUMBER(S3), (S3/$E$14)*10000, "") -> 3.9335235 | V3: =IF(ISNUMBER(Q3), U3-T3, "") -> 3.441833 | AG3: No | AH3: No | AJ3: 0
A4: TJud.22.3 | B4: βασιλειον μου και του σπερματος | C4: βασιλειον μου εκ του σπερματος | G4: Substitution - Word | Q4: -1622 | R4: 1701 | S4: 79 | T4: =IF(ISNUMBER(R4), (R4/$E$14)*10000, "") -> 836.36542 | U4: =IF(ISNUMBER(S4), (S4/$E$14)*10000, "") -> 38.843544 | V4: =IF(ISNUMBER(Q4), U4-T4, "") -> -797.52188 | AG4: Yes | AH4: Yes | AJ4: 1
A5: TDan.6.10 | B5: νομου κυ (11) και θαψατε | C5: νομου του θεου (11) και θαψατε | G5: Substitution - Word | Q5: -118 | R5: 250 | S5: 132 | T5: =IF(ISNUMBER(R5), (R5/$E$14)*10000, "") -> 122.92261 | U5: =IF(ISNUMBER(S5), (S5/$E$14)*10000, "") -> 64.903137 | V5: =IF(ISNUMBER(Q5), U5-T5, "") -> -58.019471 | AG5: Yes | AH5: Yes | AJ5: 1
A6: TNaph.1.6 | B6: ανθ εαυτης | C6: αντ αυτης | G6: Substitution - Word | Q6: 813 | R6: 17 | S6: 830 | T6: =IF(ISNUMBER(R6), (R6/$E$14)*10000, "") -> 8.3587373 | U6: =IF(ISNUMBER(S6), (S6/$E$14)*10000, "") -> 408.10306 | V6: =IF(ISNUMBER(Q6), U6-T6, "") -> 399.74432 | AG6: Yes | AH6: Yes | AJ6: 1
A7: TNaph.2.8 | B7: νεφρους | C7: νεφους | F7: Yes | G7: Substitution - Word | Q7: -1 | R7: 1 | S7: 0 | T7: =IF(ISNUMBER(R7), (R7/$E$14)*10000, "") -> 0.49169043 | U7: =IF(ISNUMBER(S7), (S7/$E$14)*10000, "") -> 0 | V7: =IF(ISNUMBER(Q7), U7-T7, "") -> -0.49169043 | AG7: Yes | AH7: No | AJ7: 1
A8: TNaph.3.4 | B8: ποιησαντα ταυτα παντα | C8: ποιησαντα τα παντα | G8: Substitution - Word | Q8: 2325 | R8: 150 | S8: 2475 | T8: =IF(ISNUMBER(R8), (R8/$E$14)*10000, "") -> 73.753565 | U8: =IF(ISNUMBER(S8), (S8/$E$14)*10000, "") -> 1216.9338 | V8: =IF(ISNUMBER(Q8), U8-T8, "") -> 1143.1803 | AG8: Yes | AH8: Yes | AJ8: 1
A9: TNaph.4.1 | B9: οτι ανεγνων | C9: οτι εγνων | G9: Substitution - Word | Q9: 26 | R9: 5 | S9: 31 | T9: =IF(ISNUMBER(R9), (R9/$E$14)*10000, "") -> 2.4584522 | U9: =IF(ISNUMBER(S9), (S9/$E$14)*10000, "") -> 15.242403 | V9: =IF(ISNUMBER(Q9), U9-T9, "") -> 12.783951 | AG9: Yes | AH9: Yes | AJ9: 1
A10: TNaph.5.7 | B10: φθασας γαρ ιωσηφ | C10: φθασας δε ιωσηφ | G10: Substitution - Word | Q10: -15 | R10: 186 | S10: 171 | T10: =IF(ISNUMBER(R10), (R10/$E$14)*10000, "") -> 91.45442 | U10: =IF(ISNUMBER(S10), (S10/$E$14)*10000, "") -> 84.079064 | V10: =IF(ISNUMBER(Q10), U10-T10, "") -> -7.3753565 | AG10: Yes | AH10: Yes | AJ10: 1
A11: TNaph.5.7 | B11: συνανηλθεν αυτω εις υψος (8) και ειδον | C11: συνηλθεν αυτω εις υψος εις υψος (8) και ειδον | G11: Substitution - Word | Q11: 3 | R11: 1 | S11: 4 | T11: =IF(ISNUMBER(R11), (R11/$E$14)*10000, "") -> 0.49169043 | U11: =IF(ISNUMBER(S11), (S11/$E$14)*10000, "") -> 1.9667617 | V11: =IF(ISNUMBER(Q11), U11-T11, "") -> 1.4750713 | AG11: Yes | AH11: Yes | AJ11: 1
D14: Words in corpus (Genesis - Deuteronomy) | E14: 20338
D17: pos | E17: =COUNTIF(Q:Q, ">0") -> 5
D18: neg | E18: =COUNTIF(Q:Q, "<0") -> 5
D19: p = | E19: =_xlfn.BINOM.DIST(MIN(E17,E18),(E17+E18),0.5,TRUE)*2 -> 1.2460938
D21: avg_diff | E21: =AVERAGE(Q:Q) -> 116.9
D22: stdv | E22: =_xlfn.STDEV.S(Q:Q) -> 979.66587
D25: avg_P10K_diff | E25: =AVERAGE(V:V) -> 57.478611
D26: P10K_stdv | E26: =_xlfn.STDEV.S(V:V) -> 481.69233
D29: total_subs | E29: =COUNT(V:V) -> 10
D30: std_dev | E30: =_xlfn.STDEV.P(V:V) -> 456.97347

Sheet Harmonization
A1: Verse Ref | B1: Autograph | C1: Apograph | D1: Exclusion Grounds | E1: Corrector Followed | F1: Apograph Corrected | G1: Detail | H1: Basic Type | I1: Phrase Length | J1: Words Length | K1: Letters Length | L1: Speech Part Add/Omitted | M1: Visual Cues | N1: Cue Regions | O1: Cue Length | P1: Duplicate Material | Q1: AO Word Frequency | R1: SUB Frequency Difference | S1: SUB_Aut_Freq | T1: SUB_Apog_Freq | U1: Harmonization - Context | V1: Harmonization_Direction | W1: Parallel Present | X1: Harmonization - Parallel | Y1: Singularity | Z1: Secondary | AA1: Minutiae | AB1: Orthographic - General | AC1: Mere Minutiae | AD1: Nonsense | AE1: Review | AF1: Oo.VI.9.8 | AG1: Barocci | AH1: Smith
A2: TNaph.2.4 | B2: ουτω και | C2: ουτως και | G2: the phrase ουτω και occurs 6x more in the near context (cf. v. 2), always without the sigma; apograph disharmonizes | H2: Substitution - Form | U2: Disharmonizing | V2: Both | AF2: Yes | AG2: No | AI2: 1
D5: Harmonizations | E5: =COUNTIF(U:U, "Harmonizing") -> 0
D6: Disharmonizations | E6: =COUNTIF(U:U, "Disharmonizing") -> 1
D7: Harm_Ratio | E7: =E5/(E5+E6) -> 0
E10: Directionality
E11: Forward | F11: Backward | G11: Both | H11: Total
D12: Harmonizations | E12: =COUNTIFS($U$2:$U$2,"Harmonizing",$V$2:$V$2,"forward") + COUNTIFS($U$2:$U$2,"Harmonizing",$V$2:$V$2,"both") -> 0 | F12: =COUNTIFS($U$2:$U$2,"Harmonizing",$V$2:$V$2,"backward") + COUNTIFS($U$2:$U$2,"Harmonizing",$V$2:$V$2,"both") -> 0 | G12: =COUNTIFS($U$2:$U$2,"Harmonizing",$V$2:$V$2,"both") -> 0 | H12: =COUNTIFS($U$2:$U$2,"Harmonizing",$V$2:$V$2,"both") + COUNTIFS($U$2:$U$2,"Harmonizing",$V$2:$V$2,"forward") + COUNTIFS($U$2:$U$2,"Harmonizing",$V$2:$V$2,"backward") -> 0
D13: Disharmonizations | E13: =COUNTIFS($U$2:$U$2,"Disharmonizing",$V$2:$V$2,"forward") + COUNTIFS($U$2:$U$2,"Disharmonizing",$V$2:$V$2,"both") -> 1 | F13: =COUNTIFS($U$2:$U$2,"Disharmonizing",$V$2:$V$2,"backward") + COUNTIFS($U$2:$U$2,"Disharmonizing",$V$2:$V$2,"both") -> 1 | G13: =COUNTIFS($U$2:$U$2,"Disharmonizing",$V$2:$V$2,"both") -> 1 | H13: =COUNTIFS($U$2:$U$2,"Disharmonizing",$V$2:$V$2,"both") + COUNTIFS($U$2:$U$2,"Disharmonizing",$V$2:$V$2,"forward") + COUNTIFS($U$2:$U$2,"Disharmonizing",$V$2:$V$2,"backward") -> 1
D14: Harm_Ratio | E14: =E12/(E12+E13) -> 0 | F14: =F12/(F12+F13) -> 0 | G14: =G12/(G12+G13) -> 0 | H14: =H12/(H12+H13) -> 0

Sheet Gen-filters_2
A1: Verse Ref | B1: Autograph | C1: Apograph | D1: Exclusion Grounds | E1: Corrector Followed | F1: Apograph Corrected | G1: Basic Type | H1: Phrase Length | I1: Words Length | J1: Letters Length | K1: Speech Part Add/Omitted | L1: Visual Cues | M1: Cue Regions | N1: Cue Length | O1: Duplicate Material | P1: AO Word Frequency | Q1: SUB Frequency Difference | R1: SUB_Aut_Freq | S1: SUB_Apog_Freq | T1: Harmonization - Context | U1: Parallel Present | V1: Harmonization - Parallel | W1: Singularity | X1: Secondary | Y1: Minutiae | Z1: Orthographic - General | AA1: Mere Minutiae | AB1: Nonsense | AC1: Review | AD1: Oo.VI.9.8 | AE1: Barocci | AF1: Smith
A2: TLev.3.3 | B2: οι δε εις τον τεταρτον | C2: οι δε εις τεταρτον | G2: Omission | I2: 1 | J2: 3 | K2: Article | L2: Present | M2: BD:CD | N2: 3:3 | P2: 2475 | AD2: Yes | AE2: No | AG2: 1
A3: TLev.3.4 | B3: εν τω ανωτερω | C3: εν ανωτερω | G3: Omission | I3: 1 | J3: 2 | K3: Article | L3: NA | P3: 2475 | AD3: Yes | AE3: No | AG3: 1
A4: TLev.3.9 | B4: επιβλεψη κς | C4: επιβλεψη ο κυριος | G4: Addition | I4: 1 | J4: 1 | K4: Article | L4: NA | P4: 2475 | AD4: Yes | AE4: No | AG4: 1
A5: TLev.4.1 | B5: οτι των πετρων | C5: οτε των πετρων | G5: Substitution - Word | Q5: -249 | R5: 280 | S5: 31 | AD5: Yes | AE5: No | AG5: 1
A6: TLev.18.12 | B6: τεκνοις αυτου του πατειν | C6: τεκνοις αυτου πατειν | G6: Omission | I6: 1 | J6: 3 | K6: Article | L6: Present | M6: AB:AC | N6: 3:3 | P6: 2475 | AD6: Yes | AE6: No | AG6: 1
A7: TLev.18.13 | B7: τοις τεκνοις | C7: τοις αγαπητοις τεκνοις | F7: Yes | G7: Addition | I7: 1 | J7: 9 | K7: Adjective | L7: Present | M7: AB:AC:BD:CD | N7: 4:4:4:4 | P7: 4 | AD7: No | AE7: No | AG7: 0
A8: TLev.18.14 | B8: χαρισομαι | C8: χαρησομαι | G8: Substitution - Word | Q8: 7 | R8: 1 | S8: 8 | AD8: No | AE8: No | AG8: 0
A9: TLev.19.1 | B9: η νομον κυ | C9: η τον νομον του κυριου | G9: Addition | I9: 1 | J9: 3 | K9: Article | L9: Absent | P9: 2475 | AD9: Yes | AE9: No | AG9: 1
A10: TLev.19.3 | B10: ειπωμεν | C10: ειπαμεν | G10: Substitution - Form | AD10: Yes | AE10: No | AG10: 1
A11: TJud.21.7 | B11: αγρους ποιμνια | C11: αγρους και ποιμνια | G11: Addition | I11: 1 | J11: 3 | K11: Conjunction | L11: Absent | P11: 1701 | AD11: Yes | AE11: No | AG11: 1
A12: TJud.21.7 | B12: (7) αρπασουσι (8) και πολλων σαρκας αδικως κορακας και ιβεις χορτασουσι και προκοψουσιν | C12: (7) αρπαζουσι (8) και προκοψουσιν | F12: Yes | G12: Substitution - Form | AD12: Yes | AE12: No | AG12: 1
A13: TJud.21.8 | B13: (7) αρπασουσι (8) και πολλων σαρκας αδικως κορακας και ιβεις χορτασουσι και προκοψουσιν | C13: (7) αρπαζουσι (8) και προκοψουσιν | F13: Yes | G13: Omission | I13: 8 | J13: 46 | L13: Present | M13: AC:BD | N13: 10:3 | P13: 1 | AD13: No | AE13: No | AG13: 0
A14: TJud.22.2 | B14: σριον ιηλ | C14: σωτηριον τω ισραηλ | G14: Addition | I14: 1 | J14: 2 | K14: Article | L14: NA | P14: 2475 | AD14: Yes | AE14: No | AG14: 1
A15: TJud.22.2 | B15: παντα τα εθνη | C15: παντα εθνη | G15: Omission | I15: 1 | J15: 2 | K15: Article | L15: NA | O15: Dittography | P15: 2475 | AD15: Yes | AE15: No | AG15: 1
A16: TDan.6.7 | B16: το δε ονομα | C16: το ονομα | G16: Omission | I16: 1 | J16: 2 | K16: Conjunction | L16: NA | P16: 171 | AD16: Yes | AE16: No | AG16: 1
A17: TDan.6.10 | B17: νομου κυ (11) και θαψατε | C17: νομου του θεου (11) και θαψατε | G17: Addition | I17: 1 | J17: 3 | K17: Article | L17: Absent | P17: 2475 | AD17: Yes | AE17: No | AG17: 1
A18: TNaph.1.3 | B18: μετα το εξυπνισθηναι | C18: μετα του εξυπνισθηναι | G18: Substitution - Form | AD18: Yes | AE18: No | AG18: 1
A19: TNaph.1.6 | B19: ιακωβ και επι των μηρων ραχηλ ετεκε με δια τουτο εκληθην νεφθαλειμ (7) και ηγαπησε με ραχηλ οτι επι των μηρων αυτης εγεννηθην | C19: ιακωβ και επι των μηρων (7) αυτης εγενηθην | F19: Yes | G19: Omission | I19: 15 | J19: 67 | L19: Present | M19: AC | N19: 12 | P19: 2 | AD19: No | AE19: No | AG19: 0
A20: TNaph.1.7 | B20: κατεφιλει | C20: καταφιλει | F20: Yes | G20: Substitution - Form | AD20: No | AE20: No | AG20: 0
A21: TNaph.1.9 | B21: και η ραχηλ | C21: και ραχηλ | G21: Omission | I21: 1 | J21: 1 | K21: Article | L21: NA | P21: 2475 | AD21: Yes | AE21: No | AG21: 1
A22: TNaph.1.11 | B22: παιδισκην αυτου εις γυναικα | C22: παιδισκην αυτου γυναικα | G22: Omission | I22: 1 | J22: 3 | K22: Preposition | L22: Absent | P22: 210 | AD22: Yes | AE22: No | AG22: 1
A23: TNaph.2.4 | B23: ουτω και | C23: ουτως και | G23: Substitution - Form | T23: Disharmonizing | AD23: Yes | AE23: No | AG23: 1
A24: TNaph.2.8 | B24: αισθησεις εν τη κεφαλη και τον τραχηλον συναπτει τη κεφαλη και τριχας | C24: αισθησεις τη κεφαλη και τριχας | G24: Omission | I24: 7 | J24: 32 | L24: Present | M24: AC:BD | N24: 3:12 | AD24: No | AE24: No | AG24: 0
A25: TNaph.2.8 | B25: νεφρους | C25: νεφους | F25: Yes | G25: Substitution - Word | Q25: -1 | R25: 1 | S25: 0 | AD25: Yes | AE25: No | AG25: 1
A26: TNaph.2.10 | B26: ουδε εν σκοτει δυνησεσθε ποιησαι εργα φωτος | C26: ουδε εν σκοτεις ποιειν εργα φωτος | G26: Omission | I26: 1 | J26: 9 | K26: Verb | L26: Absent | P26: 18 | AD26: Yes | AE26: No | AG26: 1
A27: TNaph.3.4 | B27: υμεις δε μη ουτως | C27: υμεις μη ουτως | G27: Omission | I27: 1 | J27: 2 | K27: Conjunction | L27: NA | P27: 171 | AD27: Yes | AE27: No | AG27: 1
A28: TNaph.4.2 | B28: εως αν αναλωση | C28: εως αναλωση | G28: Omission | I28: 1 | J28: 2 | K28: Particle | L28: NA | P28: 10 | AD28: Yes | AE28: No | AG28: 1
A29: TNaph.4.4 | B29: επιλαθωνται κυ και | C29: επιλαθωνται κυριον και | G29: Substitution - Form | AD29: Yes | AE29: No | AG29: 1
A30: TNaph.5.4 | B30: του λευι ως ηλιου | C30: του λευι εκρατησε τον ηλιον ως ηλιου | F30: Yes | G30: Addition | I30: 3 | J30: 16 | L30: Absent | O30: Repetition | P30: 9 | AD30: No | AE30: No | AG30: 0
A31: TNaph.5.6 | B31: θελοντες πιασαι αυτον ουκ ηδυνηθημεν | C31: θελοντες αυτον πιασαι ουκ ηδυνηθημεν | G31: Transposition | AD31: Yes | AE31: No | AG31: 1

Sheet AddOmits_2
A1: Verse Ref | B1: Autograph | C1: Apograph | D1: Exclusion Grounds | E1: Corrector Followed | F1: Apograph Corrected | G1: Basic Type | H1: Phrase Length | I1: Words Length | J1: Letters Length | K1: Speech Part Add/Omitted | L1: Visual Cues | M1: Cue Regions | N1: Cue Length | O1: Duplicate Material | P1: AO Word Frequency | Q1: Freq-per-10000 | R1: SUB Frequency Difference | S1: SUB_Aut_Freq | T1: SUB_Apog_Freq | U1: Harmonization - Context | V1: Parallel Present | W1: Harmonization - Parallel | X1: Singularity | Y1: Secondary | Z1: Minutiae | AA1: Orthographic - General | AB1: Mere Minutiae | AC1: Nonsense | AD1: Review | AE1: Oo.VI.9.8 | AF1: Barocci | AG1: Smith
A2: TLev.3.3 | B2: οι δε εις τον τεταρτον | C2: οι δε εις τεταρτον | G2: Omission | I2: 1 | J2: 3 | K2: Article | L2: Present | M2: BD:CD | N2: 3:3 | P2: 2475 | Q2: 1216.9338 | AE2: Yes | AF2: No | AH2: 1
A3: TLev.3.4 | B3: εν τω ανωτερω | C3: εν ανωτερω | G3: Omission | I3: 1 | J3: 2 | K3: Article | L3: NA | P3: 2475 | Q3: 1216.9338 | AE3: Yes | AF3: No | AH3: 1
A4: TLev.3.9 | B4: επιβλεψη κς | C4: επιβλεψη ο κυριος | G4: Addition | I4: 1 | J4: 1 | K4: Article | L4: NA | P4: 2475 | Q4: 1216.9338 | AE4: Yes | AF4: No | AH4: 1
A5: TLev.18.12 | B5: τεκνοις αυτου του πατειν | C5: τεκνοις αυτου πατειν | G5: Omission | I5: 1 | J5: 3 | K5: Article | L5: Present | M5: AB:AC | N5: 3:3 | P5: 2475 | Q5: 1216.9338 | AE5: Yes | AF5: No | AH5: 1
A6: TLev.18.13 | B6: τοις τεκνοις | C6: τοις αγαπητοις τεκνοις | F6: Yes | G6: Addition | I6: 1 | J6: 9 | K6: Adjective | L6: Present | M6: AB:AC:BD:CD | N6: 4:4:4:4 | P6: 4 | Q6: 1.9667617 | AE6: No | AF6: No | AH6: 0
A7: TLev.19.1 | B7: η νομον κυ | C7: η τον νομον του κυριου | G7: Addition | I7: 1 | J7: 3 | K7: Article | L7: Absent | P7: 2475 | Q7: 1216.9338 | AE7: Yes | AF7: No | AH7: 1
A8: TJud.21.7 | B8: αγρους ποιμνια | C8: αγρους και ποιμνια | G8: Addition | I8: 1 | J8: 3 | K8: Conjunction | L8: Absent | P8: 1701 | Q8: 836.36542 | AE8: Yes | AF8: No | AH8: 1
A9: TJud.21.8 | B9: (7) αρπασουσι (8) και πολλων σαρκας αδικως κορακας και ιβεις χορτασουσι και προκοψουσιν | C9: (7) αρπαζουσι (8) και προκοψουσιν | F9: Yes | G9: Omission | I9: 8 | J9: 46 | L9: Present | M9: AC:BD | N9: 10:3 | P9: 1 | Q9: 0.49169043 | AE9: No | AF9: No | AH9: 0
A10: TJud.22.2 | B10: σριον ιηλ | C10: σωτηριον τω ισραηλ | G10: Addition | I10: 1 | J10: 2 | K10: Article | L10: NA | P10: 2475 | Q10: 1216.9338 | AE10: Yes | AF10: No | AH10: 1
A11: TJud.22.2 | B11: παντα τα εθνη | C11: παντα εθνη | G11: Omission | I11: 1 | J11: 2 | K11: Article | L11: NA | O11: Dittography | P11: 2475 | Q11: 1216.9338 | AE11: Yes | AF11: No | AH11: 1
A12: TDan.6.7 | B12: το δε ονομα | C12: το ονομα | G12: Omission | I12: 1 | J12: 2 | K12: Conjunction | L12: NA | P12: 171 | Q12: 84.079064 | AE12: Yes | AF12: No | AH12: 1
A13: TDan.6.10 | B13: νομου κυ (11) και θαψατε | C13: νομου του θεου (11) και θαψατε | G13: Addition | I13: 1 | J13: 3 | K13: Article | L13: Absent | P13: 2475 | Q13: 1216.9338 | AE13: Yes | AF13: No | AH13: 1
A14: TNaph.1.6 | B14: ιακωβ και επι των μηρων ραχηλ ετεκε με δια τουτο εκληθην νεφθαλειμ (7) και ηγαπησε με ραχηλ οτι επι των μηρων αυτης εγεννηθην | C14: ιακωβ και επι των μηρων (7) αυτης εγενηθην | F14: Yes | G14: Omission | I14: 15 | J14: 67 | L14: Present | M14: AC | N14: 12 | P14: 2 | Q14: 0.98338086 | AE14: No | AF14: No | AH14: 0
A15: TNaph.1.9 | B15: και η ραχηλ | C15: και ραχηλ | G15: Omission | I15: 1 | J15: 1 | K15: Article | L15: NA | P15: 2475 | Q15: 1216.9338 | AE15: Yes | AF15: No | AH15: 1
A16: TNaph.1.11 | B16: παιδισκην αυτου εις γυναικα | C16: παιδισκην αυτου γυναικα | G16: Omission | I16: 1 | J16: 3 | K16: Preposition | L16: Absent | P16: 210 | Q16: 103.25499 | AE16: Yes | AF16: No | AH16: 1
A17: TNaph.2.8 | B17: αισθησεις εν τη κεφαλη και τον τραχηλον συναπτει τη κεφαλη και τριχας | C17: αισθησεις τη κεφαλη και τριχας | G17: Omission | I17: 7 | J17: 32 | L17: Present | M17: AC:BD | N17: 3:12 | AE17: No | AF17: No | AH17: 0
A18: TNaph.2.10 | B18: ουδε εν σκοτει δυνησεσθε ποιησαι εργα φωτος | C18: ουδε εν σκοτεις ποιειν εργα φωτος | G18: Omission | I18: 1 | J18: 9 | K18: Verb | L18: Absent | P18: 18 | Q18: 8.8504278 | AE18: Yes | AF18: No | AH18: 1
A19: TNaph.3.4 | B19: υμεις δε μη ουτως | C19: υμεις μη ουτως | G19: Omission | I19: 1 | J19: 2 | K19: Conjunction | L19: NA | P19: 171 | Q19: 84.079064 | AE19: Yes | AF19: No | AH19: 1
A20: TNaph.4.2 | B20: εως αν αναλωση | C20: εως αναλωση | G20: Omission | I20: 1 | J20: 2 | K20: Particle | L20: NA | P20: 10 | Q20: 4.9169043 | AE20: Yes | AF20: No | AH20: 1
A21: TNaph.5.4 | B21: του λευι ως ηλιου | C21: του λευι εκρατησε τον ηλιον ως ηλιου | F21: Yes | G21: Addition | I21: 3 | J21: 16 | L21: Absent | O21: Repetition | P21: 9 | Q21: 4.4252139 | AE21: No | AF21: No | AH21: 0
E24: adds: | F24: =COUNTIF(G:G,"Addition") -> 7
B25: LM | C25: HM | E25: omits: | F25: =COUNTIF(G:G,"Omission") -> 13
B26: Article | C26: Adjective | E26: Add rate: | F26: =F24/(F24+F25) -> 0.35
B27: Conjunction | C27: Adverb
B28: Pronoun | C28: Noun
B29: Preposition | C29: Participle | E29: LM-adds: | F29: =COUNTIFS(G:G,"Addition", K:K,"Article")+COUNTIFS(G:G,"Addition", K:K,"Conjunction")+COUNTIFS(G:G,"Addition", K:K,"Pronoun")+COUNTIFS(G:G,"Addition", K:K,"Preposition")+COUNTIFS(G:G,"Addition", K:K,"Particle")+COUNTIFS(G:G,"Addition", K:K,"Vocative") -> 5
B30: Particle | C30: Verb | E30: LM-omits: | F30: =COUNTIFS(G:G,"Omission", K:K,"Article")+COUNTIFS(G:G,"Omission", K:K,"Conjunction")+COUNTIFS(G:G,"Omission", K:K,"Pronoun")+COUNTIFS(G:G,"Omission", K:K,"Preposition")+COUNTIFS(G:G,"Omission", K:K,"Particle")+COUNTIFS(G:G,"Omission", K:K,"Vocative") -> 9
B31: Vocative | E31: LM-add rate: | F31: =F29/(F29+F30) -> 0.35714286
E34: HM-adds: | F34: =COUNTIFS(G:G,"Addition", K:K,"Adjective")+COUNTIFS(G:G,"Addition", K:K,"Adverb")+COUNTIFS(G:G,"Addition", K:K,"Noun")+COUNTIFS(G:G,"Addition", K:K,"Participle")+COUNTIFS(G:G,"Addition", K:K,"Verb") -> 1
E35: HM-omits: | F35: =COUNTIFS(G:G,"Omission", K:K,"Adjective")+COUNTIFS(G:G,"Omission", K:K,"Adverb")+COUNTIFS(G:G,"Omission", K:K,"Noun")+COUNTIFS(G:G,"Omission", K:K,"Participle")+COUNTIFS(G:G,"Omission", K:K,"Verb") -> 1
E36: HM-add rate: | F36: =F34/(F34+F35) -> 0.5
E37: Add ratio diff. | F37: =F36-F31 -> 0.14285714
D40: Cues
D41: Present | E41: Not | F41: % present
C42: Adds | D42: =COUNTIFS(G:G,"Addition", L:L, "Present") -> 1 | E42: =COUNTIFS(G:G,"Addition", L:L, "Absent") -> 4 | F42: =D42/(D42+E42) -> 0.2
C43: Omits | D43: =COUNTIFS(G:G,"Omission", L:L, "Present") -> 5 | E43: =COUNTIFS(G:G,"Omission", L:L, "Absent") -> 2 | F43: =D43/(D43+E43) -> 0.71428571
C44: Total | D44: =SUM(D42+D43) -> 6 | E44: =SUM(E42+E43) -> 6 | F44: =D44/(D44+E44) -> 0.5
D47: Adds | E47: Omits | F47: Add Ratio
C48: Cues Abs. | D48: =COUNTIFS(G:G,"Addition", L:L, "Absent") -> 4 | E48: =COUNTIFS(G:G,"Omission", L:L, "Absent") -> 2 | F48: =D48/(D48+E48) -> 0.66666667
C49: Cues Pres. | D49: =COUNTIFS(G:G,"Addition", L:L, "Present") -> 1 | E49: =COUNTIFS(G:G,"Omission", L:L, "Present") -> 5 | F49: =D49/(D49+E49) -> 0.16666667
E50: Diff.: | F50: =F49-F48 -> -0.5
D53: Adds | E53: Omits | F53: Add Ratio
C54: Non-ditt. | D54: =COUNTIFS(G:G,"Addition", O:O, "") -> 6 | E54: =COUNTIFS(G:G,"Omission", O:O, "") -> 12 | F54: =D54/(D54+E54) -> 0.33333333
C55: Ditt. | D55: =COUNTIFS(G:G,"Addition", O:O, "Dittography") -> 0 | E55: =COUNTIFS(G:G,"Omission", O:O, "Dittography") -> 1 | F55: =D55/(D55+E55) -> 0
E56: Diff.: | F56: =F55-F54 -> -0.33333333
C59: Length | D59: Adds | E59: Omits | F59: Add Ratio
C60: 1 | D60: =COUNTIFS(G:G,"Addition", I:I, 1) -> 6 | E60: =COUNTIFS(G:G,"Omission", I:I, 1) -> 10 | F60: =D60/(D60+E60) -> 0.375
C61: 2-3 | D61: =COUNTIFS(G:G,"Addition", I:I, ">=2", I:I, "<=3") -> 1 | E61: =COUNTIFS(G:G,"Omission", I:I, ">=2", I:I, "<=3") -> 0 | F61: =D61/(D61+E61) -> 1
C62: 4+ | D62: =COUNTIFS(G:G,"Addition", I:I, ">=4") -> 0 | E62: =COUNTIFS(G:G,"Omission", I:I, ">=4") -> 3 | F62: =D62/(D62+E62) -> 0
C65: Length | D65: Adds | E65: Omits | F65: AddRate
C66: 1 | D66: =COUNTIFS(G:G,"Addition", I:I, C66) -> 6 | E66: =COUNTIFS(G:G,"Omission", I:I, C66) -> 10 | F66: =D66/(D66+E66) -> 0.375
C67: 2 | D67: =COUNTIFS(G:G,"Addition", I:I, C67) -> 0 | E67: =COUNTIFS(G:G,"Omission", I:I, C67) -> 0 | F67: =D67/(D67+E67) -> #DIV/0!
C68: 3 | D68: =COUNTIFS(G:G,"Addition", I:I, C68) -> 1 | E68: =COUNTIFS(G:G,"Omission", I:I, C68) -> 0 | F68: =D68/(D68+E68) -> 1
C69: 4 | D69: =COUNTIFS(G:G,"Addition", I:I, C69) -> 0 | E69: =COUNTIFS(G:G,"Omission", I:I, C69) -> 0 | F69: =D69/(D69+E69) -> #DIV/0!
C70: >=5 | D70: =COUNTIFS(G:G,"Addition", I:I, C70) -> 0 | E70: =COUNTIFS(G:G,"Omission", I:I, C70) -> 3 | F70: =D70/(D70+E70) -> 0
E73: Words in corpus (Genesis - Deuteronomy) | F73: 20338

Sheet WF_AO_LM_2
A1: Verse Ref | B1: Autograph | C1: Apograph | D1: Exclusion Grounds | E1: Corrector Followed | F1: Apograph Corrected | G1: Basic Type | H1: Phrase Length | I1: Words Length | J1: Letters Length | K1: Speech Part Add/Omitted | L1: Visual Cues | M1: Cue Regions | N1: Cue Length | O1: Duplicate Material | P1: AO Word Frequency | Q1: Freq-per-10000 | R1: SUB Frequency Difference | S1: SUB_Aut_Freq | T1: SUB_Apog_Freq | U1: Harmonization - Context | V1: Parallel Present | W1: Harmonization - Parallel | X1: Singularity | Y1: Secondary | Z1: Minutiae | AA1: Orthographic - General | AB1: Mere Minutiae | AC1: Nonsense | AD1: Review | AE1: Oo.VI.9.8 | AF1: Barocci | AG1: Smith
A2: TLev.3.3 | B2: οι δε εις τον τεταρτον | C2: οι δε εις τεταρτον | G2: Omission | I2: 1 | J2: 3 | K2: Article | L2: Present | M2: BD:CD | N2: 3:3 | P2: 2475 | Q2: 1216.9338 | AE2: Yes | AF2: No | AH2: 1
A3: TLev.3.4 | B3: εν τω ανωτερω | C3: εν ανωτερω | G3: Omission | I3: 1 | J3: 2 | K3: Article | L3: NA | P3: 2475 | Q3: 1216.9338 | AE3: Yes | AF3: No | AH3: 1
A4: TLev.3.9 | B4: επιβλεψη κς | C4: επιβλεψη ο κυριος | G4: Addition | I4: 1 | J4: 1 | K4: Article | L4: NA | P4: 2475 | Q4: 1216.9338 | AE4: Yes | AF4: No | AH4: 1
A5: TLev.18.12 | B5: τεκνοις αυτου του πατειν | C5: τεκνοις αυτου πατειν | G5: Omission | I5: 1 | J5: 3 | K5: Article | L5: Present | M5: AB:AC | N5: 3:3 | P5: 2475 | Q5: 1216.9338 | AE5: Yes | AF5: No | AH5: 1
A6: TLev.19.1 | B6: η νομον κυ | C6: η τον νομον του κυριου | G6: Addition | I6: 1 | J6: 3 | K6: Article | L6: Absent | P6: 2475 | Q6: 1216.9338 | AE6: Yes | AF6: No | AH6: 1
A7: TJud.21.7 | B7: αγρους ποιμνια | C7: αγρους και ποιμνια | G7: Addition | I7: 1 | J7: 3 | K7: Conjunction | L7: Absent | P7: 1701 | Q7: 836.36542 | AE7: Yes | AF7: No | AH7: 1
A8: TJud.22.2 | B8: σριον ιηλ | C8: σωτηριον τω ισραηλ | G8: Addition | I8: 1 | J8: 2 | K8: Article | L8: NA | P8: 2475 | Q8: 1216.9338 | AE8: Yes | AF8: No | AH8: 1
A9: TJud.22.2 | B9: παντα τα εθνη | C9: παντα εθνη | G9: Omission | I9: 1 | J9: 2 | K9: Article | L9: NA | O9: Dittography | P9: 2475 | Q9: 1216.9338 | AE9: Yes | AF9: No | AH9: 1
A10: TDan.6.7 | B10: το δε ονομα | C10: το ονομα | G10: Omission | I10: 1 | J10: 2 | K10: Conjunction | L10: NA | P10: 171 | Q10: 84.079064 | AE10: Yes | AF10: No | AH10: 1
A11: TDan.6.10 | B11: νομου κυ (11) και θαψατε | C11: νομου του θεου (11) και θαψατε | G11: Addition | I11: 1 | J11: 3 | K11: Article | L11: Absent | P11: 2475 | Q11: 1216.9338 | AE11: Yes | AF11: No | AH11: 1
A12: TNaph.1.9 | B12: και η ραχηλ | C12: και ραχηλ | G12: Omission | I12: 1 | J12: 1 | K12: Article | L12: NA | P12: 2475 | Q12: 1216.9338 | AE12: Yes | AF12: No | AH12: 1
A13: TNaph.1.11 | B13: παιδισκην αυτου εις γυναικα | C13: παιδισκην αυτου γυναικα | G13: Omission | I13: 1 | J13: 3 | K13: Preposition | L13: Absent | P13: 210 | Q13: 103.25499 | AE13: Yes | AF13: No | AH13: 1
A14: TNaph.3.4 | B14: υμεις δε μη ουτως | C14: υμεις μη ουτως | G14: Omission | I14: 1 | J14: 2 | K14: Conjunction | L14: NA | P14: 171 | Q14: 84.079064 | AE14: Yes | AF14: No | AH14: 1
A15: TNaph.4.2 | B15: εως αν αναλωση | C15: εως αναλωση | G15: Omission | I15: 1 | J15: 2 | K15: Particle | L15: NA | P15: 10 | Q15: 4.9169043 | AE15: Yes | AF15: No | AH15: 1
D18: Words in corpus (Genesis - Deuteronomy) | E18: 20338
D19: Med-word-freq | E19: =MEDIAN(Q:Q) -> 1216.9338
D22: HF-adds | E22: =COUNTIFS(G:G, "Addition", Q:Q, ">=" & $E$19) -> 4 | F22: just articles
D23: HF-omits | E23: =COUNTIFS(G:G, "Omission", Q:Q, ">=" & $E$19) -> 5
D24: HF-add-ratio | E24: =E22/(E22+E23) -> 0.44444444
D25: LF-adds | E25: =COUNTIFS(G:G, "Addition", Q:Q, "<" & $E$19) -> 1
D26: LF-omits | E26: =COUNTIFS(G:G, "Omission", Q:Q, "<" & $E$19) -> 4
D27: LF-add-ratio | E27: =E25/(E25+E26) -> 0.2
D30: art-adds | E30: =COUNTIFS(G:G, "Addition", K:K, "Article") -> 4
D31: art-omits | E31: =COUNTIFS(G:G, "Omission", K:K, "Article") -> 5
D32: art-add-rate | E32: =COUNTIFS(G:G, "Addition", K:K, "Article")/(COUNTIFS(G:G, "Addition", K:K, "Article") + COUNTIFS(G:G, "Omission", K:K, "Article")) -> 0.44444444

Sheet WF_AO_HM_2
A1: Verse Ref | B1: Autograph | C1: Apograph | D1: Exclusion Grounds | E1: Corrector Followed | F1: Apograph Corrected | G1: Basic Type | H1: Phrase Length | I1: Words Length | J1: Letters Length | K1: Speech Part Add/Omitted | L1: Visual Cues | M1: Cue Regions | N1: Cue Length | O1: Duplicate Material | P1: AO Word Frequency | Q1: Freq-per-10000 | R1: SUB Frequency Difference | S1: SUB_Aut_Freq | T1: SUB_Apog_Freq | U1: Harmonization - Context | V1: Parallel Present | W1: Harmonization - Parallel | X1: Singularity | Y1: Secondary | Z1: Minutiae | AA1: Orthographic - General | AB1: Mere Minutiae | AC1: Nonsense | AD1: Review | AE1: Oo.VI.9.8 | AF1: Barocci | AG1: Smith
A2: TLev.18.13 | B2: τοις τεκνοις | C2: τοις αγαπητοις τεκνοις | F2: Yes | G2: Addition | I2: 1 | J2: 9 | K2: Adjective | L2: Present | M2: AB:AC:BD:CD | N2: 4:4:4:4 | P2: 4 | Q2: 1.9667617 | AE2: No | AF2: No | AH2: 0
A3: TNaph.2.10 | B3: ουδε εν σκοτει δυνησεσθε ποιησαι εργα φωτος | C3: ουδε εν σκοτεις ποιειν εργα φωτος | G3: Omission | I3: 1 | J3: 9 | K3: Verb | L3: Absent | P3: 18 | Q3: 8.8504278 | AE3: Yes | AF3: No | AH3: 1
D6: Words in corpus (Genesis - Deuteronomy) | E6: 20338
D7: Med-word-freq | E7: =MEDIAN(Q:Q) -> 5.4085947
D10: HF-adds | E10: =COUNTIFS(G:G, "Addition", Q:Q, ">=" & $E$7) -> 0 | F10: not enough data
D11: HF-omits | E11: =COUNTIFS(G:G, "Omission", Q:Q, ">=" & $E$7) -> 1
D12: HF-add-ratio | E12: =E10/(E10+E11) -> 0
D13: LF-adds | E13: =COUNTIFS(G:G, "Addition", Q:Q, "<" & $E$7) -> 1
D14: LF-omits | E14: =COUNTIFS(G:G, "Omission", Q:Q, "<" & $E$7) -> 0
D15: LF-add-ratio | E15: =E13/(E13+E14) -> 1
D16: AddRatioDiff | E16: =E12-E15 -> -1

Sheet WF_SUB_2
A1: Verse Ref | B1: Autograph | C1: Apograph | D1: Exclusion Grounds | E1: Corrector Followed | F1: Apograph Corrected | G1: Basic Type | H1: Phrase Length | I1: Words Length | J1: Letters Length | K1: Speech Part Add/Omitted | L1: Visual Cues | M1: Cue Regions | N1: Cue Length | O1: Duplicate Material | P1: AO Word Frequency | Q1: SUB Frequency Difference | R1: SUB_Aut_Freq | S1: SUB_Apog_Freq | T1: Aut_P10K_Freq | U1: Apog_P10K_Freq | V1: P10K_Freq_Diff | W1: Harmonization - Context | X1: Parallel Present | Y1: Harmonization - Parallel | Z1: Singularity | AA1: Secondary | AB1: Minutiae | AC1: Orthographic - General | AD1: Mere Minutiae | AE1: Nonsense | AF1: Review | AG1: Oo.VI.9.8 | AH1: Barocci | AI1: Smith
A2: TLev.4.1 | B2: οτι των πετρων | C2: οτε των πετρων | G2: Substitution - Word | Q2: -249 | R2: 280 | S2: 31 | T2: 137.67332 | U2: 15.242403 | V2: -122.43092 | AG2: Yes | AH2: No | AJ2: 1
A3: TLev.18.14 | B3: χαρισομαι | C3: χαρησομαι | G3: Substitution - Word | Q3: 7 | R3: 1 | S3: 8 | T3: 0.49169043 | U3: 3.9335235 | V3: 3.441833 | AG3: No | AH3: No | AJ3: 0
A4: TNaph.2.8 | B4: νεφρους | C4: νεφους | F4: Yes | G4: Substitution - Word | Q4: -1 | R4: 1 | S4: 0 | T4: 0.49169043 | U4: 0 | V4: -0.49169043 | AG4: Yes | AH4: No | AJ4: 1
D7: Words in corpus (Genesis - Deuteronomy) | E7: 20338
D10: pos | E10: =COUNTIF(Q:Q, ">0") -> 1
D11: neg | E11: =COUNTIF(Q:Q, "<0") -> 2
D12: p = | E12: =_xlfn.BINOM.DIST(MIN(E10,E11),(E10+E11),0.5,TRUE)*2 -> 1
D14: avg_diff | E14: =AVERAGE(Q:Q) -> -81
D15: stdv | E15: =_xlfn.STDEV.S(Q:Q) -> 145.54724
D18: avg_P10K_diff | E18: =AVERAGE(V:V) -> -39.826925
D19: P10K_stdv | E19: =_xlfn.STDEV.S(V:V) -> 71.564187
D22: total_subs | E22: =COUNT(V:V) -> 3
D23: std_dev | E23: =_xlfn.STDEV.P(V:V) -> 58.431914

Sheet Harmonization_2
A1: Verse Ref | B1: Autograph | C1: Apograph | D1: Exclusion Grounds | E1: Corrector Followed | F1: Apograph Corrected | G1: Detail | H1: Basic Type | I1: Phrase Length | J1: Words Length | K1: Letters Length | L1: Speech Part Add/Omitted | M1: Visual Cues | N1: Cue Regions | O1: Cue Length | P1: Duplicate Material | Q1: AO Word Frequency | R1: SUB Frequency Difference | S1: SUB_Aut_Freq | T1: SUB_Apog_Freq | U1: Harmonization - Context | V1: Harmonization_Direction | W1: Parallel Present | X1: Harmonization - Parallel | Y1: Singularity | Z1: Secondary | AA1: Minutiae | AB1: Orthographic - General | AC1: Mere Minutiae | AD1: Nonsense | AE1: Review | AF1: Oo.VI.9.8 | AG1: Barocci | AH1: Smith
A2: TNaph.2.4 | B2: ουτω και | C2: ουτως και | G2: the phrase ουτω και occurs 6x more in the near context (cf. v. 2), always without the sigma; apograph disharmonizes | H2: Substitution - Form | U2: Disharmonizing | V2: Both | AF2: Yes | AG2: No | AI2: 1
D5: Harmonizations | E5: =COUNTIF(U:U, "Harmonizing") -> 0
D6: Disharmonizations | E6: =COUNTIF(U:U, "Disharmonizing") -> 1
D7: Harm_Ratio | E7: =E5/(E5+E6) -> 0
E10: Directionality
E11: Forward | F11: Backward | G11: Both | H11: Total
D12: Harmonizations | E12: =COUNTIFS($U$2:$U$2,"Harmonizing",$V$2:$V$2,"forward") + COUNTIFS($U$2:$U$2,"Harmonizing",$V$2:$V$2,"both") -> 0 | F12: =COUNTIFS($U$2:$U$2,"Harmonizing",$V$2:$V$2,"backward") + COUNTIFS($U$2:$U$2,"Harmonizing",$V$2:$V$2,"both") -> 0 | G12: =COUNTIFS($U$2:$U$2,"Harmonizing",$V$2:$V$2,"both") -> 0 | H12: =COUNTIFS($U$2:$U$2,"Harmonizing",$V$2:$V$2,"both") + COUNTIFS($U$2:$U$2,"Harmonizing",$V$2:$V$2,"forward") + COUNTIFS($U$2:$U$2,"Harmonizing",$V$2:$V$2,"backward") -> 0
D13: Disharmonizations | E13: =COUNTIFS($U$2:$U$2,"Disharmonizing",$V$2:$V$2,"forward") + COUNTIFS($U$2:$U$2,"Disharmonizing",$V$2:$V$2,"both") -> 1 | F13: =COUNTIFS($U$2:$U$2,"Disharmonizing",$V$2:$V$2,"backward") + COUNTIFS($U$2:$U$2,"Disharmonizing",$V$2:$V$2,"both") -> 1 | G13: =COUNTIFS($U$2:$U$2,"Disharmonizing",$V$2:$V$2,"both") -> 1 | H13: =COUNTIFS($U$2:$U$2,"Disharmonizing",$V$2:$V$2,"both") + COUNTIFS($U$2:$U$2,"Disharmonizing",$V$2:$V$2,"forward") + COUNTIFS($U$2:$U$2,"Disharmonizing",$V$2:$V$2,"backward") -> 1
D14: Harm_Ratio | E14: =E12/(E12+E13) -> 0 | F14: =F12/(F12+F13) -> 0 | G14: =G12/(G12+G13) -> 0 | H14: =H12/(H12+H13) -> 0

Sheet Gen-Error-Rates
A1: Words copied | B1: 1711
A2: Raw Errors | B2: =COUNTA('Unfiltered Data'!A:A) - 1 -> 113
A3: Variants | B3: =COUNTA('Gen-filters'!A:A) - 1 -> 68
A5: Raw PKW Error Rate | B5: =(B2/B1)*1000 -> 66.04325
A6: PKW Meaningful Error Rate | B6: =(B3/B1)*1000 -> 39.74284

Sheet Corrections
A2: Correction Readings Followed
A3: Yes | B3: =COUNTIF('Unfiltered Data'!G:G, "Yes") -> 1
A4: No | B4: =COUNTIF('Unfiltered Data'!G:G, "No") -> 0
A5: % Yes | B5: =B3/SUM(B3:B4) -> 1
A8: Variant Corrected
B9: Count | C9: % of Variants | D9: Proportion of "Corrections"
A10: Yes | B10: =COUNTIF('Unfiltered Data'!H:H, "Yes") -> 28 | C10: =B10/'Gen-Error-Rates'!$B$2 -> 0.24778761 | D10: =B10/SUM($B$10:$B$12) -> 0.90322581
A11: Partially | B11: =COUNTIF('Unfiltered Data'!H:H, "Yes, partially") -> 2 | C11: =B11/'Gen-Error-Rates'!$B$2 -> 0.017699115 | D11: =B11/SUM($B$10:$B$12) -> 0.064516129
A12: To Other Variant | B12: =COUNTIF('Unfiltered Data'!H:H, "Yes, to another error") -> 1 | C12: =B12/'Gen-Error-Rates'!$B$2 -> 0.0088495575 | D12: =B12/SUM($B$10:$B$12) -> 0.032258065

Sheet Data Regularization
A1: Exclusion grounds | B1: Corrector followed | C1: Apograph corrected | D1: Basic Type | E1: Speech part add/omitted | F1: Visual Cues | G1: Duplicate Material | H1: Harmonization - Context | I1: Harmonization_Direction | J1: Parallel Present | K1: Harmonization - Parallel | L1: Singularity | M1: Secondary | N1: Minutiae | O1: Mere Minutiae | P1: Nonsense | Q1: Review
A3: Autograph unclear | B3: Yes | C3: Yes | D3: Addition | E3: Adjective | F3: Present | G3: Dittography | H3: Harmonizing | I3: Forward | J3: Yes | K3: Harmonizing | L3: Singular | M3: Yes | N3: Itacism | O3: Yes | P3: Generated - strict | Q3: Yes
A4: Autograph unclear (but clear enough) | B4: Yes, but still an error | C4: Yes, partially | D4: Omission | E4: Article | F4: Absent | G4: Repetition | H4: Disharmonizing | I4: Backward | J4: No | K4: Disharmonizing | L4: Pseudo-singular | M4: No | N4: Movable ν | O4: No | P4: Generated - contextual | Q4: No
A5: Autograph unclear (Apograph reading likely) | B5: No | C5: Yes, to another error | D5: Substitution - Word | E5: Adverb | F5: NA | I5: Both | L5: Non-singular | N5: Iota Adscript | P5: Removed - strict
A6: Apograph unclear | C6: No | D6: Substitution - Form | E6: Conjunction | N6: Iota Subscript | P6: Removed - contextual
A7: Apograph unclear (but clear enough) | D7: Substitution - Both | E7: Compound word | N7: Name Spelling
A8: Apograph unclear (Autograph reading likely) | D8: Transposition | E8: Noun | N8: Abbreviation
A9: Apograph corrected | D9: Multiple | E9: Pronoun | N9: Breathings
A10: Damage to autograph | D10: Unclear due to correction | E10: Preposition | N10: Accents
A11: Marked Regularization? | E11: Participle | N11: Punctuation
A12: Below word level | E12: Particle | N12: Contraction
A13: Autograph transcript error, but still a variant | E13: Verb | N13: AltForm
A14: Apograph transcript error, but still a variant | E14: Vocative
A15: Both transcripts in error, but still a variant
A16: Not a variant: autograph transcript error
A17: Not a variant: apograph transcript error
A18: Not a variant: error in both transcripts
A19: Not a variant, but correction is
A20: Dependent variant
A21: Other
